ID,Storm_Name,Year,Tier,Overall,Category,peak_wind_mph,min_pressure_mb,ace,duration_hours,fatalities,wind_pct,pres_pct,ace_pct,dur_pct,fat_pct,image_url
AL131998,MITCH,1998,Elite,99,5,178,905,41.04,432,11374,99.6,99.5,98.1,99,99.6,https://thumb.wikimedia.org/wikipedia/commons/thumb/d/d8/Mitch_1998-10-26_1845Z.png/1280px-Mitch_1998-10-26_1845Z.png?utm_source=en.wikipedia.org&utm_campaign=api&utm_content=thumbnail
AL152017,MARIA,2017,Elite,99,5,173,908,46.14,372,3059,99.4,99.4,98.8,97.9,97,https://thumb.wikimedia.org/wikipedia/commons/thumb/b/bc/Maria_2017-09-20_0238Z_%28Coastline-less%29.jpg/1280px-Maria_2017-09-20_0238Z_%28Coastline-less%29.jpg?utm_source=en.wikipedia.org&utm_campaign=api&utm_content=thumbnail
AL041928,Okeechobee Hurricane,1928,Elite,98,5,161,929,49.13,336,4112,98,97.1,99,96,98.7,https://thumb.wikimedia.org/wikipedia/commons/thumb/8/8e/1928_Okeechobee_hurricane_weather_map%2C_September_13%2C_1928_%283208887%29.jpg/1280px-1928_Okeechobee_hurricane_weather_map%2C_September_13%2C_1928_%283208887%29.jpg?utm_source=en.wikipedia.org&utm_campaign=imageinfo&utm_content=thumbnail
AL091966,INEZ,1966,Elite,98,5,161,927,51.48,390,1269,98.4,97.8,99.2,98.4,94.8,https://upload.wikimedia.org/wikipedia/commons/d/d3/InezInGulf1966.jpg?utm_source=en.wikipedia.org&utm_campaign=api&utm_content=thumbnail_unscaled
AL091979,DAVID,1979,Elite,98,5,173,924,45.52,306,2078,99.2,98.3,98.7,93.8,96.1,https://thumb.wikimedia.org/wikipedia/commons/thumb/8/8e/David_1979-08-31_1500Z.png/1280px-David_1979-08-31_1500Z.png?utm_source=en.wikipedia.org&utm_campaign=api&utm_content=thumbnail
AL061938,New England Hurricane,1938,Elite,97,5,161,940,41.8,300,682,98.3,93.6,98.2,93.2,92.6,https://thumb.wikimedia.org/wikipedia/commons/thumb/e/e8/1938_New_England_hurricane_weather_map_9-21-1938_%28high_quality%29_%286609126%29.jpg/1280px-1938_New_England_hurricane_weather_map_9-21-1938_%28high_quality%29_%286609126%29.jpg?utm_source=en.wikipedia.org&utm_campaign=imageinfo&utm_content=thumbnail
AL142016,MATTHEW,2016,Elite,97,5,167,934,52.03,276,731,99,96,99.3,90.7,93.1,https://thumb.wikimedia.org/wikipedia/commons/thumb/1/12/Matthew_2016-10-01_0225Z.png/1280px-Matthew_2016-10-01_0225Z.png?utm_source=en.wikipedia.org&utm_campaign=api&utm_content=thumbnail
AL052019,DORIAN,2019,Elite,97,5,184,910,51.88,366,161,99.8,99.3,99.2,97.6,82.3,https://thumb.wikimedia.org/wikipedia/commons/thumb/7/7f/Dorian_2019-09-01_1641Z.jpg/1280px-Dorian_2019-09-01_1641Z.jpg?utm_source=en.wikipedia.org&utm_campaign=api&utm_content=thumbnail
AL041980,ALLEN,1980,Elite,96,5,190,899,52.28,222,281,100,99.7,99.3,82.4,87.9,https://thumb.wikimedia.org/wikipedia/commons/thumb/c/c4/Allen_1980-08-07_1600Z.png/1280px-Allen_1980-08-07_1600Z.png?utm_source=en.wikipedia.org&utm_campaign=api&utm_content=thumbnail
AL092004,IVAN,2004,Elite,96,5,167,910,71.12,492,124,98.7,99.4,99.9,99.4,80.1,https://thumb.wikimedia.org/wikipedia/commons/thumb/e/ed/Ivan_2004-09-13_1900Z_%28alternate%29.jpg/1280px-Ivan_2004-09-13_1900Z_%28alternate%29.jpg?utm_source=en.wikipedia.org&utm_campaign=api&utm_content=thumbnail
AL112017,IRMA,2017,Elite,96,5,178,914,64.89,306,134,99.5,99.1,99.8,94,81.4,https://thumb.wikimedia.org/wikipedia/commons/thumb/2/2d/Irma_2017-09-06_1230Z.jpg/1280px-Irma_2017-09-06_1230Z.jpg?utm_source=en.wikipedia.org&utm_campaign=api&utm_content=thumbnail
AL091969,CAMILLE,1969,Elite,95,5,173,900,23.32,198,348,99.4,99.6,89.7,77.6,88.7,https://upload.wikimedia.org/wikipedia/commons/d/df/Hurricane_Camille_16_aug_1969_2340Z.jpg?utm_source=en.wikipedia.org&utm_campaign=api&utm_content=thumbnail_unscaled
AL111989,HUGO,1989,Elite,95,5,161,918,44.41,330,174,98.2,98.8,98.5,95.6,84,https://thumb.wikimedia.org/wikipedia/commons/thumb/b/b6/Hugo_1989-09-15_2000Z.png/1280px-Hugo_1989-09-15_2000Z.png?utm_source=en.wikipedia.org&utm_campaign=api&utm_content=thumbnail
AL132003,ISABEL,2003,Elite,95,5,167,915,63.4,318,69,98.7,99,99.7,95,73.2,https://thumb.wikimedia.org/wikipedia/commons/thumb/2/27/Isabel_2003-09-11_1720Z.jpg/1280px-Isabel_2003-09-11_1720Z.jpg?utm_source=en.wikipedia.org&utm_campaign=api&utm_content=thumbnail
AL122005,KATRINA,2005,Elite,94,5,173,902,20.01,138,1392,99,99.6,86.4,62.2,95.2,https://thumb.wikimedia.org/wikipedia/commons/thumb/a/af/Katrina_2005-08-28_1700Z.jpg/1280px-Katrina_2005-08-28_1700Z.jpg?utm_source=en.wikipedia.org&utm_campaign=api&utm_content=thumbnail
AL252005,WILMA,2005,Elite,94,5,184,882,39.99,228,52,99.9,100,97.6,83.6,70.1,https://thumb.wikimedia.org/wikipedia/commons/thumb/2/24/Wilma_2005-10-19_1345Z.png/1280px-Wilma_2005-10-19_1345Z.png?utm_source=en.wikipedia.org&utm_campaign=api&utm_content=thumbnail
AL022024,BERYL,2024,Elite,94,5,167,932,34.46,234,73,98.8,96.3,96.3,85.1,74,https://thumb.wikimedia.org/wikipedia/commons/thumb/b/bd/Beryl_2024-07-02_1230Z.jpg/1280px-Beryl_2024-07-02_1230Z.jpg?utm_source=en.wikipedia.org&utm_campaign=api&utm_content=thumbnail
AL041992,ANDREW,1992,Elite,93,5,173,922,28.45,228,65,99.3,98.4,93.8,83.8,72.7,https://thumb.wikimedia.org/wikipedia/commons/thumb/e/e2/Andrew_1992-08-23_1801Z.png/1280px-Andrew_1992-08-23_1801Z.png?utm_source=en.wikipedia.org&utm_campaign=api&utm_content=thumbnail
AL182005,RITA,2005,Elite,93,5,178,895,25.15,150,120,99.7,99.7,91,66.9,79.7,https://thumb.wikimedia.org/wikipedia/commons/thumb/6/6d/Rita_2005-09-21_1915Z.jpg/1280px-Rita_2005-09-21_1915Z.jpg?utm_source=en.wikipedia.org&utm_campaign=api&utm_content=thumbnail
AL142018,MICHAEL,2018,Elite,93,5,161,919,17.83,198,105,98,98.6,84.4,78.7,77.9,https://thumb.wikimedia.org/wikipedia/commons/thumb/a/a4/Michael_2018-10-10_1732Z.jpg/1280px-Michael_2018-10-10_1732Z.jpg?utm_source=en.wikipedia.org&utm_campaign=api&utm_content=thumbnail
AL041932,1932 Bahamas Hurricane,1932,Elite,92,5,161,,48.47,414,,98.1,99,98.9,98.7,50,https://thumb.wikimedia.org/wikipedia/commons/thumb/5/54/1932_Atlantic_hurricane_season_summary_map_new.png/1280px-1932_Atlantic_hurricane_season_summary_map_new.png?utm_source=en.wikipedia.org&utm_campaign=api&utm_content=thumbnail
AL141932,1932 Cuba Hurricane,1932,Elite,92,5,173,918,60.76,336,,99.1,98.7,99.7,96,50,https://thumb.wikimedia.org/wikipedia/commons/thumb/5/54/1932_Atlantic_hurricane_season_summary_map_new.png/1280px-1932_Atlantic_hurricane_season_summary_map_new.png?utm_source=en.wikipedia.org&utm_campaign=api&utm_content=thumbnail
AL092022,IAN,2022,Elite,92,5,161,937,17.72,168,161,97.8,95.4,84,71.7,82.7,https://thumb.wikimedia.org/wikipedia/commons/thumb/8/82/Ian_2022-09-28_1256Z.jpg/1280px-Ian_2022-09-28_1256Z.jpg?utm_source=en.wikipedia.org&utm_campaign=api&utm_content=thumbnail
AL052025,ERIN,2025,Elite,92,5,161,913,39.82,396,,97.9,99.2,97.5,98.6,50,https://thumb.wikimedia.org/wikipedia/commons/thumb/6/63/Erin_2025-08-16_1830Z.jpg/1280px-Erin_2025-08-16_1830Z.jpg?utm_source=en.wikipedia.org&utm_campaign=api&utm_content=thumbnail
AL131967,BEULAH,1967,Elite,91,5,161,923,40.14,342,,98.5,98.3,97.6,96.5,50,https://upload.wikimedia.org/wikipedia/commons/9/98/Hurricane_Beulah.jpg?utm_source=en.wikipedia.org&utm_campaign=api&utm_content=thumbnail_unscaled
AL132023,LEE,2023,Elite,91,5,167,926,39.36,312,,98.8,97.8,97.4,94.6,50,https://thumb.wikimedia.org/wikipedia/commons/thumb/d/db/Lee_2023-09-08_0520Z_%28Nighttime_Visible_Imagery%29.jpg/1280px-Lee_2023-09-08_0520Z_%28Nighttime_Visible_Imagery%29.jpg?utm_source=en.wikipedia.org&utm_campaign=api&utm_content=thumbnail
AL132025,MELISSA,2025,Elite,91,5,190,892,36.24,264,,99.9,99.8,96.6,88.9,50,https://thumb.wikimedia.org/wikipedia/commons/thumb/2/2f/Melissa_2025-10-28_1200z.png/1280px-Melissa_2025-10-28_1200z.png?utm_source=en.wikipedia.org&utm_campaign=api&utm_content=thumbnail
AL031899,San Ciriaco Hurricane,1899,Elite,90,4,150,930,78.02,786,3433,96,96.9,100,100,98.3,https://thumb.wikimedia.org/wikipedia/commons/thumb/2/2f/1899_San_Ciriaco_hurricane_track.png/1280px-1899_San_Ciriaco_hurricane_track.png?utm_source=en.wikipedia.org&utm_campaign=imageinfo&utm_content=thumbnail
AL011900,Galveston Hurricane,1900,Elite,90,4,144,936,27.62,474,8000,95,95.4,93.2,99.3,99.1,https://upload.wikimedia.org/wikipedia/commons/a/a6/Galveston_hurricane_track%2C_Sept_1-10%2C_1900.jpg?utm_source=en.wikipedia.org&utm_campaign=imageinfo&utm_content=thumbnail_unscaled
AL031935,Labor Day Hurricane,1935,Elite,90,5,184,892,30.79,252,,99.8,99.9,95,87.8,50,https://thumb.wikimedia.org/wikipedia/commons/thumb/5/51/Labor_Day_hurricane_weather_analysis_%28Enlarged%29%2C_Sep_2%2C_1935.jpg/1280px-Labor_Day_hurricane_weather_analysis_%28Enlarged%29%2C_Sep_2%2C_1935.jpg?utm_source=en.wikipedia.org&utm_campaign=imageinfo&utm_content=thumbnail
AL141954,HAZEL,1954,Elite,90,4,132,938,35.91,300,1192,91.5,94.5,96.6,93.4,94.4,https://thumb.wikimedia.org/wikipedia/commons/thumb/c/c1/Hurricane_Hazel_weather_map_%28enlarged%29%2C_October_15%2C_1954_%28632228990%29.jpg/1280px-Hurricane_Hazel_weather_map_%28enlarged%29%2C_October_15%2C_1954_%28632228990%29.jpg?utm_source=en.wikipedia.org&utm_campaign=api&utm_content=thumbnail
AL051960,DONNA,1960,Elite,90,4,144,930,50.84,336,439,95.3,96.8,99.1,96.2,89.6,https://upload.wikimedia.org/wikipedia/commons/b/b8/Hurricane_Donna.jpg?utm_source=en.wikipedia.org&utm_campaign=api&utm_content=thumbnail_unscaled
AL051964,CLEO,1964,Elite,90,4,150,938,38.22,456,156,96.2,95,97.2,99.3,81.8,https://upload.wikimedia.org/wikipedia/commons/d/d3/Hurricane_Cleo_23_August_1964_TIROS_VIII.png?utm_source=en.wikipedia.org&utm_campaign=api&utm_content=thumbnail_unscaled
AL071998,GEORGES,1998,Elite,90,4,155,937,39.37,306,615,97.6,95.2,97.4,93.6,92.2,https://thumb.wikimedia.org/wikipedia/commons/thumb/f/f9/Georges_1998-09-19_1645Z.png/1280px-Georges_1998-09-19_1645Z.png?utm_source=en.wikipedia.org&utm_campaign=api&utm_content=thumbnail
AL092008,IKE,2008,Elite,90,4,144,935,40.14,336,214,94.7,95.7,97.7,95.9,85.3,https://thumb.wikimedia.org/wikipedia/commons/thumb/4/46/Ike_2008-09-04_1440Z.jpg/1280px-Ike_2008-09-04_1440Z.jpg?utm_source=en.wikipedia.org&utm_campaign=api&utm_content=thumbnail
AL142024,MILTON,2024,Elite,90,5,178,895,24.14,144,45,99.6,99.8,90.2,65.8,66.2,https://thumb.wikimedia.org/wikipedia/commons/thumb/b/bc/Milton_2024-10-07_1920Z.png/1280px-Milton_2024-10-07_1920Z.png?utm_source=en.wikipedia.org&utm_campaign=api&utm_content=thumbnail
AL081933,Cuba–Brownsville Hurricane,1933,Elite,89,5,161,940,40.23,258,,98.4,93.5,97.8,88,50,https://thumb.wikimedia.org/wikipedia/commons/thumb/d/da/Cuba%E2%80%93Brownsville_hurricane_weather_map_9-1-1933_%280329721%29.jpg/1280px-Cuba%E2%80%93Brownsville_hurricane_weather_map_9-1-1933_%280329721%29.jpg?utm_source=en.wikipedia.org&utm_campaign=imageinfo&utm_content=thumbnail
AL021955,CONNIE,1955,Elite,89,4,138,944,31.55,276,77,94,92.2,95.4,90.5,74.9,https://thumb.wikimedia.org/wikipedia/commons/thumb/5/58/Hurricane_Connie_weather_map%2C_August_7%2C_1955.jpg/1280px-Hurricane_Connie_weather_map%2C_August_7%2C_1955.jpg?utm_source=en.wikipedia.org&utm_campaign=api&utm_content=thumbnail
AL031961,CARLA,1961,Elite,89,4,144,927,28.19,300,43,95.1,97.7,93.6,93.2,65.8,https://upload.wikimedia.org/wikipedia/commons/4/4a/Hurricane_Carla_Satellite.JPG?utm_source=en.wikipedia.org&utm_campaign=api&utm_content=thumbnail_unscaled
AL071963,FLORA,1963,Elite,89,4,150,933,48.25,432,,96.6,96.1,98.9,99,50,https://upload.wikimedia.org/wikipedia/commons/6/63/Flora_radar.gif?utm_source=en.wikipedia.org&utm_campaign=api&utm_content=thumbnail_unscaled
AL031965,BETSY,1965,Elite,89,4,138,942,40.49,306,81,93.4,93,97.8,93.7,76.2,https://upload.wikimedia.org/wikipedia/commons/c/c0/Hurricane_Betsy.jpg?utm_source=en.wikipedia.org&utm_campaign=api&utm_content=thumbnail_unscaled
AL081988,GILBERT,1988,Elite,89,5,184,888,32.76,186,,99.7,99.9,95.8,75.3,50,https://thumb.wikimedia.org/wikipedia/commons/thumb/0/07/Gilbert_1988-09-13_2200Z.png/1280px-Gilbert_1988-09-13_2200Z.png?utm_source=en.wikipedia.org&utm_campaign=api&utm_content=thumbnail
AL081999,FLOYD,1999,Elite,89,4,155,921,30.75,270,85,97.5,98.5,95,89.8,76.6,https://thumb.wikimedia.org/wikipedia/commons/thumb/b/b0/Floyd_1999-09-13_1215Z.png/1280px-Floyd_1999-09-13_1215Z.png?utm_source=en.wikipedia.org&utm_campaign=api&utm_content=thumbnail
AL062004,FRANCES,2004,Elite,89,4,144,935,46.04,354,50,95.6,95.7,98.8,97.2,68.4,https://thumb.wikimedia.org/wikipedia/commons/thumb/b/bb/Frances_2004-08-31_1755Z.jpg/1280px-Frances_2004-08-31_1755Z.jpg?utm_source=en.wikipedia.org&utm_campaign=api&utm_content=thumbnail
AL042005,DENNIS,2005,Elite,89,4,150,930,18.76,132,166,96.9,97,85.3,60.5,83.1,https://thumb.wikimedia.org/wikipedia/commons/thumb/c/cd/Dennis_2005-07-10_0410Z.jpg/1280px-Dennis_2005-07-10_0410Z.jpg?utm_source=en.wikipedia.org&utm_campaign=api&utm_content=thumbnail
AL042007,DEAN,2007,Elite,89,5,173,905,35.23,198,,99.5,99.5,96.4,78,50,https://thumb.wikimedia.org/wikipedia/commons/thumb/2/2d/Dean_2007-08-21_0845Z.jpg/1280px-Dean_2007-08-21_0845Z.jpg?utm_source=en.wikipedia.org&utm_campaign=api&utm_content=thumbnail
AL072008,GUSTAV,2008,Elite,89,4,155,941,18.15,186,265,97.6,93.2,84.8,76.2,87,https://thumb.wikimedia.org/wikipedia/commons/thumb/3/3d/Gustav_2008-08-30_1603Z.jpg/1280px-Gustav_2008-08-30_1603Z.jpg?utm_source=en.wikipedia.org&utm_campaign=api&utm_content=thumbnail
AL112010,IGOR,2010,Elite,89,4,155,924,44.8,348,,97.7,98.1,98.6,96.6,50,https://thumb.wikimedia.org/wikipedia/commons/thumb/0/03/Igor_2010-09-13_1640Z.jpg/1280px-Igor_2010-09-13_1640Z.jpg?utm_source=en.wikipedia.org&utm_campaign=api&utm_content=thumbnail
AL062018,FLORENCE,2018,Elite,89,4,150,937,39.73,366,78,96.3,95.2,97.5,97.6,75.3,https://thumb.wikimedia.org/wikipedia/commons/thumb/c/c4/Florence_2018-09-11_1750Z.jpg/1280px-Florence_2018-09-11_1750Z.jpg?utm_source=en.wikipedia.org&utm_campaign=api&utm_content=thumbnail
AL292020,ETA,2020,Elite,89,4,150,922,18.61,312,189,96.8,98.4,85.2,94.3,84.8,https://thumb.wikimedia.org/wikipedia/commons/thumb/8/82/Eta_2020-11-03_0640Z.jpg/1280px-Eta_2020-11-03_0640Z.jpg?utm_source=en.wikipedia.org&utm_campaign=api&utm_content=thumbnail
AL092021,IDA,2021,Elite,89,4,150,929,12.44,210,172,97,97.3,76.7,81.3,83.5,https://thumb.wikimedia.org/wikipedia/commons/thumb/f/fd/Ida_2021-08-29_1321Z.jpg/1280px-Ida_2021-08-29_1321Z.jpg?utm_source=en.wikipedia.org&utm_campaign=api&utm_content=thumbnail
AL182021,SAM,2021,Elite,89,4,155,927,56.82,336,,97.7,97.6,99.4,95.8,50,https://thumb.wikimedia.org/wikipedia/commons/thumb/f/f0/Sam_2021-09-26_1625Z.jpg/1280px-Sam_2021-09-26_1625Z.jpg?utm_source=en.wikipedia.org&utm_campaign=api&utm_content=thumbnail
AL072022,FIONA,2022,Elite,89,4,138,931,31.11,306,36,94.5,96.6,95.1,93.9,61.9,https://thumb.wikimedia.org/wikipedia/commons/thumb/f/f9/Fiona_2022-09-22_2131Z.jpg/1280px-Fiona_2022-09-22_2131Z.jpg?utm_source=en.wikipedia.org&utm_campaign=api&utm_content=thumbnail
AL031853,Hurricane Three,1853,Elite,88,4,150,924,45.06,282,,96.7,98.2,98.6,91.1,50,https://thumb.wikimedia.org/wikipedia/commons/thumb/d/d1/Three_1853_path.png/1280px-Three_1853_path.png?utm_source=en.wikipedia.org&utm_campaign=imageinfo&utm_content=thumbnail
AL051910,Hurricane Five,1910,Elite,88,4,150,924,30.74,306,,96.2,98.2,94.9,94.1,50,https://thumb.wikimedia.org/wikipedia/commons/thumb/5/55/Cuba_hurricane_weather_map%2C_October_16%2C_1910.jpg/1280px-Cuba_hurricane_weather_map%2C_October_16%2C_1910.jpg?utm_source=en.wikipedia.org&utm_campaign=imageinfo&utm_content=thumbnail
AL021919,Hurricane Two,1919,Elite,88,4,150,927,44.25,300,,96.4,97.6,98.4,93,50,https://thumb.wikimedia.org/wikipedia/commons/thumb/9/9b/Florida_Keys_hurricane_weather_map%2C_September_10%2C_1919.jpg/1280px-Florida_Keys_hurricane_weather_map%2C_September_10%2C_1919.jpg?utm_source=en.wikipedia.org&utm_campaign=imageinfo&utm_content=thumbnail
AL101926,Hurricane Ten,1926,Elite,88,4,150,934,35.44,318,,97.1,95.8,96.5,94.8,50,https://thumb.wikimedia.org/wikipedia/commons/thumb/1/19/Havana%E2%80%93Bermuda_hurricane_%28Hurricane_Ten%29_weather_analysis%2C_October_20%2C_1926.jpg/1280px-Havana%E2%80%93Bermuda_hurricane_%28Hurricane_Ten%29_weather_analysis%2C_October_20%2C_1926.jpg?utm_source=en.wikipedia.org&utm_campaign=imageinfo&utm_content=thumbnail
AL021929,Hurricane Two,1929,Elite,88,4,155,924,36.31,312,,97.4,98.1,96.7,94.6,50,https://thumb.wikimedia.org/wikipedia/commons/thumb/6/6a/Bahamas_hurricane_weather_map%2C_September_25%2C_1929_%285602133%29.jpg/1280px-Bahamas_hurricane_weather_map%2C_September_25%2C_1929_%285602133%29.jpg?utm_source=en.wikipedia.org&utm_campaign=imageinfo&utm_content=thumbnail
AL021930,Hurricane Two,1930,Elite,88,4,155,933,29.83,426,,97.3,96.1,94.6,98.9,50,https://thumb.wikimedia.org/wikipedia/commons/thumb/7/79/San_Zen%C3%B3n_hurricane_weather_map%2C_September_3%2C_1930_%28300922158%29.jpg/1280px-San_Zen%C3%B3n_hurricane_weather_map%2C_September_3%2C_1930_%28300922158%29.jpg?utm_source=en.wikipedia.org&utm_campaign=imageinfo&utm_content=thumbnail
AL061951,EASY,1951,Elite,88,4,150,937,36.96,312,,96.6,95.1,96.9,94.5,50,https://upload.wikimedia.org/wikipedia/commons/0/0e/Hurricane_Easy_surface_analysis_September_8_1951.jpg?utm_source=en.wikipedia.org&utm_campaign=imageinfo&utm_content=thumbnail_unscaled
AL041953,CAROL,1953,Elite,88,5,161,929,33.97,222,,98.6,97.2,96.1,82.7,50,https://upload.wikimedia.org/wikipedia/commons/7/7f/Carol_1953-09-07_weather_map.jpg?utm_source=en.wikipedia.org&utm_campaign=api&utm_content=thumbnail_unscaled
AL101955,JANET,1955,Elite,88,5,173,914,27.74,210,,99.1,99.1,93.3,80.7,50,https://upload.wikimedia.org/wikipedia/commons/f/f9/Hurricane_Janet_analysis_28_Sep_1955.png?utm_source=en.wikipedia.org&utm_campaign=api&utm_content=thumbnail_unscaled
AL131995,LUIS,1995,Elite,88,4,150,935,59.16,354,,96,95.6,99.6,96.9,50,https://thumb.wikimedia.org/wikipedia/commons/thumb/a/a1/Luis_1995-09-04_1715Z.png/1280px-Luis_1995-09-04_1715Z.png?utm_source=en.wikipedia.org&utm_campaign=api&utm_content=thumbnail
AL051996,EDOUARD,1996,Elite,88,4,144,933,52.62,372,,94.8,96.2,99.4,97.9,50,https://thumb.wikimedia.org/wikipedia/commons/thumb/f/fb/Edouard_1996-08-25_1415Z.png/1280px-Edouard_1996-08-25_1415Z.png?utm_source=en.wikipedia.org&utm_campaign=api&utm_content=thumbnail
AL091999,GERT,1999,Elite,88,4,150,930,42.67,264,,96.1,96.8,98.3,89.4,50,https://thumb.wikimedia.org/wikipedia/commons/thumb/8/87/Gert_1999-09-15_1715Z.png/1280px-Gert_1999-09-15_1715Z.png?utm_source=en.wikipedia.org&utm_campaign=imageinfo&utm_content=thumbnail
AL052005,EMILY,2005,Elite,88,5,161,929,32.87,216,,98.6,97,95.8,82.1,50,https://thumb.wikimedia.org/wikipedia/commons/thumb/2/29/Emily_2005-07-16_1845Z.jpg/1280px-Emily_2005-07-16_1845Z.jpg?utm_source=en.wikipedia.org&utm_campaign=api&utm_content=thumbnail
AL112015,JOAQUIN,2015,Elite,88,4,155,931,31.95,324,,97.8,96.5,95.6,95.1,50,https://thumb.wikimedia.org/wikipedia/commons/thumb/0/0b/Joaquin_2015-10-03_1437Z.png/1280px-Joaquin_2015-10-03_1437Z.png?utm_source=en.wikipedia.org&utm_campaign=api&utm_content=thumbnail
AL122017,JOSE,2017,Elite,88,4,155,938,43.68,426,,97.2,94.7,98.4,98.8,50,https://thumb.wikimedia.org/wikipedia/commons/thumb/8/85/Jose_2017-09-08_1745Z.jpg/1280px-Jose_2017-09-08_1745Z.jpg?utm_source=en.wikipedia.org&utm_campaign=api&utm_content=thumbnail
AL082023,FRANKLIN,2023,Elite,88,4,150,926,33.14,444,,96.1,97.9,95.9,99.2,50,https://thumb.wikimedia.org/wikipedia/commons/thumb/5/52/Franklin_2023-08-28_2100Z.jpg/1280px-Franklin_2023-08-28_2100Z.jpg?utm_source=en.wikipedia.org&utm_campaign=api&utm_content=thumbnail
AL071878,Hurricane Seven,1878,Elite,87,4,138,938,50.76,354,,94,94.8,99.1,97.1,50,https://thumb.wikimedia.org/wikipedia/commons/thumb/9/9e/Hurricane_Seven_weather_map%2C_October_6%2C_1878.jpg/1280px-Hurricane_Seven_weather_map%2C_October_6%2C_1878.jpg?utm_source=en.wikipedia.org&utm_campaign=imageinfo&utm_content=thumbnail
AL021915,Hurricane Two,1915,Elite,87,4,144,940,38.04,384,,95.1,93.5,97.2,98.3,50,https://thumb.wikimedia.org/wikipedia/commons/thumb/5/50/1915_Galveston_hurricane_weather_map%2C_August_16%2C_1915_%2820874377%29.jpg/1280px-1915_Galveston_hurricane_weather_map%2C_August_16%2C_1915_%2820874377%29.jpg?utm_source=en.wikipedia.org&utm_campaign=imageinfo&utm_content=thumbnail
AL041917,Hurricane Four,1917,Elite,87,4,150,928,34.99,240,,96.3,97.4,96.4,85.8,50,https://upload.wikimedia.org/wikipedia/commons/0/0e/Hurricane_Four_surface_analysis_25_Sept_1917.jpg?utm_source=en.wikipedia.org&utm_campaign=imageinfo&utm_content=thumbnail_unscaled
AL101924,1924 Cuba Hurricane,1924,Elite,87,5,167,910,25.03,192,,98.9,99.3,90.8,76.5,50,https://thumb.wikimedia.org/wikipedia/commons/thumb/e/ec/1924_Atlantic_hurricane_season_summary_map.png/1280px-1924_Atlantic_hurricane_season_summary_map.png?utm_source=en.wikipedia.org&utm_campaign=api&utm_content=thumbnail
AL071926,Hurricane Seven,1926,Elite,87,4,150,930,40.19,252,,95.8,96.7,97.7,87.7,50,https://thumb.wikimedia.org/wikipedia/commons/thumb/5/51/Miami_hurricane_weather_map_%28enlarged%29%2C_September_18%2C_1926_%285109773%29.jpg/1280px-Miami_hurricane_weather_map_%28enlarged%29%2C_September_18%2C_1926_%285109773%29.jpg?utm_source=en.wikipedia.org&utm_campaign=imageinfo&utm_content=thumbnail
AL071944,Great Atlantic Hurricane,1944,Elite,87,5,161,918,26.07,174,,98.5,98.8,91.7,73.3,50,https://upload.wikimedia.org/wikipedia/commons/f/f1/1944_Great_Atlantic_hurricane_analysis_13_September.png?utm_source=en.wikipedia.org&utm_campaign=imageinfo&utm_content=thumbnail_unscaled
AL041947,Hurricane Four,1947,Elite,87,4,144,938,41.45,372,,94.6,94.4,98.1,98,50,https://upload.wikimedia.org/wikipedia/commons/9/94/Fort_Lauderdale_hurricane_weather_analysis%2C_Sept_17%2C_1947.jpg?utm_source=en.wikipedia.org&utm_campaign=imageinfo&utm_content=thumbnail_unscaled
AL041950,DOG,1950,Elite,87,4,144,953,57.24,438,,95.4,89.1,99.5,99.1,50,https://upload.wikimedia.org/wikipedia/commons/b/b6/Hurricane_Dog_%281950%29.JPG?utm_source=en.wikipedia.org&utm_campaign=api&utm_content=thumbnail_unscaled
AL041957,CARRIE,1957,Elite,87,4,138,945,59.11,534,,93.6,92,99.6,99.8,50,https://upload.wikimedia.org/wikipedia/commons/1/14/Hurricane_Carrie_surface_analysis_September_14_1957.jpg?utm_source=en.wikipedia.org&utm_campaign=api&utm_content=thumbnail_unscaled
AL051961,ESTHER,1961,Elite,87,5,161,919,48.71,378,7,98.3,98.6,99,98.1,33.8,https://upload.wikimedia.org/wikipedia/commons/7/75/Hurricane_Esther.jpg?utm_source=en.wikipedia.org&utm_campaign=api&utm_content=thumbnail_unscaled
AL101989,GABRIELLE,1989,Elite,87,4,144,935,38.24,294,,94.9,95.5,97.3,92,50,https://thumb.wikimedia.org/wikipedia/commons/thumb/c/cc/Gabrielle_1989-09-06_2000Z.png/1280px-Gabrielle_1989-09-06_2000Z.png?utm_source=en.wikipedia.org&utm_campaign=api&utm_content=thumbnail
AL071995,FELIX,1995,Elite,87,4,138,929,31.47,390,,94.4,97.2,95.3,98.5,50,https://thumb.wikimedia.org/wikipedia/commons/thumb/9/92/Felix_1995-08-12_1915Z.png/1280px-Felix_1995-08-12_1915Z.png?utm_source=en.wikipedia.org&utm_campaign=api&utm_content=thumbnail
AL081996,HORTENSE,1996,Elite,87,4,138,935,22.26,216,39,94.3,95.5,88.8,81.4,64.1,https://thumb.wikimedia.org/wikipedia/commons/thumb/b/bf/Hortense_1996-09-12_2145Z.png/1280px-Hortense_1996-09-12_2145Z.png?utm_source=en.wikipedia.org&utm_campaign=api&utm_content=thumbnail
AL102003,FABIAN,2003,Elite,87,4,144,939,44.6,294,,95.7,93.8,98.5,92.7,50,https://thumb.wikimedia.org/wikipedia/commons/thumb/f/f9/Fabian_2003-09-01_1745Z.png/1280px-Fabian_2003-09-01_1745Z.png?utm_source=en.wikipedia.org&utm_campaign=api&utm_content=thumbnail
AL092017,HARVEY,2017,Elite,87,4,132,937,11.44,312,107,91.1,95.1,74.7,94.5,78.8,https://thumb.wikimedia.org/wikipedia/commons/thumb/a/a5/Harvey_2017-08-25_2337Z.jpg/1280px-Harvey_2017-08-25_2337Z.jpg?utm_source=en.wikipedia.org&utm_campaign=api&utm_content=thumbnail
AL132020,LAURA,2020,Elite,87,4,150,937,12.92,156,128,95.9,95.3,77.4,69.1,81,https://thumb.wikimedia.org/wikipedia/commons/thumb/e/e9/Laura_2020-08-26_2300Z.png/1280px-Laura_2020-08-26_2300Z.png?utm_source=en.wikipedia.org&utm_campaign=api&utm_content=thumbnail
AL061866,Hurricane Six,1866,Elite,86,4,138,938,40.86,282,,94.4,94.6,98,91.5,50,https://thumb.wikimedia.org/wikipedia/commons/thumb/f/f9/Six_1866_path.png/1280px-Six_1866_path.png?utm_source=en.wikipedia.org&utm_campaign=imageinfo&utm_content=thumbnail
AL021880,Hurricane Two,1880,Elite,86,4,150,931,24.61,246,,96.9,96.7,90.5,86.6,50,https://thumb.wikimedia.org/wikipedia/commons/thumb/8/89/Hurricane_Two_weather_map%2C_August_13%2C_1880.jpg/1280px-Hurricane_Two_weather_map%2C_August_13%2C_1880.jpg?utm_source=en.wikipedia.org&utm_campaign=imageinfo&utm_content=thumbnail
AL041906,Hurricane Four,1906,Elite,86,4,132,950,58.07,438,,92.2,90.5,99.5,99.1,50,https://thumb.wikimedia.org/wikipedia/commons/thumb/2/2f/Hurricane_Four_weather_map%2C_September_5%2C_1906_%283778623%29.jpg/1280px-Hurricane_Four_weather_map%2C_September_5%2C_1906_%283778623%29.jpg?utm_source=en.wikipedia.org&utm_campaign=imageinfo&utm_content=thumbnail
AL061915,Hurricane Six,1915,Elite,86,4,144,931,38.6,246,,95.2,96.6,97.3,86.5,50,https://thumb.wikimedia.org/wikipedia/commons/thumb/8/8f/New_Orleans_hurricane_weather_map%2C_September_29%2C_1915.jpg/1280px-New_Orleans_hurricane_weather_map%2C_September_29%2C_1915.jpg?utm_source=en.wikipedia.org&utm_campaign=imageinfo&utm_content=thumbnail
AL041926,Hurricane Four,1926,Elite,86,4,132,957,64.54,540,,92,87.6,99.8,99.9,50,https://upload.wikimedia.org/wikipedia/commons/c/ca/Hurricane_Four_weather_analysis%2C_September_12%2C_1926.jpg?utm_source=en.wikipedia.org&utm_campaign=imageinfo&utm_content=thumbnail_unscaled
AL141933,Tampico Hurricane,1933,Elite,86,5,161,929,25.91,180,,98.1,97.1,91.5,73.8,50,https://thumb.wikimedia.org/wikipedia/commons/thumb/c/c8/Tampico_hurricane_%28Hurricane_Fourteen%29_weather_map%2C_September_21%2C_1933.jpg/1280px-Tampico_hurricane_%28Hurricane_Fourteen%29_weather_map%2C_September_21%2C_1933.jpg?utm_source=en.wikipedia.org&utm_campaign=imageinfo&utm_content=thumbnail
AL081958,HELENE,1958,Elite,86,4,150,930,25.64,270,,97,96.9,91.3,89.9,50,https://upload.wikimedia.org/wikipedia/commons/5/54/Wea01252.jpg?utm_source=en.wikipedia.org&utm_campaign=api&utm_content=thumbnail_unscaled
AL091961,HATTIE,1961,Elite,86,5,167,914,20.36,132,,98.9,99.2,86.9,61.3,50,https://thumb.wikimedia.org/wikipedia/commons/thumb/e/e5/Hurricane_Hattie_radar_30_Oct_1961_-_cropped.jpg/1280px-Hurricane_Hattie_radar_30_Oct_1961_-_cropped.jpg?utm_source=en.wikipedia.org&utm_campaign=api&utm_content=thumbnail
AL131971,EDITH,1971,Elite,86,4,150,943,16.85,240,37,96.5,92.7,83,85.6,62.3,https://upload.wikimedia.org/wikipedia/commons/2/22/Edith1971sep91339z.png?utm_source=en.wikipedia.org&utm_campaign=api&utm_content=thumbnail_unscaled
AL091985,GLORIA,1985,Elite,86,4,144,920,25.4,348,14,94.8,98.5,91.2,96.5,48.9,https://thumb.wikimedia.org/wikipedia/commons/thumb/d/d7/Gloria_1985-09-24_2130Z.png/1280px-Gloria_1985-09-24_2130Z.png?utm_source=en.wikipedia.org&utm_campaign=api&utm_content=thumbnail
AL091988,HELENE,1988,Elite,86,4,144,938,31.81,246,,94.9,94.9,95.6,86.4,50,https://upload.wikimedia.org/wikipedia/commons/b/ba/Helene_1988-09-23_1230Z.png?utm_source=en.wikipedia.org&utm_campaign=imageinfo&utm_content=thumbnail_unscaled
AL132002,LILI,2002,Elite,86,4,144,938,17.03,264,28,95.5,95,83.1,89.5,59.3,https://thumb.wikimedia.org/wikipedia/commons/thumb/7/78/Lili_2002-10-02_1645Z_%28alternative_version%29.jpg/1280px-Lili_2002-10-02_1645Z_%28alternative_version%29.jpg?utm_source=en.wikipedia.org&utm_campaign=api&utm_content=thumbnail
AL122004,KARL,2004,Elite,86,4,144,938,31.76,264,,95.7,94.6,95.5,89.2,50,https://thumb.wikimedia.org/wikipedia/commons/thumb/9/92/Karl_2004-09-21_0115Z.jpg/1280px-Karl_2004-09-21_0115Z.jpg?utm_source=en.wikipedia.org&utm_campaign=imageinfo&utm_content=thumbnail
AL072010,EARL,2010,Elite,86,4,144,927,28.73,276,,95.2,97.7,94,90.2,50,https://thumb.wikimedia.org/wikipedia/commons/thumb/a/ac/Earl_2010-09-02_0320Z.jpg/1280px-Earl_2010-09-02_0320Z.jpg?utm_source=en.wikipedia.org&utm_campaign=api&utm_content=thumbnail
AL122011,KATIA,2011,Elite,86,4,138,942,31.3,330,,93.5,92.9,95.2,95.5,50,https://thumb.wikimedia.org/wikipedia/commons/thumb/7/79/Katia_2011-09-05_1615Z.png/1280px-Katia_2011-09-05_1615Z.png?utm_source=en.wikipedia.org&utm_campaign=api&utm_content=thumbnail
AL122024,KIRK,2024,Elite,86,4,150,928,26.52,228,,97.1,97.5,91.9,83.9,50,https://thumb.wikimedia.org/wikipedia/commons/thumb/7/7d/Kirk_2024-10-04_0424Z.jpg/1280px-Kirk_2024-10-04_0424Z.jpg?utm_source=en.wikipedia.org&utm_campaign=api&utm_content=thumbnail
AL082025,HUMBERTO,2025,Elite,86,5,161,918,26.95,168,,97.9,98.7,92.4,71.5,50,https://thumb.wikimedia.org/wikipedia/commons/thumb/e/e4/Humberto_2025-09-27_2019Z.jpg/1280px-Humberto_2025-09-27_2019Z.jpg?utm_source=en.wikipedia.org&utm_campaign=imageinfo&utm_content=thumbnail
AL051886,Hurricane Five,1886,Elite,85,4,150,925,23.06,222,,96.7,98,89.4,82.8,50,https://upload.wikimedia.org/wikipedia/commons/d/d7/1886_Indianola_hurricane_track_and_surface_analysis_1200Z_1886-08-20.jpg?utm_source=en.wikipedia.org&utm_campaign=imageinfo&utm_content=thumbnail_unscaled
AL061894,Hurricane Six,1894,Elite,85,4,132,931,30.48,234,,92.3,96.5,94.8,84.5,50,https://upload.wikimedia.org/wikipedia/commons/f/ff/1894_Atlantic_hurricane_6_track.png?utm_source=en.wikipedia.org&utm_campaign=imageinfo&utm_content=thumbnail_unscaled
AL061933,Hurricane Six,1933,Elite,85,4,138,948,34.02,324,,92.9,91.2,96.2,95.2,50,https://thumb.wikimedia.org/wikipedia/commons/thumb/5/5c/Chesapeake%E2%80%93Potomac_hurricane_weather_map%2C_August_23%2C_1933_%28523179%29.jpg/1280px-Chesapeake%E2%80%93Potomac_hurricane_weather_map%2C_August_23%2C_1933_%28523179%29.jpg?utm_source=en.wikipedia.org&utm_campaign=imageinfo&utm_content=thumbnail
AL121933,Hurricane Twelve,1933,Elite,85,4,138,952,40.85,348,,92.8,89.3,98,96.7,50,https://thumb.wikimedia.org/wikipedia/commons/thumb/2/2c/Outer_Banks_hurricane_weather_map_%28enlarged%29%2C_September_16%2C_1933.jpg/1280px-Outer_Banks_hurricane_weather_map_%28enlarged%29%2C_September_16%2C_1933.jpg?utm_source=en.wikipedia.org&utm_campaign=imageinfo&utm_content=thumbnail
AL131944,Hurricane Thirteen,1944,Elite,85,4,144,937,25.48,276,,95.4,95.3,91.3,90,50,https://thumb.wikimedia.org/wikipedia/commons/thumb/2/2e/Hurricane_Thirteen_surface_analysis_1944_Oct_17_18z.jpg/1280px-Hurricane_Thirteen_surface_analysis_1944_Oct_17_18z.jpg?utm_source=en.wikipedia.org&utm_campaign=imageinfo&utm_content=thumbnail
AL061948,Hurricane Six,1948,Elite,85,4,132,,26.14,318,,91.4,94.4,91.7,94.8,50,https://thumb.wikimedia.org/wikipedia/commons/thumb/e/ee/Bermuda%E2%80%93Newfoundland_hurricane%2C_Hurricane_Six_%28Dog%29_weather_map%2C_September_13%2C_1948.jpg/1280px-Bermuda%E2%80%93Newfoundland_hurricane%2C_Hurricane_Six_%28Dog%29_weather_map%2C_September_13%2C_1948.jpg?utm_source=en.wikipedia.org&utm_campaign=imageinfo&utm_content=thumbnail
AL021961,BETSY,1961,Elite,85,4,132,945,36.51,336,,91.6,92.1,96.8,96.1,50,https://upload.wikimedia.org/wikipedia/commons/0/01/Hurricane_Betsy_1961.JPG?utm_source=en.wikipedia.org&utm_campaign=imageinfo&utm_content=thumbnail_unscaled
AL101964,HILDA,1964,Elite,85,4,138,941,19.59,193,38,93.3,93.3,86,77.3,63.2,https://thumb.wikimedia.org/wikipedia/commons/thumb/2/25/Hurricane_Hilda_Oct_1_1964.jpg/1280px-Hurricane_Hilda_Oct_1_1964.jpg?utm_source=en.wikipedia.org&utm_campaign=api&utm_content=thumbnail
AL151975,GLADYS,1975,Elite,85,4,150,939,24.05,252,,96.4,94,90.1,87.4,50,https://thumb.wikimedia.org/wikipedia/commons/thumb/b/bd/Gladys_1975.jpg/1280px-Gladys_1975.jpg?utm_source=en.wikipedia.org&utm_campaign=imageinfo&utm_content=thumbnail
AL051977,ANITA,1977,Elite,85,5,173,926,12.77,90,,99.2,97.9,77.3,46.5,50,https://upload.wikimedia.org/wikipedia/commons/c/c3/Anita_1977-09-01_2301Z.jpg?utm_source=en.wikipedia.org&utm_campaign=api&utm_content=thumbnail_unscaled
AL111988,JOAN,1988,Elite,85,4,144,932,23.72,288,,95,96.4,90,91.7,50,https://upload.wikimedia.org/wikipedia/commons/5/57/Joan_1988-10-21_1930Z.png?utm_source=en.wikipedia.org&utm_campaign=api&utm_content=thumbnail_unscaled
AL171995,OPAL,1995,Elite,85,4,150,916,11.67,144,63,95.9,98.9,75.1,65.5,71.4,https://thumb.wikimedia.org/wikipedia/commons/thumb/f/f3/Opal_1995-10-04_0815Z.jpg/1280px-Opal_1995-10-04_0815Z.jpg?utm_source=en.wikipedia.org&utm_campaign=api&utm_content=thumbnail
AL132000,ISAAC,2000,Elite,85,4,138,943,31.72,294,,93.8,92.7,95.5,92.7,50,https://thumb.wikimedia.org/wikipedia/commons/thumb/4/42/Isaac_2000-09-28_1745Z.jpg/1280px-Isaac_2000-09-28_1745Z.jpg?utm_source=en.wikipedia.org&utm_campaign=imageinfo&utm_content=thumbnail
AL062007,FELIX,2007,Elite,85,5,173,929,18.03,96,,99.3,97.3,84.7,48.4,50,https://thumb.wikimedia.org/wikipedia/commons/thumb/1/11/Felix_2007-09-03_0315Z.jpg/1280px-Felix_2007-09-03_0315Z.jpg?utm_source=en.wikipedia.org&utm_campaign=api&utm_content=thumbnail
AL152016,NICOLE,2016,Elite,85,4,138,950,27.18,366,,93.3,90.6,92.7,97.8,50,https://thumb.wikimedia.org/wikipedia/commons/thumb/8/82/Nicole_2016-10-13_0625Z.jpg/1280px-Nicole_2016-10-13_0625Z.jpg?utm_source=en.wikipedia.org&utm_campaign=api&utm_content=thumbnail
AL081880,Hurricane Eight,1880,Gold,84,4,138,928,26.7,186,,94.2,97.4,92.2,76,50,https://upload.wikimedia.org/wikipedia/commons/f/f4/1880_Atlantic_hurricane_8_track.png?utm_source=en.wikipedia.org&utm_campaign=imageinfo&utm_content=thumbnail_unscaled
AL061882,Hurricane Six,1882,Gold,84,4,138,,21.26,258,,94.1,94.3,87.9,88.5,50,https://thumb.wikimedia.org/wikipedia/commons/thumb/1/19/Hurricane_Six_weather_map%2C_October_11%2C_1882.jpg/1280px-Hurricane_Six_weather_map%2C_October_11%2C_1882.jpg?utm_source=en.wikipedia.org&utm_campaign=imageinfo&utm_content=thumbnail
AL091893,Hurricane Nine,1893,Gold,84,3,121,955,65.37,492,,88.5,88.2,99.9,99.5,50,https://thumb.wikimedia.org/wikipedia/commons/thumb/1/14/October_13%2C_1893_hurricane_9_map.jpg/1280px-October_13%2C_1893_hurricane_9_map.jpg?utm_source=en.wikipedia.org&utm_campaign=imageinfo&utm_content=thumbnail
AL061921,Hurricane Six,1921,Gold,84,4,138,941,27.81,246,,93.2,93.3,93.4,86.7,50,https://thumb.wikimedia.org/wikipedia/commons/thumb/c/c7/Tampa_Bay_hurricane_weather_map%2C_October_23%2C_1921.jpg/1280px-Tampa_Bay_hurricane_weather_map%2C_October_23%2C_1921.jpg?utm_source=en.wikipedia.org&utm_campaign=imageinfo&utm_content=thumbnail
AL021922,Hurricane Two,1922,Gold,84,3,121,939,40.81,342,,87.5,93.8,97.9,96.4,50,https://upload.wikimedia.org/wikipedia/commons/2/2d/Hurricane_Two_surface_analysis_September_21_1922.png?utm_source=en.wikipedia.org&utm_campaign=imageinfo&utm_content=thumbnail_unscaled
AL061950,FOX,1950,Gold,84,4,138,946,26.91,222,,93.9,91.6,92.4,82.3,50,https://thumb.wikimedia.org/wikipedia/commons/thumb/8/8a/Hurricane_Fox_weather_analysis%2C_September_14%2C_1950.jpg/1280px-Hurricane_Fox_weather_analysis%2C_September_14%2C_1950.jpg?utm_source=en.wikipedia.org&utm_campaign=imageinfo&utm_content=thumbnail
AL031958,CLEO,1958,Gold,84,4,138,947,27.51,228,,93.9,91.4,93.1,83.6,50,https://upload.wikimedia.org/wikipedia/commons/d/d1/Hurricane_Cleo_weather_map%2C_August_17%2C_1958.jpg?utm_source=en.wikipedia.org&utm_campaign=imageinfo&utm_content=thumbnail_unscaled
AL091964,GLADYS,1964,Gold,84,4,132,945,30.66,282,,91.7,91.8,94.9,91,50,https://upload.wikimedia.org/wikipedia/commons/9/9b/Hurricane_Gladys_of_1964.JPG?utm_source=en.wikipedia.org&utm_campaign=api&utm_content=thumbnail_unscaled
AL101974,CARMEN,1974,Gold,84,4,155,928,25.35,234,8,97.4,97.5,91,85.4,38.1,https://thumb.wikimedia.org/wikipedia/commons/thumb/a/a0/Carmen_1974-09-01_2133Z_color.png/1280px-Carmen_1974-09-01_2133Z_color.png?utm_source=en.wikipedia.org&utm_campaign=api&utm_content=thumbnail
AL061996,FRAN,1996,Gold,84,3,121,946,22.89,240,49,88.7,91.7,89.2,86.3,68,https://thumb.wikimedia.org/wikipedia/commons/thumb/1/17/Fran_1996-09-04_1515Z.png/1280px-Fran_1996-09-04_1515Z.png?utm_source=en.wikipedia.org&utm_campaign=api&utm_content=thumbnail
AL041999,CINDY,1999,Gold,84,4,138,942,24.62,258,,93.7,93.1,90.5,88.6,50,https://thumb.wikimedia.org/wikipedia/commons/thumb/4/4e/Cindy_1999-08-28_1145Z.png/1280px-Cindy_1999-08-28_1145Z.png?utm_source=en.wikipedia.org&utm_campaign=imageinfo&utm_content=thumbnail
AL032000,ALBERTO,2000,Gold,84,3,127,950,37.67,486,,90.6,90.1,97.1,99.4,50,https://thumb.wikimedia.org/wikipedia/commons/thumb/1/14/Alberto_2000-08-12_1145Z.png/1280px-Alberto_2000-08-12_1145Z.png?utm_source=en.wikipedia.org&utm_campaign=imageinfo&utm_content=thumbnail
AL102002,ISIDORE,2002,Gold,84,3,127,934,17.8,204,41,90.7,95.9,84.2,79.6,64.9,https://thumb.wikimedia.org/wikipedia/commons/thumb/9/97/Isidore_2002-09-22_1915Z.jpg/1280px-Isidore_2002-09-22_1915Z.jpg?utm_source=en.wikipedia.org&utm_campaign=api&utm_content=thumbnail
AL112004,JEANNE,2004,Gold,84,3,121,950,24.48,360,3037,87.9,90.4,90.3,97.3,96.5,https://thumb.wikimedia.org/wikipedia/commons/thumb/9/93/Jeanne_2004-09-26_0315Z.jpg/1280px-Jeanne_2004-09-26_0315Z.jpg?utm_source=en.wikipedia.org&utm_campaign=api&utm_content=thumbnail
AL032009,BILL,2009,Gold,84,4,132,943,28.71,246,,92.5,92.6,94,87.1,50,https://thumb.wikimedia.org/wikipedia/commons/thumb/6/61/Bill_2009-08-19_1725Z.jpg/1280px-Bill_2009-08-19_1725Z.jpg?utm_source=en.wikipedia.org&utm_campaign=api&utm_content=thumbnail
AL062010,DANIELLE,2010,Gold,84,4,132,942,23.59,276,,91.9,92.9,89.8,90.3,50,https://thumb.wikimedia.org/wikipedia/commons/thumb/1/15/Danielle_2010-08-27_1715Z.png/1280px-Danielle_2010-08-27_1715Z.png?utm_source=en.wikipedia.org&utm_campaign=imageinfo&utm_content=thumbnail
AL092011,IRENE,2011,Gold,84,3,121,942,19.66,216,107,86.1,93.1,86.1,81.4,78.4,https://thumb.wikimedia.org/wikipedia/commons/thumb/e/e2/Irene_2011-08-24_1810Z_%28alt_version%29.jpg/1280px-Irene_2011-08-24_1810Z_%28alt_version%29.jpg?utm_source=en.wikipedia.org&utm_campaign=api&utm_content=thumbnail
AL162011,OPHELIA,2011,Gold,84,4,138,940,19.61,324,,92.9,93.7,86,95.1,50,https://thumb.wikimedia.org/wikipedia/commons/thumb/b/b8/Ophelia_2011-10-01_1740Z.jpg/1280px-Ophelia_2011-10-01_1740Z.jpg?utm_source=en.wikipedia.org&utm_campaign=api&utm_content=thumbnail
AL182012,SANDY,2012,Gold,84,3,115,940,15.12,204,254,84.8,93.4,80.7,79.9,86.1,https://thumb.wikimedia.org/wikipedia/commons/thumb/4/45/Sandy_2012-10-25_0320Z_%28cropped%29.png/1280px-Sandy_2012-10-25_0320Z_%28cropped%29.png?utm_source=en.wikipedia.org&utm_campaign=api&utm_content=thumbnail
AL082014,GONZALO,2014,Gold,84,4,144,940,26.95,186,,95.5,93.6,92.5,74.8,50,https://thumb.wikimedia.org/wikipedia/commons/thumb/a/a5/Gonzalo_2014-10-16_1215Z.png/1280px-Gonzalo_2014-10-16_1215Z.png?utm_source=en.wikipedia.org&utm_campaign=api&utm_content=thumbnail
AL132019,LORENZO,2019,Gold,84,5,161,925,33.93,264,,98.2,98,96.1,89.4,50,https://thumb.wikimedia.org/wikipedia/commons/thumb/d/de/Lorenzo_2019-09-29_0422Z.jpg/1280px-Lorenzo_2019-09-29_0422Z.jpg?utm_source=en.wikipedia.org&utm_campaign=api&utm_content=thumbnail
AL202020,TEDDY,2020,Gold,84,4,138,945,27.44,246,,93.7,91.9,93,87,50,https://thumb.wikimedia.org/wikipedia/commons/thumb/a/a9/Teddy_2020-09-17_2025Z.jpg/1280px-Teddy_2020-09-17_2025Z.jpg?utm_source=en.wikipedia.org&utm_campaign=api&utm_content=thumbnail
AL072025,GABRIELLE,2025,Gold,84,4,138,944,21.87,258,,94.5,92.5,88.5,88.8,50,https://thumb.wikimedia.org/wikipedia/commons/thumb/e/e4/Gabrielle_2025-09-22_2041Z.jpg/1280px-Gabrielle_2025-09-22_2041Z.jpg?utm_source=en.wikipedia.org&utm_campaign=api&utm_content=thumbnail
AL061893,Hurricane Six,1893,Gold,83,3,121,954,42.82,438,,86.8,88.8,98.3,99.2,50,https://thumb.wikimedia.org/wikipedia/commons/thumb/d/d3/Sea_Islands_hurricane_%28Hurricane_Six%29_weather_map%2C_August_28%2C_1893.jpg/1280px-Sea_Islands_hurricane_%28Hurricane_Six%29_weather_map%2C_August_28%2C_1893.jpg?utm_source=en.wikipedia.org&utm_campaign=imageinfo&utm_content=thumbnail
AL071898,Hurricane Seven,1898,Gold,83,4,132,938,24.51,204,,92.2,94.9,90.3,79.9,50,https://thumb.wikimedia.org/wikipedia/commons/thumb/9/9e/October_2%2C_1898_hurricane_7_map.jpg/1280px-October_2%2C_1898_hurricane_7_map.jpg?utm_source=en.wikipedia.org&utm_campaign=imageinfo&utm_content=thumbnail
AL051899,Hurricane Five,1899,Gold,83,3,121,939,36.49,306,,86.7,93.9,96.7,93.9,50,https://thumb.wikimedia.org/wikipedia/commons/thumb/d/d1/Hurricane_Five_weather_map%2C_September_10%2C_1899.jpg/1280px-Hurricane_Five_weather_map%2C_September_10%2C_1899.jpg?utm_source=en.wikipedia.org&utm_campaign=imageinfo&utm_content=thumbnail
AL081906,Hurricane Eight,1906,Gold,83,3,121,953,28.33,324,,88.9,89.2,93.7,95.2,50,https://thumb.wikimedia.org/wikipedia/commons/thumb/6/69/Florida_keys_hurricane_map_10-18-1906_%2863290%29.jpg/1280px-Florida_keys_hurricane_map_10-18-1906_%2863290%29.jpg?utm_source=en.wikipedia.org&utm_campaign=imageinfo&utm_content=thumbnail
AL031915,Hurricane Three,1915,Gold,83,3,121,,41.94,348,,87.1,86.8,98.2,96.8,50,https://thumb.wikimedia.org/wikipedia/commons/thumb/c/ce/Hurricane_Three_weather_map%2C_September_2%2C_1915_%286122690%29.jpg/1280px-Hurricane_Three_weather_map%2C_September_2%2C_1915_%286122690%29.jpg?utm_source=en.wikipedia.org&utm_campaign=imageinfo&utm_content=thumbnail
AL011927,Hurricane One,1927,Gold,83,3,127,950,29.18,258,,89.6,90.4,94.3,88.6,50,https://upload.wikimedia.org/wikipedia/commons/f/f6/1927_Nova_Scotia_hurricane_analysis_22_Aug_1927.jpg?utm_source=en.wikipedia.org&utm_campaign=imageinfo&utm_content=thumbnail_unscaled
AL021935,Hurricane Two,1935,Gold,83,4,132,,27.24,204,,91.8,94.2,92.8,79.4,50,https://thumb.wikimedia.org/wikipedia/commons/thumb/4/4d/Hurricane_Two_weather_map%2C_August_24%2C_1935.jpg/1280px-Hurricane_Two_weather_map%2C_August_24%2C_1935.jpg?utm_source=en.wikipedia.org&utm_campaign=imageinfo&utm_content=thumbnail
AL051935,Hurricane Five,1935,Gold,83,4,138,955,27.1,210,,93.2,88.3,92.7,81,50,https://thumb.wikimedia.org/wikipedia/commons/thumb/0/08/Hurricane_Five_%281935_Cuba_hurricane%29_weather_map%2C_September_29%2C_1935.jpg/1280px-Hurricane_Five_%281935_Cuba_hurricane%29_weather_map%2C_September_29%2C_1935.jpg?utm_source=en.wikipedia.org&utm_campaign=imageinfo&utm_content=thumbnail
AL031943,Hurricane Three,1943,Gold,83,4,138,,26.53,198,,93.6,94.3,92,77.4,50,https://thumb.wikimedia.org/wikipedia/commons/thumb/5/5d/Hurricane_Three_surface_analysis_1943.jpg/1280px-Hurricane_Three_surface_analysis_1943.jpg?utm_source=en.wikipedia.org&utm_campaign=imageinfo&utm_content=thumbnail
AL081948,Hurricane Eight,1948,Gold,83,4,132,940,23.28,186,,91.2,93.7,89.6,75.1,50,https://thumb.wikimedia.org/wikipedia/commons/thumb/0/09/1948_Hurricane.JPG/1280px-1948_Hurricane.JPG?utm_source=en.wikipedia.org&utm_campaign=imageinfo&utm_content=thumbnail
AL101952,FOX,1952,Gold,83,4,144,934,16.37,156,,95.8,95.9,82.4,68.4,50,https://upload.wikimedia.org/wikipedia/commons/a/ac/Fox_1952-10-24_1230Z.jpg?utm_source=en.wikipedia.org&utm_campaign=api&utm_content=thumbnail_unscaled
AL081954,EDNA,1954,Gold,83,3,127,943,22.48,210,29,89.1,92.8,88.9,80.5,59.7,https://thumb.wikimedia.org/wikipedia/commons/thumb/3/3c/Hurricane_Edna_weather_map%2C_September_11%2C_1954_%285466781%29.jpg/1280px-Hurricane_Edna_weather_map%2C_September_11%2C_1954_%285466781%29.jpg?utm_source=en.wikipedia.org&utm_campaign=api&utm_content=thumbnail
AL081955,IONE,1955,Gold,83,4,138,938,28.02,384,7,93.8,94.5,93.5,98.3,35.9,https://thumb.wikimedia.org/wikipedia/commons/thumb/4/44/Hurricane_Ione_weather_map%2C_September_17%2C_1955.jpg/1280px-Hurricane_Ione_weather_map%2C_September_17%2C_1955.jpg?utm_source=en.wikipedia.org&utm_campaign=api&utm_content=thumbnail
AL031956,BETSY,1956,Gold,83,3,121,954,30.06,270,37,86.1,88.6,94.7,89.7,62.8,https://thumb.wikimedia.org/wikipedia/commons/thumb/6/63/Hurricane_Betsy_%281956%29.JPG/1280px-Hurricane_Betsy_%281956%29.JPG?utm_source=en.wikipedia.org&utm_campaign=api&utm_content=thumbnail
AL081959,GRACIE,1959,Gold,83,4,132,951,16.59,204,22,91.4,89.8,82.6,79.5,56.3,https://thumb.wikimedia.org/wikipedia/commons/thumb/e/ea/Hurricane_Gracie_on_radar_scope_in_September_1959.jpg/1280px-Hurricane_Gracie_on_radar_scope_in_September_1959.jpg?utm_source=en.wikipedia.org&utm_campaign=api&utm_content=thumbnail
AL071961,FRANCES,1961,Gold,83,4,132,948,21.43,240,,91.6,91.3,88,86,50,https://thumb.wikimedia.org/wikipedia/commons/thumb/3/3f/Hurricane_Frances_weather_map%2C_October_7%2C_1961.jpg/1280px-Hurricane_Frances_weather_map%2C_October_7%2C_1961.jpg?utm_source=en.wikipedia.org&utm_campaign=imageinfo&utm_content=thumbnail
AL061966,FAITH,1966,Gold,83,3,121,950,45.17,516,,87.1,90,98.7,99.7,50,https://upload.wikimedia.org/wikipedia/commons/c/c5/Hurricane_Faith_1966.jpg?utm_source=en.wikipedia.org&utm_campaign=api&utm_content=thumbnail_unscaled
AL081969,DEBBIE,1969,Gold,83,3,127,950,29.21,300,,89.8,90,94.4,93.5,50,https://thumb.wikimedia.org/wikipedia/commons/thumb/c/cc/DebbieAug2019691519zNavyRadar.jpg/1280px-DebbieAug2019691519zNavyRadar.jpg?utm_source=en.wikipedia.org&utm_campaign=imageinfo&utm_content=thumbnail
AL181971,IRENE,1971,Gold,83,3,127,948,26.02,306,,89.8,91.2,91.6,93.6,50,https://upload.wikimedia.org/wikipedia/commons/1/1b/OliviaSep2519712053UTCESSA9.gif?utm_source=en.wikipedia.org&utm_campaign=api&utm_content=thumbnail_unscaled
AL111979,FREDERIC,1979,Gold,83,4,132,943,20.69,360,12,92.1,92.6,87.4,97.3,46.3,https://thumb.wikimedia.org/wikipedia/commons/thumb/1/14/Frederic_1979-09-12_1600Z.png/1280px-Frederic_1979-09-12_1600Z.png?utm_source=en.wikipedia.org&utm_campaign=api&utm_content=thumbnail
AL071997,ERIKA,1997,Gold,83,3,127,946,29.97,366,,90.2,91.5,94.6,97.7,50,https://thumb.wikimedia.org/wikipedia/commons/thumb/f/f1/Erika_1997-09-09_1100Z.jpg/1280px-Erika_1997-09-09_1100Z.jpg?utm_source=en.wikipedia.org&utm_campaign=imageinfo&utm_content=thumbnail
AL161999,LENNY,1999,Gold,83,4,155,933,19.87,156,,97.3,96.2,86.3,67.8,50,https://thumb.wikimedia.org/wikipedia/commons/thumb/3/32/Lenny_1999-11-17_1815Z_%28cropped%29.png/1280px-Lenny_1999-11-17_1815Z_%28cropped%29.png?utm_source=en.wikipedia.org&utm_campaign=api&utm_content=thumbnail
AL162003,KATE,2003,Gold,83,3,127,952,24.98,294,,91,89.3,90.7,92.4,50,https://thumb.wikimedia.org/wikipedia/commons/thumb/3/39/Kate_2003-10-04_1420Z.jpg/1280px-Kate_2003-10-04_1420Z.jpg?utm_source=en.wikipedia.org&utm_campaign=imageinfo&utm_content=thumbnail
AL092006,HELENE,2006,Gold,83,3,121,955,27.95,330,,88.8,88.5,93.4,95.3,50,https://thumb.wikimedia.org/wikipedia/commons/thumb/d/d6/Helene_2006-09-18_1643Z.jpg/1280px-Helene_2006-09-18_1643Z.jpg?utm_source=en.wikipedia.org&utm_campaign=imageinfo&utm_content=thumbnail
AL022008,BERTHA,2008,Gold,83,3,127,952,29.51,426,,89,89.4,94.4,98.9,50,https://thumb.wikimedia.org/wikipedia/commons/thumb/f/f3/Bertha_2008-07-07_1630Z.jpg/1280px-Bertha_2008-07-07_1630Z.jpg?utm_source=en.wikipedia.org&utm_campaign=api&utm_content=thumbnail
AL122021,LARRY,2021,Gold,83,3,127,953,32.6,258,,90.5,88.9,95.7,88.7,50,https://thumb.wikimedia.org/wikipedia/commons/thumb/e/e6/Larry_2021-09-05_1405Z.jpg/1280px-Larry_2021-09-05_1405Z.jpg?utm_source=en.wikipedia.org&utm_campaign=api&utm_content=thumbnail
AL102023,IDALIA,2023,Gold,83,4,132,942,13.52,246,20,92.7,93.2,78.3,86.8,55,https://thumb.wikimedia.org/wikipedia/commons/thumb/2/23/Idalia_2023-08-30_0715Z.jpg/1280px-Idalia_2023-08-30_0715Z.jpg?utm_source=en.wikipedia.org&utm_campaign=api&utm_content=thumbnail
AL092024,HELENE,2024,Gold,83,4,138,939,7.68,102,252,94.3,94,64,51.2,85.7,https://thumb.wikimedia.org/wikipedia/commons/thumb/1/1a/Helene_2024-09-27_0146Z.jpg/1280px-Helene_2024-09-27_0146Z.jpg?utm_source=en.wikipedia.org&utm_campaign=api&utm_content=thumbnail
AL041877,Hurricane Four,1877,Gold,82,3,115,,32.71,354,,85.1,85.9,95.7,97.1,50,https://thumb.wikimedia.org/wikipedia/commons/thumb/f/fb/Hurricane_Four_weather_map%2C_October_3%2C_1877_%284521109%29.jpg/1280px-Hurricane_Four_weather_map%2C_October_3%2C_1877_%284521109%29.jpg?utm_source=en.wikipedia.org&utm_campaign=imageinfo&utm_content=thumbnail
AL021882,Hurricane Two,1882,Gold,82,3,127,949,23.81,270,,90.8,90.8,90.1,89.9,50,https://thumb.wikimedia.org/wikipedia/commons/thumb/7/76/Hurricane_Two_weather_map%2C_September_10%2C_1882.jpg/1280px-Hurricane_Two_weather_map%2C_September_10%2C_1882.jpg?utm_source=en.wikipedia.org&utm_campaign=imageinfo&utm_content=thumbnail
AL031883,Hurricane Three,1883,Gold,82,3,127,,28.31,210,,90.9,87.3,93.7,80,50,https://thumb.wikimedia.org/wikipedia/commons/thumb/0/08/Bahamas-North_Carolina_Hurricane_of_1883_%28Hurricane_Three%29_weather_map%2C_September_11%2C_1883.jpg/1280px-Bahamas-North_Carolina_Hurricane_of_1883_%28Hurricane_Three%29_weather_map%2C_September_11%2C_1883.jpg?utm_source=en.wikipedia.org&utm_campaign=imageinfo&utm_content=thumbnail
AL021884,Hurricane Two,1884,Gold,82,3,115,957,33.68,330,,85.5,87.5,96,95.7,50,https://upload.wikimedia.org/wikipedia/commons/7/7f/1884_Atlantic_hurricane_2_track.png?utm_source=en.wikipedia.org&utm_campaign=imageinfo&utm_content=thumbnail_unscaled
AL061886,Hurricane Six,1886,Gold,82,3,121,,37.1,306,,88.1,86.7,96.9,93.8,50,https://thumb.wikimedia.org/wikipedia/commons/thumb/2/23/Hurricane_six_8-25-1886.jpg/1280px-Hurricane_six_8-25-1886.jpg?utm_source=en.wikipedia.org&utm_campaign=imageinfo&utm_content=thumbnail
AL071887,Hurricane Seven,1887,Gold,82,3,127,,31.23,228,,90.9,86.9,95.2,83.2,50,https://thumb.wikimedia.org/wikipedia/commons/thumb/e/ee/Hurricane_Seven_weather_map%2C_August_24%2C_1887.jpg/1280px-Hurricane_Seven_weather_map%2C_August_24%2C_1887.jpg?utm_source=en.wikipedia.org&utm_campaign=imageinfo&utm_content=thumbnail
AL031893,Hurricane Three,1893,Gold,82,3,121,,29.6,294,,88.6,87.2,94.5,92.6,50,https://thumb.wikimedia.org/wikipedia/commons/thumb/0/04/August_21%2C_1893_hurricane_3_map.png/1280px-August_21%2C_1893_hurricane_3_map.png?utm_source=en.wikipedia.org&utm_campaign=imageinfo&utm_content=thumbnail
AL101893,Hurricane Ten,1893,Gold,82,4,132,948,17.65,192,,92.4,91,83.8,77,50,https://thumb.wikimedia.org/wikipedia/commons/thumb/b/b3/Cheniere_Caminada_hurricane_weather_map%2C_October_2%2C_1893.jpg/1280px-Cheniere_Caminada_hurricane_weather_map%2C_October_2%2C_1893.jpg?utm_source=en.wikipedia.org&utm_campaign=imageinfo&utm_content=thumbnail
AL021900,Hurricane Two,1900,Gold,82,3,121,,24.97,288,,88.6,87.1,90.7,91.7,50,https://upload.wikimedia.org/wikipedia/commons/d/de/Hurricane_Two_Analysis_1900-09-16.png?utm_source=en.wikipedia.org&utm_campaign=imageinfo&utm_content=thumbnail_unscaled
AL061908,Hurricane Six,1908,Gold,82,3,121,,29.1,294,,88.4,86.2,94.2,92.5,50,https://upload.wikimedia.org/wikipedia/commons/8/8b/Hurricane_Six_surface_analysis_September_14%2C_1908.png?utm_source=en.wikipedia.org&utm_campaign=imageinfo&utm_content=thumbnail_unscaled
AL061916,Hurricane Six,1916,Gold,82,4,132,932,17.69,174,,91.9,96.3,83.9,72.6,50,https://thumb.wikimedia.org/wikipedia/commons/thumb/b/b7/Texas_hurricane_weather_map%2C_August_18%2C_1916.jpg/1280px-Texas_hurricane_weather_map%2C_August_18%2C_1916.jpg?utm_source=en.wikipedia.org&utm_campaign=imageinfo&utm_content=thumbnail
AL031921,Hurricane Three,1921,Gold,82,3,127,959,36.69,282,,89.7,85.1,96.8,91.4,50,https://upload.wikimedia.org/wikipedia/commons/7/79/Hurricane_Three_weather_analysis%2C_September_10%2C_1921.jpg?utm_source=en.wikipedia.org&utm_campaign=imageinfo&utm_content=thumbnail_unscaled
AL011930,Hurricane One,1930,Gold,82,3,127,,27.25,288,,89.6,86.5,92.9,91.9,50,https://upload.wikimedia.org/wikipedia/commons/1/19/Hurricane_One_Analysis_26_Sep_1930.jpg?utm_source=en.wikipedia.org&utm_campaign=imageinfo&utm_content=thumbnail_unscaled
AL091932,Hurricane Nine,1932,Gold,82,4,144,943,14.48,162,,94.6,92.8,79.9,71,50,https://thumb.wikimedia.org/wikipedia/commons/thumb/f/fa/San_Cipri%C3%A1n_hurricane_weather_map%2C_September_26%2C_1932.jpg/1280px-San_Cipri%C3%A1n_hurricane_weather_map%2C_September_26%2C_1932.jpg?utm_source=en.wikipedia.org&utm_campaign=imageinfo&utm_content=thumbnail
AL111933,Hurricane Eleven,1933,Gold,82,4,138,945,17.89,162,,93,92.1,84.5,70.9,50,https://thumb.wikimedia.org/wikipedia/commons/thumb/0/08/Treasure_Coast_hurricane_weather_map%2C_September_3%2C_1933_%284923441%29.jpg/1280px-Treasure_Coast_hurricane_weather_map%2C_September_3%2C_1933_%284923441%29.jpg?utm_source=en.wikipedia.org&utm_campaign=imageinfo&utm_content=thumbnail
AL131936,Hurricane Thirteen,1936,Gold,82,3,121,962,34.04,408,,87.5,83.3,96.2,98.7,50,https://thumb.wikimedia.org/wikipedia/commons/thumb/9/93/Mid-Atlantic_hurricane_weather_map%2C_September_15%2C_1936.jpg/1280px-Mid-Atlantic_hurricane_weather_map%2C_September_15%2C_1936.jpg?utm_source=en.wikipedia.org&utm_campaign=imageinfo&utm_content=thumbnail
AL051939,Hurricane Five,1939,Gold,82,4,138,,20.52,150,,93.5,94.1,87.1,65.9,50,https://thumb.wikimedia.org/wikipedia/commons/thumb/1/12/Hurricane_Five_weather_map%2C_October_16%2C_1939.jpg/1280px-Hurricane_Five_weather_map%2C_October_16%2C_1939.jpg?utm_source=en.wikipedia.org&utm_campaign=imageinfo&utm_content=thumbnail
AL091945,Hurricane Nine,1945,Gold,82,4,132,949,20.05,210,,91.1,90.6,86.4,80.9,50,https://upload.wikimedia.org/wikipedia/commons/0/00/1945_Hurricane.jpg?utm_source=en.wikipedia.org&utm_campaign=imageinfo&utm_content=thumbnail_unscaled
AL021949,Hurricane Two,1949,Gold,82,4,132,954,16.39,228,,91.3,88.7,82.5,83.5,50,https://upload.wikimedia.org/wikipedia/commons/4/48/August_26_1949_surface_weather_analysis.png?utm_source=en.wikipedia.org&utm_campaign=imageinfo&utm_content=thumbnail_unscaled
AL011950,ABLE,1950,Gold,82,3,127,953,26.58,276,,89.3,89.1,92.1,90.1,50,https://thumb.wikimedia.org/wikipedia/commons/thumb/e/ec/Hurricane_Able_weather_analysis%2C_August_19%2C_1950.jpg/1280px-Hurricane_Able_weather_analysis%2C_August_19%2C_1950.jpg?utm_source=en.wikipedia.org&utm_campaign=imageinfo&utm_content=thumbnail
AL061964,DORA,1964,Gold,82,4,132,942,33.67,366,5,91.8,93,96,97.7,27.3,https://upload.wikimedia.org/wikipedia/commons/c/c0/Hurricane_Dora_%281964%29_on_September_6th.png?utm_source=en.wikipedia.org&utm_campaign=api&utm_content=thumbnail_unscaled
AL131975,ELOISE,1975,Gold,82,3,127,950,8.87,192,80,89.1,90.3,68.3,76.9,75.8,https://thumb.wikimedia.org/wikipedia/commons/thumb/1/14/Eloise_1975-09-23_1302Z_%28Colored%29.png/1280px-Eloise_1975-09-23_1302Z_%28Colored%29.png?utm_source=en.wikipedia.org&utm_campaign=api&utm_content=thumbnail
AL061982,DEBBY,1982,Gold,82,4,132,950,18.4,150,,92.6,90.2,85,66.3,50,https://thumb.wikimedia.org/wikipedia/commons/thumb/7/75/Debby_1982-09-17_2100Z.png/1280px-Debby_1982-09-17_2100Z.png?utm_source=en.wikipedia.org&utm_campaign=imageinfo&utm_content=thumbnail
AL152001,MICHELLE,2001,Gold,82,4,138,933,17.5,138,,93,96,83.5,61.9,50,https://thumb.wikimedia.org/wikipedia/commons/thumb/b/b5/Michelle_2001-11-03_1245Z.png/1280px-Michelle_2001-11-03_1245Z.png?utm_source=en.wikipedia.org&utm_campaign=api&utm_content=thumbnail
AL032004,CHARLEY,2004,Gold,82,4,150,941,10.88,120,35,96.8,93.4,73.2,57.3,61,https://thumb.wikimedia.org/wikipedia/commons/thumb/5/5c/Charley_2004-08-13_1945Z.jpg/1280px-Charley_2004-08-13_1945Z.jpg?utm_source=en.wikipedia.org&utm_campaign=api&utm_content=thumbnail
AL082006,GORDON,2006,Gold,82,3,121,955,25.4,294,,88.2,88,91.2,92.5,50,https://thumb.wikimedia.org/wikipedia/commons/thumb/2/2c/Gordon_2006-09-14_1709Z.jpg/1280px-Gordon_2006-09-14_1709Z.jpg?utm_source=en.wikipedia.org&utm_campaign=api&utm_content=thumbnail
AL122010,JULIA,2010,Gold,82,4,138,948,16.08,210,,93.4,91.1,81.7,81.1,50,https://thumb.wikimedia.org/wikipedia/commons/thumb/e/e1/Julia_2010-09-15_1445Z.png/1280px-Julia_2010-09-15_1445Z.png?utm_source=en.wikipedia.org&utm_campaign=api&utm_content=thumbnail
AL312020,IOTA,2020,Gold,82,4,155,917,12.32,108,,97.5,98.9,76.2,52.6,50,https://thumb.wikimedia.org/wikipedia/commons/thumb/b/b7/Iota_2020-11-16_1320Z.jpg/1280px-Iota_2020-11-16_1320Z.jpg?utm_source=en.wikipedia.org&utm_campaign=api&utm_content=thumbnail
AL011856,Hurricane One,1856,Gold,81,4,150,934,11.75,78,,97.2,95.8,75.2,40.3,50,https://thumb.wikimedia.org/wikipedia/commons/thumb/3/3e/One_1856_path.png/1280px-One_1856_path.png?utm_source=en.wikipedia.org&utm_campaign=imageinfo&utm_content=thumbnail
AL021873,Hurricane Two,1873,Gold,81,3,115,962,35.3,378,,85.1,83.2,96.5,98.1,50,https://thumb.wikimedia.org/wikipedia/commons/thumb/a/ac/Hurricane_Two_weather_map%2C_August_24%2C_1873.jpg/1280px-Hurricane_Two_weather_map%2C_August_24%2C_1873.jpg?utm_source=en.wikipedia.org&utm_campaign=imageinfo&utm_content=thumbnail
AL051873,Hurricane Five,1873,Gold,81,3,115,959,28.84,342,,85.9,85.1,94.1,96.3,50,https://thumb.wikimedia.org/wikipedia/commons/thumb/4/4f/Hurricane_Five_weather_map_%28high_quality%29%2C_October_7%2C_1873.jpg/1280px-Hurricane_Five_weather_map_%28high_quality%29%2C_October_7%2C_1873.jpg?utm_source=en.wikipedia.org&utm_campaign=imageinfo&utm_content=thumbnail
AL021883,Hurricane Two,1883,Gold,81,3,127,963,27.01,234,,90.8,83.1,92.6,84.9,50,https://thumb.wikimedia.org/wikipedia/commons/thumb/5/55/Hurricane_Two_weather_map%2C_August_30%2C_1883.jpg/1280px-Hurricane_Two_weather_map%2C_August_30%2C_1883.jpg?utm_source=en.wikipedia.org&utm_campaign=imageinfo&utm_content=thumbnail
AL031888,Hurricane Three,1888,Gold,81,3,127,,21.04,246,,90.4,86.9,87.8,87.2,50,https://thumb.wikimedia.org/wikipedia/commons/thumb/d/d8/1888_Louisiana_hurricane_%28Hurricane_Three%29_weather_map%2C_August_20%2C_1888.jpg/1280px-1888_Louisiana_hurricane_%28Hurricane_Three%29_weather_map%2C_August_20%2C_1888.jpg?utm_source=en.wikipedia.org&utm_campaign=imageinfo&utm_content=thumbnail
AL041893,Hurricane Four,1893,Gold,81,3,115,952,26.15,276,,83.9,89.5,91.8,90.2,50,https://thumb.wikimedia.org/wikipedia/commons/thumb/a/af/New_York_hurricane_weather_analysis%2C_August_24%2C_1893.jpg/1280px-New_York_hurricane_weather_analysis%2C_August_24%2C_1893.jpg?utm_source=en.wikipedia.org&utm_campaign=imageinfo&utm_content=thumbnail
AL031894,Hurricane Three,1894,Gold,81,3,115,948,26.58,258,,83.4,90.9,92,88.2,50,https://upload.wikimedia.org/wikipedia/commons/3/31/1894_Atlantic_hurricane_3_track.png?utm_source=en.wikipedia.org&utm_campaign=imageinfo&utm_content=thumbnail_unscaled
AL051894,Hurricane Five,1894,Gold,81,3,121,,27.55,276,,86.9,87.2,93.1,90.5,50,https://thumb.wikimedia.org/wikipedia/commons/thumb/8/82/Florida_Panhandle_hurricane_weather_map%2C_October_8%2C_1894.jpg/1280px-Florida_Panhandle_hurricane_weather_map%2C_October_8%2C_1894.jpg?utm_source=en.wikipedia.org&utm_campaign=imageinfo&utm_content=thumbnail
AL021896,Hurricane Two,1896,Gold,81,3,115,956,37.11,300,,83.4,87.9,97,92.8,50,https://upload.wikimedia.org/wikipedia/commons/5/57/September_10%2C_1896_hurricane_2_weather_map.jpg?utm_source=en.wikipedia.org&utm_campaign=imageinfo&utm_content=thumbnail_unscaled
AL021903,Hurricane Two,1903,Gold,81,3,121,958,28.95,252,,88.7,85.3,94.1,87.6,50,https://upload.wikimedia.org/wikipedia/commons/5/50/Hurricane_Two_1903_surface_analysis_September_12.png?utm_source=en.wikipedia.org&utm_campaign=imageinfo&utm_content=thumbnail_unscaled
AL041905,Hurricane Four,1905,Gold,81,3,121,945,20.41,258,,88.2,92,86.9,88.3,50,https://thumb.wikimedia.org/wikipedia/commons/thumb/b/b1/Hurricane_Four_weather_map%2C_October_9%2C_1905.jpg/1280px-Hurricane_Four_weather_map%2C_October_9%2C_1905.jpg?utm_source=en.wikipedia.org&utm_campaign=imageinfo&utm_content=thumbnail
AL011926,Hurricane One,1926,Gold,81,4,138,967,21.86,174,,92.8,80.7,88.5,72.7,50,https://upload.wikimedia.org/wikipedia/commons/f/f6/Nassau_Hurricane_%28Hurricane_One%29_weather_analysis%2C_July_26%2C_1926.jpg?utm_source=en.wikipedia.org&utm_campaign=imageinfo&utm_content=thumbnail_unscaled
AL061931,Hurricane Six,1931,Gold,81,4,132,,10.42,144,,91.7,94.2,72.5,64.3,50,https://upload.wikimedia.org/wikipedia/commons/1/16/1931_Belize_hurricane_analysis_10_Sep_%28MWR%29.jpg?utm_source=en.wikipedia.org&utm_campaign=imageinfo&utm_content=thumbnail_unscaled
AL041941,Hurricane Four,1941,Gold,81,4,132,,12.59,138,,91,94.1,76.8,64.2,50,https://thumb.wikimedia.org/wikipedia/commons/thumb/6/6c/Hurricane_Four_analysis%2C_September_27%2C_1941.jpg/1280px-Hurricane_Four_analysis%2C_September_27%2C_1941.jpg?utm_source=en.wikipedia.org&utm_campaign=imageinfo&utm_content=thumbnail
AL041951,CHARLIE,1951,Gold,81,4,132,968,20.72,228,,91.5,79.8,87.5,83.7,50,https://thumb.wikimedia.org/wikipedia/commons/thumb/d/d0/Hurricane_Charlie_weather_map%2C_August_19%2C_1951.jpg/1280px-Hurricane_Charlie_weather_map%2C_August_19%2C_1951.jpg?utm_source=en.wikipedia.org&utm_campaign=api&utm_content=thumbnail
AL021957,AUDREY,1957,Gold,81,3,127,946,8.22,102,416,89.2,91.7,66.1,50,89.2,https://upload.wikimedia.org/wikipedia/commons/e/ec/Audrey_before_landfall.gif?utm_source=en.wikipedia.org&utm_campaign=api&utm_content=thumbnail_unscaled
AL041958,DAISY,1958,Gold,81,4,132,948,16.84,156,,91.2,90.9,82.9,68.8,50,https://upload.wikimedia.org/wikipedia/commons/e/ed/DaisyAug2819580530UTCNavyRecon.png?utm_source=en.wikipedia.org&utm_campaign=imageinfo&utm_content=thumbnail_unscaled
AL091959,HANNAH,1959,Gold,81,3,121,959,31.34,258,,86,85,95.3,88.2,50,https://upload.wikimedia.org/wikipedia/commons/1/13/Hurricane_Hannah_surface_analysis_October_1_1959.jpg?utm_source=en.wikipedia.org&utm_campaign=imageinfo&utm_content=thumbnail_unscaled
AL011966,ALMA,1966,Gold,81,3,115,970,14.71,204,90,84.7,79,80.2,79.2,77.1,https://upload.wikimedia.org/wikipedia/commons/b/b5/Hurricane_Alma.jpg?utm_source=en.wikipedia.org&utm_campaign=api&utm_content=thumbnail_unscaled
AL041970,CELIA,1970,Gold,81,4,138,944,8.34,90,28,93.1,92.4,66.8,46.1,58.9,https://upload.wikimedia.org/wikipedia/commons/5/52/Celia_1970-08-03_1810Z.jpg?utm_source=en.wikipedia.org&utm_campaign=api&utm_content=thumbnail_unscaled
AL101978,ELLA,1978,Gold,81,4,138,956,19.24,138,,93.1,87.7,85.7,62.3,50,https://thumb.wikimedia.org/wikipedia/commons/thumb/9/9f/Ella_1978-09-01_1900Z.jpg/1280px-Ella_1978-09-01_1900Z.jpg?utm_source=en.wikipedia.org&utm_campaign=imageinfo&utm_content=thumbnail
AL161978,GRETA,1978,Gold,81,4,132,947,11.6,114,,92.1,91.4,74.8,55,50,https://thumb.wikimedia.org/wikipedia/commons/thumb/8/8f/Greta_1978-09-17_2131Z.jpg/1280px-Greta_1978-09-17_2131Z.jpg?utm_source=en.wikipedia.org&utm_campaign=api&utm_content=thumbnail
AL121980,FRANCES,1980,Gold,81,3,115,958,37.44,342,,83.5,85.5,97.1,96.3,50,https://thumb.wikimedia.org/wikipedia/commons/thumb/4/4b/Frances_1980-09-09_1200Z.jpg/1280px-Frances_1980-09-09_1200Z.jpg?utm_source=en.wikipedia.org&utm_campaign=imageinfo&utm_content=thumbnail
AL161981,HARVEY,1981,Gold,81,4,132,946,16.38,150,,92.5,91.5,82.5,67.1,50,https://thumb.wikimedia.org/wikipedia/commons/thumb/7/70/Harvey_1981-09-14_2000Z.png/1280px-Harvey_1981-09-14_2000Z.png?utm_source=en.wikipedia.org&utm_campaign=imageinfo&utm_content=thumbnail
AL061991,CLAUDETTE,1991,Gold,81,4,132,944,14.01,144,,92.7,92.3,79,65.3,50,https://thumb.wikimedia.org/wikipedia/commons/thumb/1/1a/Claudette_1991-09-07_1245Z.png/1280px-Claudette_1991-09-07_1245Z.png?utm_source=en.wikipedia.org&utm_campaign=imageinfo&utm_content=thumbnail
AL152000,KEITH,2000,Gold,81,4,138,939,12.21,150,,94.1,93.9,76.1,67.6,50,https://thumb.wikimedia.org/wikipedia/commons/thumb/5/50/Keith_2000-10-01_1245Z.png/1280px-Keith_2000-10-01_1245Z.png?utm_source=en.wikipedia.org&utm_campaign=api&utm_content=thumbnail
AL112001,IRIS,2001,Gold,81,4,144,948,9.99,90,,95.3,90.8,71.5,45.3,50,https://thumb.wikimedia.org/wikipedia/commons/thumb/0/0a/Iris_2001-10-08_1815Z.png/1280px-Iris_2001-10-08_1815Z.png?utm_source=en.wikipedia.org&utm_campaign=api&utm_content=thumbnail
AL072016,GASTON,2016,Gold,81,3,121,955,25.04,270,,86.2,88.3,90.8,89.8,50,https://thumb.wikimedia.org/wikipedia/commons/thumb/7/73/Gaston_2016-08-30_1625Z.jpg/1280px-Gaston_2016-08-30_1625Z.jpg?utm_source=en.wikipedia.org&utm_campaign=imageinfo&utm_content=thumbnail
AL262020,DELTA,2020,Gold,81,4,138,953,15.11,120,8,94.2,89,80.6,58.1,36.4,https://thumb.wikimedia.org/wikipedia/commons/thumb/b/b0/Delta_2020-10-08_1920Z.jpg/1280px-Delta_2020-10-08_1920Z.jpg?utm_source=en.wikipedia.org&utm_campaign=api&utm_content=thumbnail
AL011852,Hurricane One,1852,Gold,80,3,115,961,26.36,264,,85.6,84.1,91.8,88.9,50,https://thumb.wikimedia.org/wikipedia/commons/thumb/2/28/One_1852_path.png/1280px-One_1852_path.png?utm_source=en.wikipedia.org&utm_campaign=imageinfo&utm_content=thumbnail
AL041871,Hurricane Four,1871,Gold,80,3,115,962,25.38,330,,85,83.5,91.1,95.3,50,https://thumb.wikimedia.org/wikipedia/commons/thumb/3/31/Four_1871_path.png/1280px-Four_1871_path.png?utm_source=en.wikipedia.org&utm_campaign=imageinfo&utm_content=thumbnail
AL051876,Hurricane Five,1876,Gold,80,3,115,958,23.77,282,,85.4,85.8,90,91.5,50,https://thumb.wikimedia.org/wikipedia/commons/thumb/7/79/Hurricane_Five_weather_map%2C_October_19%2C_1876_%2830211347%29.jpg/1280px-Hurricane_Five_weather_map%2C_October_19%2C_1876_%2830211347%29.jpg?utm_source=en.wikipedia.org&utm_campaign=imageinfo&utm_content=thumbnail
AL041888,Hurricane Four,1888,Gold,80,3,127,,22.22,198,,90.4,86.8,88.8,78.3,50,https://thumb.wikimedia.org/wikipedia/commons/thumb/c/cc/Hurricane_Four_weather_map%2C_September_5%2C_1888.jpg/1280px-Hurricane_Four_weather_map%2C_September_5%2C_1888.jpg?utm_source=en.wikipedia.org&utm_campaign=imageinfo&utm_content=thumbnail
AL041898,Hurricane Four,1898,Gold,80,2,109,965,40.8,360,,80.3,81.7,97.9,97.4,50,https://thumb.wikimedia.org/wikipedia/commons/thumb/e/ee/1898_Windward_Islands_hurricane_surface_analysis_1898-09-11_morning.png/1280px-1898_Windward_Islands_hurricane_surface_analysis_1898-09-11_morning.png?utm_source=en.wikipedia.org&utm_campaign=imageinfo&utm_content=thumbnail
AL081908,Hurricane Eight,1908,Gold,80,2,109,,30.8,390,,80.8,77.3,95.1,98.4,50,https://upload.wikimedia.org/wikipedia/commons/7/76/Hurricane_Eight_surface_analysis_October_02%2C_1908.png?utm_source=en.wikipedia.org&utm_campaign=imageinfo&utm_content=thumbnail_unscaled
AL051923,Hurricane Five,1923,Gold,80,3,121,,22.18,240,,87.4,86.7,88.7,85.9,50,https://upload.wikimedia.org/wikipedia/commons/3/34/Hurricane_Five_analysis_30_Sept_1923.png?utm_source=en.wikipedia.org&utm_campaign=imageinfo&utm_content=thumbnail_unscaled
AL021926,Hurricane Two,1926,Gold,80,3,121,,26.41,210,,88.3,86.3,91.9,81.2,50,https://thumb.wikimedia.org/wikipedia/commons/thumb/9/9b/Nova_Scotia_hurricane_%28Hurricane_Two%29_weather_analysis_August_5%2C_1926.jpg/1280px-Nova_Scotia_hurricane_%28Hurricane_Two%29_weather_analysis_August_5%2C_1926.jpg?utm_source=en.wikipedia.org&utm_campaign=imageinfo&utm_content=thumbnail
AL021932,Hurricane Two,1932,Gold,80,4,150,935,6.63,66,,96.5,95.6,60,36.3,50,https://upload.wikimedia.org/wikipedia/commons/9/9f/Freeport_hurricane_weather_map%2C_August_13%2C_1932.jpg?utm_source=en.wikipedia.org&utm_campaign=imageinfo&utm_content=thumbnail_unscaled
AL061937,Hurricane Six,1937,Gold,80,3,127,951,22.09,180,,89.3,89.8,88.6,74.2,50,https://upload.wikimedia.org/wikipedia/commons/9/9d/Hurricane_Six_surface_analysis_15_September_1937.png?utm_source=en.wikipedia.org&utm_campaign=imageinfo&utm_content=thumbnail_unscaled
AL041943,Hurricane Four,1943,Gold,80,3,121,,27.79,210,,86.5,86.4,93.3,80.9,50,https://thumb.wikimedia.org/wikipedia/commons/thumb/7/78/Hurricane_Four_surface_analysis_1943.jpg/1280px-Hurricane_Four_surface_analysis_1943.jpg?utm_source=en.wikipedia.org&utm_campaign=imageinfo&utm_content=thumbnail
AL031948,Hurricane Three,1948,Gold,80,3,121,,22.52,246,,88.1,86.1,89,86.9,50,https://thumb.wikimedia.org/wikipedia/commons/thumb/1/14/Hurricane_Three_%28Able%29_weather_map%2C_August_29%2C_1948.jpg/1280px-Hurricane_Three_%28Able%29_weather_map%2C_August_29%2C_1948.jpg?utm_source=en.wikipedia.org&utm_campaign=imageinfo&utm_content=thumbnail
AL111950,KING,1950,Gold,80,4,132,955,9.74,114,11,91.3,88.5,70.3,55.7,44.2,https://upload.wikimedia.org/wikipedia/commons/a/af/King_1950-10-18_weather_map.jpg?utm_source=en.wikipedia.org&utm_campaign=api&utm_content=thumbnail_unscaled
AL091951,HOW,1951,Gold,80,2,98,963,20.11,264,276,73.5,82.7,86.5,89.1,87.4,https://upload.wikimedia.org/wikipedia/commons/1/17/How_1951-10-05_weather_map.jpg?utm_source=en.wikipedia.org&utm_campaign=imageinfo&utm_content=thumbnail_unscaled
AL061954,CAROL,1954,Gold,80,3,115,955,14.47,150,72,84.4,88.4,79.8,67.3,73.6,https://thumb.wikimedia.org/wikipedia/commons/thumb/f/ff/Hurricane_Carol_weather_map_%28high_quality%29%2C_August_31%2C_1954.jpg/1280px-Hurricane_Carol_weather_map_%28high_quality%29%2C_August_31%2C_1954.jpg?utm_source=en.wikipedia.org&utm_campaign=api&utm_content=thumbnail
AL031955,DIANE,1955,Gold,80,2,104,969,19.48,336,184,77,79.3,85.8,96.2,84.4,https://thumb.wikimedia.org/wikipedia/commons/thumb/6/62/Hurricane_Diane_weather_map%2C_August_13%2C_1955.jpg/1280px-Hurricane_Diane_weather_map%2C_August_13%2C_1955.jpg?utm_source=en.wikipedia.org&utm_campaign=api&utm_content=thumbnail
AL021963,BEULAH,1963,Gold,80,3,121,958,21.57,282,,86.3,85.7,88.1,90.8,50,https://upload.wikimedia.org/wikipedia/commons/5/5f/Beulah1963tirosVII.png?utm_source=en.wikipedia.org&utm_campaign=imageinfo&utm_content=thumbnail_unscaled
AL081963,GINNY,1963,Gold,80,2,109,948,24.55,264,,82.3,91.3,90.4,89.3,50,https://upload.wikimedia.org/wikipedia/commons/3/32/63tirosvii_19.JPG?utm_source=en.wikipedia.org&utm_campaign=api&utm_content=thumbnail_unscaled
AL121967,CHLOE,1967,Gold,80,2,109,958,31.67,372,,82.3,85.6,95.4,98,50,https://upload.wikimedia.org/wikipedia/commons/4/47/ChloeSep141967ESSA5.png?utm_source=en.wikipedia.org&utm_campaign=imageinfo&utm_content=thumbnail_unscaled
AL201969,INGA,1969,Gold,80,2,109,964,24.89,540,,82.6,82.1,90.6,99.9,50,https://upload.wikimedia.org/wikipedia/commons/0/05/Inga_1969-10-05_1450Z.jpg?utm_source=en.wikipedia.org&utm_campaign=imageinfo&utm_content=thumbnail_unscaled
AL091974,BECKY,1974,Gold,80,4,132,977,14.77,138,,92,68.3,80.3,62.7,50,https://thumb.wikimedia.org/wikipedia/commons/thumb/b/bf/Becky_1974-08-30_1500Z_%28Colored%29.png/1280px-Becky_1974-08-30_1500Z_%28Colored%29.png?utm_source=en.wikipedia.org&utm_campaign=imageinfo&utm_content=thumbnail
AL181981,IRENE,1981,Gold,80,3,121,959,23.25,240,,87.6,84.9,89.5,86.2,50,https://thumb.wikimedia.org/wikipedia/commons/thumb/d/d3/Irene_1981-09-28_1830Z.png/1280px-Irene_1981-09-28_1830Z.png?utm_source=en.wikipedia.org&utm_campaign=imageinfo&utm_content=thumbnail
AL101984,DIANA,1984,Gold,80,4,132,949,15.54,186,3,92.6,90.7,81.1,75.4,16.5,https://thumb.wikimedia.org/wikipedia/commons/thumb/5/55/Diana_1984-09-11_2200Z.png/1280px-Diana_1984-09-11_2200Z.png?utm_source=en.wikipedia.org&utm_campaign=api&utm_content=thumbnail
AL081990,GUSTAV,1990,Gold,80,3,121,956,23.25,222,,88.4,87.8,89.5,82.8,50,https://thumb.wikimedia.org/wikipedia/commons/thumb/e/e6/Gustav_1990-08-30_2130Z.png/1280px-Gustav_1990-08-30_2130Z.png?utm_source=en.wikipedia.org&utm_campaign=imageinfo&utm_content=thumbnail
AL101995,IRIS,1995,Gold,80,2,109,957,27.04,378,,81.3,87.4,92.6,98.2,50,https://thumb.wikimedia.org/wikipedia/commons/thumb/d/de/Iris_1995-08-31_1815Z.jpg/1280px-Iris_1995-08-31_1815Z.jpg?utm_source=en.wikipedia.org&utm_campaign=api&utm_content=thumbnail
AL151995,MARILYN,1995,Gold,80,3,115,949,23.05,252,,83.1,90.7,89.3,87.5,50,https://thumb.wikimedia.org/wikipedia/commons/thumb/6/66/Marilyn_1995-09-16_1720Z.png/1280px-Marilyn_1995-09-16_1720Z.png?utm_source=en.wikipedia.org&utm_campaign=api&utm_content=thumbnail
AL041998,DANIELLE,1998,Gold,80,2,104,960,28.09,336,,79.4,84.8,93.5,95.9,50,https://thumb.wikimedia.org/wikipedia/commons/thumb/7/73/Danielle_1998-08-31_1715Z.png/1280px-Danielle_1998-08-31_1715Z.png?utm_source=en.wikipedia.org&utm_campaign=imageinfo&utm_content=thumbnail
AL031999,BRET,1999,Gold,80,4,144,944,11.6,96,7,95.6,92.2,74.9,47.9,34.6,https://upload.wikimedia.org/wikipedia/commons/6/6c/Bret_08-22-1999_1431Z_%28cropped%29.png?utm_source=en.wikipedia.org&utm_campaign=api&utm_content=thumbnail_unscaled
AL062001,ERIN,2001,Gold,80,3,121,968,22.4,354,,88,80,88.9,97,50,https://thumb.wikimedia.org/wikipedia/commons/thumb/4/48/Erin_2001-09-09_1527Z.jpg/1280px-Erin_2001-09-09_1527Z.jpg?utm_source=en.wikipedia.org&utm_campaign=imageinfo&utm_content=thumbnail
AL152008,OMAR,2008,Gold,80,4,132,958,9.27,114,,92.4,85.3,69.1,54.9,50,https://thumb.wikimedia.org/wikipedia/commons/thumb/8/8a/Omar_2008-10-16.jpg/1280px-Omar_2008-10-16.jpg?utm_source=en.wikipedia.org&utm_campaign=api&utm_content=thumbnail
AL172008,PALOMA,2008,Gold,80,4,144,944,9.2,78,,94.7,92.5,69,42.1,50,https://thumb.wikimedia.org/wikipedia/commons/thumb/a/a0/Paloma_2008-11-08_1835Z_%28cropped%29.jpg/1280px-Paloma_2008-11-08_1835Z_%28cropped%29.jpg?utm_source=en.wikipedia.org&utm_campaign=api&utm_content=thumbnail
AL041851,Hurricane Four,1851,Gold,79,3,115,,21.83,282,,82.7,86,88.4,91.2,50,https://thumb.wikimedia.org/wikipedia/commons/thumb/4/4f/Four_1851_path.png/1280px-Four_1851_path.png?utm_source=en.wikipedia.org&utm_campaign=imageinfo&utm_content=thumbnail
AL031854,Hurricane Three,1854,Gold,79,3,127,938,17.58,138,,90.6,94.8,83.7,63.9,50,https://thumb.wikimedia.org/wikipedia/commons/thumb/f/f3/Three_1854_path.png/1280px-Three_1854_path.png?utm_source=en.wikipedia.org&utm_campaign=imageinfo&utm_content=thumbnail
AL021857,Hurricane Two,1857,Gold,79,2,104,961,22.93,276,,75.4,84,89.3,90.6,50,https://thumb.wikimedia.org/wikipedia/commons/thumb/7/74/Two_1857_path.png/1280px-Two_1857_path.png?utm_source=en.wikipedia.org&utm_campaign=imageinfo&utm_content=thumbnail
AL061859,Hurricane Six,1859,Gold,79,3,127,938,19.56,114,,90.2,94.7,85.9,53.9,50,https://thumb.wikimedia.org/wikipedia/commons/thumb/5/55/Six_1859_path.png/1280px-Six_1859_path.png?utm_source=en.wikipedia.org&utm_campaign=imageinfo&utm_content=thumbnail
AL061870,Hurricane Six,1870,Gold,79,3,115,959,25.88,234,,82.8,85.2,91.5,85,50,https://thumb.wikimedia.org/wikipedia/commons/thumb/e/ec/Hurricane_of_October_7%2C_1870%2C_map.jpg/1280px-Hurricane_of_October_7%2C_1870%2C_map.jpg?utm_source=en.wikipedia.org&utm_campaign=imageinfo&utm_content=thumbnail
AL031871,Hurricane Three,1871,Gold,79,3,115,952,21,228,,82.8,89.4,87.8,84.1,50,https://thumb.wikimedia.org/wikipedia/commons/thumb/0/09/Three_1871_path.png/1280px-Three_1871_path.png?utm_source=en.wikipedia.org&utm_campaign=imageinfo&utm_content=thumbnail
AL021872,Hurricane Two,1872,Gold,79,2,104,,27.35,330,,77.6,76.5,93,95.6,50,https://thumb.wikimedia.org/wikipedia/commons/thumb/8/85/Two_1872_path.png/1280px-Two_1872_path.png?utm_source=en.wikipedia.org&utm_campaign=imageinfo&utm_content=thumbnail
AL051878,Hurricane Five,1878,Gold,79,2,104,970,21.74,306,,78.5,78.9,88.3,94.2,50,https://thumb.wikimedia.org/wikipedia/commons/thumb/f/fc/Hurricane_Five_weather_map%2C_September_12%2C_1878_%285984423%29.jpg/1280px-Hurricane_Five_weather_map%2C_September_12%2C_1878_%285984423%29.jpg?utm_source=en.wikipedia.org&utm_campaign=imageinfo&utm_content=thumbnail
AL061889,Hurricane Six,1889,Gold,79,2,109,,23.66,348,,81.2,74.6,89.9,96.6,50,https://thumb.wikimedia.org/wikipedia/commons/thumb/7/76/Hurricane_Six_weather_map%2C_September_23%2C_1889.jpg/1280px-Hurricane_Six_weather_map%2C_September_23%2C_1889.jpg?utm_source=en.wikipedia.org&utm_campaign=imageinfo&utm_content=thumbnail
AL031890,Hurricane Three,1890,Gold,79,3,121,,23.13,192,,88.3,87.1,89.4,76.6,50,https://thumb.wikimedia.org/wikipedia/commons/thumb/f/f8/Hurricane_Three_weather_map%2C_September_1%2C_1890.jpg/1280px-Hurricane_Three_weather_map%2C_September_1%2C_1890.jpg?utm_source=en.wikipedia.org&utm_campaign=imageinfo&utm_content=thumbnail
AL031891,Hurricane Three,1891,Gold,79,3,127,961,20.89,174,,90.5,83.9,87.6,73.2,50,https://thumb.wikimedia.org/wikipedia/commons/thumb/a/a1/Martinique_hurricane_weather_map%2C_August_24%2C_1891.jpg/1280px-Martinique_hurricane_weather_map%2C_August_24%2C_1891.jpg?utm_source=en.wikipedia.org&utm_campaign=imageinfo&utm_content=thumbnail
AL071894,Hurricane Seven,1894,Gold,79,2,109,955,24.26,246,,80.1,88.4,90.2,87.2,50,https://upload.wikimedia.org/wikipedia/commons/8/87/1894_Atlantic_hurricane_7_track.png?utm_source=en.wikipedia.org&utm_campaign=imageinfo&utm_content=thumbnail_unscaled
AL051895,Hurricane Five,1895,Gold,79,2,104,,34.12,348,,75.1,75,96.3,96.8,50,https://thumb.wikimedia.org/wikipedia/commons/thumb/1/17/Hurricane_Five_weather_map%2C_October_22%2C_1895.jpg/1280px-Hurricane_Five_weather_map%2C_October_22%2C_1895.jpg?utm_source=en.wikipedia.org&utm_campaign=imageinfo&utm_content=thumbnail
AL041896,Hurricane Four,1896,Gold,79,3,127,960,20.08,198,,90.3,84.5,86.5,78.7,50,https://thumb.wikimedia.org/wikipedia/commons/thumb/b/ba/September_29%2C_1896_hurricane_weather_map.jpg/1280px-September_29%2C_1896_hurricane_weather_map.jpg?utm_source=en.wikipedia.org&utm_campaign=imageinfo&utm_content=thumbnail
AL061906,Hurricane Six,1906,Gold,79,3,121,953,16.77,216,,88.5,88.9,82.8,81.7,50,https://thumb.wikimedia.org/wikipedia/commons/thumb/f/f3/Mississippi_hurricane_weather_map%2C_September_26%2C_1906.jpg/1280px-Mississippi_hurricane_weather_map%2C_September_26%2C_1906.jpg?utm_source=en.wikipedia.org&utm_campaign=imageinfo&utm_content=thumbnail
AL061909,Hurricane Six,1909,Gold,79,3,121,,22.71,198,,88.8,86.2,89.1,78.6,50,https://upload.wikimedia.org/wikipedia/commons/3/34/Monterrey_hurricane_%28Hurricane_Six%29_weather_map%2C_August_27%2C_1909.jpg?utm_source=en.wikipedia.org&utm_campaign=imageinfo&utm_content=thumbnail_unscaled
AL031917,Hurricane Three,1917,Gold,79,3,121,,22.93,204,,87,86.6,89.2,79.1,50,https://upload.wikimedia.org/wikipedia/commons/7/70/Hurricane_Three_surface_analysis_4_Sept_1917.jpg?utm_source=en.wikipedia.org&utm_campaign=imageinfo&utm_content=thumbnail_unscaled
AL031924,Hurricane Three,1924,Gold,79,3,121,963,24.59,234,,87.4,82.9,90.4,85.2,50,https://thumb.wikimedia.org/wikipedia/commons/thumb/0/0e/Hurricane_Three_weather_analysis%2C_August_24%2C_1924.jpg/1280px-Hurricane_Three_weather_analysis%2C_August_24%2C_1924.jpg?utm_source=en.wikipedia.org&utm_campaign=imageinfo&utm_content=thumbnail
AL041924,Hurricane Four,1924,Gold,79,2,109,965,28.29,282,,80.3,81.9,93.6,91.4,50,https://thumb.wikimedia.org/wikipedia/commons/thumb/5/58/Hurricane_Four_weather_map%2C_August_31%2C_1924.jpg/1280px-Hurricane_Four_weather_map%2C_August_31%2C_1924.jpg?utm_source=en.wikipedia.org&utm_campaign=imageinfo&utm_content=thumbnail
AL021933,Hurricane Two,1933,Gold,79,2,109,,29.14,300,,80,73.3,94.2,93.3,50,https://thumb.wikimedia.org/wikipedia/commons/thumb/b/bd/Trinidad_hurricane_Weather_Map_7-4-1933_%282309864%29.jpg/1280px-Trinidad_hurricane_Weather_Map_7-4-1933_%282309864%29.jpg?utm_source=en.wikipedia.org&utm_campaign=imageinfo&utm_content=thumbnail
AL101936,Hurricane Ten,1936,Gold,79,2,109,,28.7,276,,81.2,76.4,93.9,90,50,https://thumb.wikimedia.org/wikipedia/commons/thumb/3/30/Hurricane_Ten_weather_map%2C_September_1%2C_1936.jpg/1280px-Hurricane_Ten_weather_map%2C_September_1%2C_1936.jpg?utm_source=en.wikipedia.org&utm_campaign=imageinfo&utm_content=thumbnail
AL031950,CHARLIE,1950,Gold,79,2,109,974,26.06,360,,81.8,70.3,91.6,97.5,50,https://thumb.wikimedia.org/wikipedia/commons/thumb/f/f3/Hurricane_Charlie_weather_analysis%2C_August_30%2C_1950.jpg/1280px-Hurricane_Charlie_weather_analysis%2C_August_30%2C_1950.jpg?utm_source=en.wikipedia.org&utm_campaign=imageinfo&utm_content=thumbnail
AL071950,GEORGE,1950,Gold,79,2,109,960,17.7,246,,81.8,84.7,83.9,86.4,50,https://thumb.wikimedia.org/wikipedia/commons/thumb/2/2b/Hurricane_George_weather_map%2C_October_4%2C_1950.jpg/1280px-Hurricane_George_weather_map%2C_October_4%2C_1950.jpg?utm_source=en.wikipedia.org&utm_campaign=imageinfo&utm_content=thumbnail
AL041952,BAKER,1952,Gold,79,2,109,969,20.35,234,,82,79.5,86.8,84.6,50,https://thumb.wikimedia.org/wikipedia/commons/thumb/5/56/Hurricane_Baker_weather_map%2C_September_3%2C_1952.jpg/1280px-Hurricane_Baker_weather_map%2C_September_3%2C_1952.jpg?utm_source=en.wikipedia.org&utm_campaign=imageinfo&utm_content=thumbnail
AL051962,ELLA,1962,Gold,79,2,109,958,17.18,234,,82.4,85.7,83.3,84.2,50,https://upload.wikimedia.org/wikipedia/commons/8/8d/Hurricane_Ella_surface_analysis_October_19_1962.jpg?utm_source=en.wikipedia.org&utm_campaign=imageinfo&utm_content=thumbnail_unscaled
AL121973,ELLEN,1973,Gold,79,3,115,962,19.44,300,,84.7,83.8,85.8,93.4,50,https://thumb.wikimedia.org/wikipedia/commons/thumb/7/79/Ellen_1973_from_Skylab_3.jpg/1280px-Ellen_1973_from_Skylab_3.jpg?utm_source=en.wikipedia.org&utm_campaign=imageinfo&utm_content=thumbnail
AL131985,KATE,1985,Gold,79,3,121,954,19.19,192,15,86.7,88.8,85.6,76.7,51.5,https://thumb.wikimedia.org/wikipedia/commons/thumb/c/cf/Kate_1985-11-20_1400Z.png/1280px-Kate_1985-11-20_1400Z.png?utm_source=en.wikipedia.org&utm_campaign=api&utm_content=thumbnail
AL051992,BONNIE,1992,Gold,79,2,109,965,23.4,312,,81,81.4,89.7,94.7,50,https://thumb.wikimedia.org/wikipedia/commons/thumb/4/41/Bonnie_1992-09-21_1830Z.png/1280px-Bonnie_1992-09-21_1830Z.png?utm_source=en.wikipedia.org&utm_campaign=imageinfo&utm_content=thumbnail
AL091995,HUMBERTO,1995,Gold,79,2,109,968,22.51,234,,81.1,79.9,89,84.3,50,https://thumb.wikimedia.org/wikipedia/commons/thumb/c/ce/Humberto_1995-08-24_1515Z.jpg/1280px-Humberto_1995-08-24_1515Z.jpg?utm_source=en.wikipedia.org&utm_campaign=imageinfo&utm_content=thumbnail
AL121996,LILI,1996,Gold,79,3,115,960,25.05,306,,83.3,84.3,90.9,93.5,50,https://thumb.wikimedia.org/wikipedia/commons/thumb/1/1f/Lili_1996-10-19_1615Z.png/1280px-Lili_1996-10-19_1615Z.png?utm_source=en.wikipedia.org&utm_campaign=api&utm_content=thumbnail
AL062022,EARL,2022,Gold,79,2,109,948,17.77,282,,80.5,91.1,84.1,91.3,50,https://thumb.wikimedia.org/wikipedia/commons/thumb/c/cf/Earl_2022-09-10_0515Z_%28Colored%29.jpg/1280px-Earl_2022-09-10_0515Z_%28Colored%29.jpg?utm_source=en.wikipedia.org&utm_campaign=api&utm_content=thumbnail
AL202023,TAMMY,2023,Gold,79,2,109,965,17.91,264,,80.6,81.5,84.6,89.3,50,https://thumb.wikimedia.org/wikipedia/commons/thumb/e/ef/Tammy_2023-10-25_1650Z.jpg/1280px-Tammy_2023-10-25_1650Z.jpg?utm_source=en.wikipedia.org&utm_campaign=api&utm_content=thumbnail
AL011860,Hurricane One,1860,Gold,78,3,127,,15.54,198,,90.1,86.3,81.2,77.8,50,https://thumb.wikimedia.org/wikipedia/commons/thumb/9/9c/One_1860_path.png/1280px-One_1860_path.png?utm_source=en.wikipedia.org&utm_campaign=imageinfo&utm_content=thumbnail
AL091888,Hurricane Nine,1888,Gold,78,2,98,,30.35,378,,71.6,74.5,94.8,98.2,50,https://thumb.wikimedia.org/wikipedia/commons/thumb/1/10/Hurricane_Nine_weather_map%2C_November_24%2C_1888.jpg/1280px-Hurricane_Nine_weather_map%2C_November_24%2C_1888.jpg?utm_source=en.wikipedia.org&utm_campaign=imageinfo&utm_content=thumbnail
AL041889,Hurricane Four,1889,Gold,78,2,104,,29.69,282,,74.8,74.7,94.5,90.9,50,https://thumb.wikimedia.org/wikipedia/commons/thumb/d/d1/Hurricane_Four_%28Hurricane_San_Mart%C3%ADn_of_1889%29_weather_map%2C_September_11%2C_1889.jpg/1280px-Hurricane_Four_%28Hurricane_San_Mart%C3%ADn_of_1889%29_weather_map%2C_September_11%2C_1889.jpg?utm_source=en.wikipedia.org&utm_campaign=imageinfo&utm_content=thumbnail
AL061896,Hurricane Six,1896,Gold,78,2,98,,33.07,348,,70.7,74.9,95.9,96.7,50,https://upload.wikimedia.org/wikipedia/commons/5/5d/1896_Atlantic_hurricane_6_track.png?utm_source=en.wikipedia.org&utm_campaign=imageinfo&utm_content=thumbnail_unscaled
AL071901,Hurricane Seven,1901,Gold,78,2,104,,28.64,318,,74.2,76.9,93.8,94.7,50,https://upload.wikimedia.org/wikipedia/commons/7/7a/Hurricane_Seven_Analysis_1901-09-07.png?utm_source=en.wikipedia.org&utm_campaign=imageinfo&utm_content=thumbnail_unscaled
AL091909,Hurricane Nine,1909,Gold,78,3,121,952,17.83,162,,87.3,89.7,84.3,71,50,https://thumb.wikimedia.org/wikipedia/commons/thumb/5/56/Grand_Isle_hurricane_%28Hurricane_Nine%29_weather_map_%28enlarged%29%2C_September_20%2C_1909.jpg/1280px-Grand_Isle_hurricane_%28Hurricane_Nine%29_weather_map_%28enlarged%29%2C_September_20%2C_1909.jpg?utm_source=en.wikipedia.org&utm_campaign=imageinfo&utm_content=thumbnail
AL031910,Hurricane Three,1910,Gold,78,2,109,,26.65,246,,80.6,72.5,92.1,87.3,50,https://upload.wikimedia.org/wikipedia/commons/f/f0/1910_San_Zacarias_hurricane_surface_analysis_1910-09-13.png?utm_source=en.wikipedia.org&utm_campaign=imageinfo&utm_content=thumbnail_unscaled
AL071912,Hurricane Seven,1912,Gold,78,3,115,965,20.61,240,,84.1,81.6,87.3,85.7,50,https://upload.wikimedia.org/wikipedia/commons/0/07/1912_Atlantic_hurricane_7_November_18.jpg?utm_source=en.wikipedia.org&utm_campaign=imageinfo&utm_content=thumbnail_unscaled
AL111916,Hurricane Eleven,1916,Gold,78,3,121,,19.96,180,,87,86.6,86.3,73.9,50,https://thumb.wikimedia.org/wikipedia/commons/thumb/4/42/Hurricane_Eleven_weather_map%2C_September_22%2C_1916.jpg/1280px-Hurricane_Eleven_weather_map%2C_September_22%2C_1916.jpg?utm_source=en.wikipedia.org&utm_campaign=imageinfo&utm_content=thumbnail
AL041927,Hurricane Four,1927,Gold,78,2,109,967,18.49,210,,81.5,80.8,85.1,81.2,50,https://thumb.wikimedia.org/wikipedia/commons/thumb/0/07/Hurricane_Four_weather_map%2C_September_26%2C_1927.jpg/1280px-Hurricane_Four_weather_map%2C_September_26%2C_1927.jpg?utm_source=en.wikipedia.org&utm_campaign=imageinfo&utm_content=thumbnail
AL011934,Hurricane One,1934,Gold,78,2,98,966,21.6,408,,71.7,80.9,88.2,98.6,50,https://thumb.wikimedia.org/wikipedia/commons/thumb/2/23/Central_America_hurricane_weather_map%2C_June_16%2C_1934_%286200824%29.jpg/1280px-Central_America_hurricane_weather_map%2C_June_16%2C_1934_%286200824%29.jpg?utm_source=en.wikipedia.org&utm_campaign=imageinfo&utm_content=thumbnail
AL091948,Hurricane Nine,1948,Gold,78,3,127,971,20.94,300,,89.5,72.3,87.7,92.8,50,https://upload.wikimedia.org/wikipedia/commons/6/67/1948_Miami_hurricane_analysis_6_October.png?utm_source=en.wikipedia.org&utm_campaign=imageinfo&utm_content=thumbnail_unscaled
AL011949,Hurricane One,1949,Gold,78,2,109,963,17.73,216,,81.7,82.6,84,81.7,50,https://thumb.wikimedia.org/wikipedia/commons/thumb/9/9e/Hurricane_One_weather_map%2C_August_24%2C_1949.jpg/1280px-Hurricane_One_weather_map%2C_August_24%2C_1949.jpg?utm_source=en.wikipedia.org&utm_campaign=imageinfo&utm_content=thumbnail
AL021950,BAKER,1950,Gold,78,2,104,979,16.08,294,38,78.9,67,81.7,92.6,63.6,https://upload.wikimedia.org/wikipedia/commons/5/59/Baker_1950-08-31_0000Z.jpg?utm_source=en.wikipedia.org&utm_campaign=api&utm_content=thumbnail_unscaled
AL071951,FOX,1951,Gold,78,3,115,,20.62,198,,85.8,86.4,87.4,78.4,50,https://upload.wikimedia.org/wikipedia/commons/d/d1/Hurricane_Fox_surface_analysis_September_8_1951.jpg?utm_source=en.wikipedia.org&utm_campaign=imageinfo&utm_content=thumbnail_unscaled
AL091955,HILDA,1955,Gold,78,3,121,952,18.35,186,,86,89.5,84.9,75.2,50,https://upload.wikimedia.org/wikipedia/commons/0/0f/September_19%2C_1955_Hurricane_Hilda_map.jpg?utm_source=en.wikipedia.org&utm_campaign=api&utm_content=thumbnail_unscaled
AL041962,DAISY,1962,Gold,78,2,104,950,14.25,204,,77.3,90.2,79.3,79.2,50,https://upload.wikimedia.org/wikipedia/commons/7/76/Daisy.1.jpg?utm_source=en.wikipedia.org&utm_campaign=api&utm_content=thumbnail_unscaled
AL071964,ETHEL,1964,Gold,78,2,104,969,20.44,294,,77.2,79.7,87,92.2,50,https://upload.wikimedia.org/wikipedia/commons/0/03/Hurricane_Ethel_11_Sep_1964.png?utm_source=en.wikipedia.org&utm_campaign=imageinfo&utm_content=thumbnail_unscaled
AL081975,DORIS,1975,Gold,78,3,115,945,16.32,198,,83.8,91.8,82.3,78.4,50,https://thumb.wikimedia.org/wikipedia/commons/thumb/5/59/1975_Pacific_typhoon_season_summary.png/1280px-1975_Pacific_typhoon_season_summary.png?utm_source=en.wikipedia.org&utm_campaign=api&utm_content=thumbnail
AL101976,EMMY,1976,Gold,78,2,104,974,30.29,312,,79,70.6,94.7,94.4,50,https://thumb.wikimedia.org/wikipedia/commons/thumb/4/44/Emmy_1976-08-30_1202Z.png/1280px-Emmy_1976-08-30_1202Z.png?utm_source=en.wikipedia.org&utm_campaign=imageinfo&utm_content=thumbnail
AL161984,JOSEPHINE,1984,Gold,78,2,104,965,20.53,276,,77.8,81.5,87.2,90.4,50,https://upload.wikimedia.org/wikipedia/commons/0/00/Josephine_1984-10-12_1800Z.png?utm_source=en.wikipedia.org&utm_campaign=api&utm_content=thumbnail_unscaled
AL051993,EMILY,1993,Gold,78,3,115,960,22.1,240,,83.2,84.4,88.6,85.9,50,https://thumb.wikimedia.org/wikipedia/commons/thumb/9/9c/Emily_1993-08-31_1330Z.png/1280px-Emily_1993-08-31_1330Z.png?utm_source=en.wikipedia.org&utm_campaign=api&utm_content=thumbnail
AL101998,JEANNE,1998,Gold,78,2,104,969,20.21,288,,78.6,79.6,86.7,91.9,50,https://thumb.wikimedia.org/wikipedia/commons/thumb/8/8b/Jeanne_1998-09-24_1845Z.png/1280px-Jeanne_1998-09-24_1845Z.png?utm_source=en.wikipedia.org&utm_campaign=imageinfo&utm_content=thumbnail
AL142005,MARIA,2005,Gold,78,3,115,962,19.17,276,,85.7,83.4,85.6,90.7,50,https://thumb.wikimedia.org/wikipedia/commons/thumb/b/b3/Maria_2005-09-06_0135Z.jpg/1280px-Maria_2005-09-06_0135Z.jpg?utm_source=en.wikipedia.org&utm_campaign=imageinfo&utm_content=thumbnail
AL062014,EDOUARD,2014,Gold,78,3,121,955,15.92,192,,86.6,88.1,81.5,77.2,50,https://thumb.wikimedia.org/wikipedia/commons/thumb/8/8d/Edouard_2014-09-16_1145Z.png/1280px-Edouard_2014-09-16_1145Z.png?utm_source=en.wikipedia.org&utm_campaign=imageinfo&utm_content=thumbnail
AL142017,LEE,2017,Gold,78,3,115,962,18.13,330,,84,83.7,84.7,95.4,50,https://thumb.wikimedia.org/wikipedia/commons/thumb/e/e6/Lee_2017-09-27_1450Z.jpg/1280px-Lee_2017-09-27_1450Z.jpg?utm_source=en.wikipedia.org&utm_campaign=imageinfo&utm_content=thumbnail
AL172017,OPHELIA,2017,Gold,78,3,115,957,17.62,228,,84.2,87.4,83.8,83.7,50,https://thumb.wikimedia.org/wikipedia/commons/thumb/e/e2/Ophelia_2017-10-14_1454Z.jpg/1280px-Ophelia_2017-10-14_1454Z.jpg?utm_source=en.wikipedia.org&utm_campaign=api&utm_content=thumbnail
AL082018,HELENE,2018,Gold,78,2,109,967,17.05,234,,80.2,80.5,83.2,84.4,50,https://thumb.wikimedia.org/wikipedia/commons/thumb/a/ab/Helene_2018-09-11_1245Z.jpg/1280px-Helene_2018-09-11_1245Z.jpg?utm_source=en.wikipedia.org&utm_campaign=imageinfo&utm_content=thumbnail
AL162018,OSCAR,2018,Gold,78,2,109,952,14.92,210,,80.4,89.6,80.5,80.4,50,https://thumb.wikimedia.org/wikipedia/commons/thumb/c/c8/Oscar_2018-10-29_1420Z.jpg/1280px-Oscar_2018-10-29_1420Z.jpg?utm_source=en.wikipedia.org&utm_campaign=imageinfo&utm_content=thumbnail
AL092019,HUMBERTO,2019,Gold,78,3,127,950,16.25,156,,89,90.3,82.1,69,50,https://thumb.wikimedia.org/wikipedia/commons/thumb/3/30/Humberto_2019-09-18_1535Z.jpg/1280px-Humberto_2019-09-18_1535Z.jpg?utm_source=en.wikipedia.org&utm_campaign=api&utm_content=thumbnail
AL172020,PAULETTE,2020,Gold,78,2,104,965,21.61,420,,74.5,81.6,88.2,98.8,50,https://thumb.wikimedia.org/wikipedia/commons/thumb/1/1a/Paulette_2020-09-14_1750Z.jpg/1280px-Paulette_2020-09-14_1750Z.jpg?utm_source=en.wikipedia.org&utm_campaign=api&utm_content=thumbnail
AL022022,BONNIE,2022,Gold,78,3,115,964,18.48,300,,83.7,82.4,85,93.3,50,https://thumb.wikimedia.org/wikipedia/commons/thumb/d/df/Bonnie_2022-07-05_1510Z.jpg/1280px-Bonnie_2022-07-05_1510Z.jpg?utm_source=en.wikipedia.org&utm_campaign=api&utm_content=thumbnail
AL051856,Hurricane Five,1856,Gold,77,3,115,969,22.73,234,,83,79.4,89.1,85.2,50,https://thumb.wikimedia.org/wikipedia/commons/thumb/b/b4/Five_1856_path.png/1280px-Five_1856_path.png?utm_source=en.wikipedia.org&utm_campaign=imageinfo&utm_content=thumbnail
AL031862,Hurricane Three,1862,Gold,77,2,104,,23.44,198,,75.3,77.6,89.8,77.8,50,https://thumb.wikimedia.org/wikipedia/commons/thumb/5/54/Three_1862_path.png/1280px-Three_1862_path.png?utm_source=en.wikipedia.org&utm_campaign=imageinfo&utm_content=thumbnail
AL041865,Hurricane Four,1865,Gold,77,2,104,,26.98,210,,75.9,75.6,92.5,81.3,50,https://thumb.wikimedia.org/wikipedia/commons/thumb/1/11/Four_1865_path.png/1280px-Four_1865_path.png?utm_source=en.wikipedia.org&utm_campaign=imageinfo&utm_content=thumbnail
AL041870,Hurricane Four,1870,Gold,77,3,127,948,16.6,114,,90,91,82.7,56.1,50,https://thumb.wikimedia.org/wikipedia/commons/thumb/c/c4/Four_1870_path.png/1280px-Four_1870_path.png?utm_source=en.wikipedia.org&utm_campaign=imageinfo&utm_content=thumbnail
AL101878,Hurricane Ten,1878,Gold,77,3,115,951,17.86,162,,85.3,89.7,84.4,70.3,50,https://upload.wikimedia.org/wikipedia/commons/b/b4/1878_Atlantic_hurricane_10_track.png?utm_source=en.wikipedia.org&utm_campaign=imageinfo&utm_content=thumbnail_unscaled
AL051881,Hurricane Five,1881,Gold,77,2,104,970,16.79,204,,78.8,78.9,82.9,79,50,https://thumb.wikimedia.org/wikipedia/commons/thumb/7/7b/Georgia_hurricane_of_1881_%28Hurricane_Five%29_weather_map%2C_August_27%2C_1881.jpg/1280px-Georgia_hurricane_of_1881_%28Hurricane_Five%29_weather_map%2C_August_27%2C_1881.jpg?utm_source=en.wikipedia.org&utm_campaign=imageinfo&utm_content=thumbnail
AL041884,Hurricane Four,1884,Gold,77,2,104,,20.29,258,,79.3,74.3,86.8,88,50,https://upload.wikimedia.org/wikipedia/commons/9/9a/1884_Atlantic_hurricane_4_track.png?utm_source=en.wikipedia.org&utm_campaign=imageinfo&utm_content=thumbnail_unscaled
AL021885,Hurricane Two,1885,Gold,77,2,104,958,15.44,186,,79.2,85.4,81,75.5,50,https://thumb.wikimedia.org/wikipedia/commons/thumb/f/f5/Hurricane_Two_weather_map%2C_August_25%2C_1885.jpg/1280px-Hurricane_Two_weather_map%2C_August_25%2C_1885.jpg?utm_source=en.wikipedia.org&utm_campaign=imageinfo&utm_content=thumbnail
AL061887,Hurricane Six,1887,Gold,77,3,121,972,21.38,222,,87.8,71.9,88,82.9,50,https://thumb.wikimedia.org/wikipedia/commons/thumb/1/1c/Hurricane_Six_weather_map%2C_August_20%2C_1887.jpg/1280px-Hurricane_Six_weather_map%2C_August_20%2C_1887.jpg?utm_source=en.wikipedia.org&utm_campaign=imageinfo&utm_content=thumbnail
AL031892,Hurricane Three,1892,Gold,77,2,98,,29.15,342,,71.2,73.8,94.3,96.4,50,https://upload.wikimedia.org/wikipedia/commons/8/86/1892_Atlantic_hurricane_3_track.png?utm_source=en.wikipedia.org&utm_campaign=imageinfo&utm_content=thumbnail_unscaled
AL021895,Hurricane Two,1895,Gold,77,2,109,,20.96,204,,80.1,75.1,87.7,79.7,50,https://thumb.wikimedia.org/wikipedia/commons/thumb/e/ed/Hurricane_Two_weather_map%2C_August_29%2C_1895.jpg/1280px-Hurricane_Two_weather_map%2C_August_29%2C_1895.jpg?utm_source=en.wikipedia.org&utm_campaign=imageinfo&utm_content=thumbnail
AL041899,Hurricane Four,1899,Gold,77,2,104,,18.58,252,,75.1,77.1,85.1,87.4,50,https://thumb.wikimedia.org/wikipedia/commons/thumb/f/f9/Hurricane_Four_weather_map%2C_September_4%2C_1899.jpg/1280px-Hurricane_Four_weather_map%2C_September_4%2C_1899.jpg?utm_source=en.wikipedia.org&utm_campaign=imageinfo&utm_content=thumbnail
AL091899,Hurricane Nine,1899,Gold,77,2,109,,13.54,234,,80.4,77.1,78.4,85.1,50,https://thumb.wikimedia.org/wikipedia/commons/thumb/4/49/Hurricane_Nine_weather_map%2C_October_31%2C_1899.jpg/1280px-Hurricane_Nine_weather_map%2C_October_31%2C_1899.jpg?utm_source=en.wikipedia.org&utm_campaign=imageinfo&utm_content=thumbnail
AL031900,Hurricane Three,1900,Gold,77,2,98,,27.3,336,,70.8,77.2,92.9,96.1,50,https://upload.wikimedia.org/wikipedia/commons/7/7d/Hurricane_Three_Analysis_1900-09-13.png?utm_source=en.wikipedia.org&utm_campaign=imageinfo&utm_content=thumbnail_unscaled
AL111909,Hurricane Eleven,1909,Gold,77,3,121,957,17.21,156,,87.2,87.7,83.4,68.1,50,https://thumb.wikimedia.org/wikipedia/commons/thumb/f/f3/Florida_Keys_hurricane_%28Hurricane_Eleven%29_weather_map%2C_October_11%2C_1909.jpg/1280px-Florida_Keys_hurricane_%28Hurricane_Eleven%29_weather_map%2C_October_11%2C_1909.jpg?utm_source=en.wikipedia.org&utm_campaign=imageinfo&utm_content=thumbnail
AL131916,Hurricane Thirteen,1916,Gold,77,3,121,963,20.18,180,,86.9,82.8,86.7,73.8,50,https://thumb.wikimedia.org/wikipedia/commons/thumb/8/8a/Virgin_Islands_hurricane_%28Hurricane_Thirteen%29_weather_map%2C_October_11%2C_1916.jpg/1280px-Virgin_Islands_hurricane_%28Hurricane_Thirteen%29_weather_map%2C_October_11%2C_1916.jpg?utm_source=en.wikipedia.org&utm_campaign=imageinfo&utm_content=thumbnail
AL011920,Hurricane One,1920,Gold,77,2,109,,17.54,216,,80.2,77.5,83.7,82,50,https://upload.wikimedia.org/wikipedia/commons/8/87/Hurricane_One_weather_map%2C_September_16%2C_1920.jpg?utm_source=en.wikipedia.org&utm_campaign=imageinfo&utm_content=thumbnail_unscaled
AL081926,Hurricane Eight,1926,Gold,77,2,104,,20.58,240,,77.9,76.1,87.3,85.6,50,https://thumb.wikimedia.org/wikipedia/commons/thumb/7/74/Hurricane_Eight_weather_map%2C_September_26%2C_1926.jpg/1280px-Hurricane_Eight_weather_map%2C_September_26%2C_1926.jpg?utm_source=en.wikipedia.org&utm_campaign=imageinfo&utm_content=thumbnail
AL171933,Hurricane Seventeen,1933,Gold,77,3,127,971,20.54,192,,89.5,72.4,87.2,76.4,50,https://upload.wikimedia.org/wikipedia/commons/9/92/1933_Hurricane_Seventeen_analysis_5_Oct.png?utm_source=en.wikipedia.org&utm_campaign=imageinfo&utm_content=thumbnail_unscaled
AL131934,Hurricane Thirteen,1934,Gold,77,3,115,,15.21,198,,84.3,86.1,80.8,78.2,50,https://thumb.wikimedia.org/wikipedia/commons/thumb/2/27/Hurricane_Thirteen_weather_map%2C_November_23%2C_1934.jpg/1280px-Hurricane_Thirteen_weather_map%2C_November_23%2C_1934.jpg?utm_source=en.wikipedia.org&utm_campaign=imageinfo&utm_content=thumbnail
AL051941,Hurricane Five,1941,Gold,77,3,121,962,14.82,240,,86.4,83.4,80.4,86.2,50,https://upload.wikimedia.org/wikipedia/commons/0/05/1941_Florida_hurricane_Daily_Weather_Map.jpg?utm_source=en.wikipedia.org&utm_campaign=imageinfo&utm_content=thumbnail_unscaled
AL031942,Hurricane Three,1942,Gold,77,3,115,950,14.83,174,,84.9,90.1,80.4,73.2,50,https://upload.wikimedia.org/wikipedia/commons/2/2a/1942_Palacios_hurricane_analysis_28_Aug_1942.jpg?utm_source=en.wikipedia.org&utm_campaign=imageinfo&utm_content=thumbnail_unscaled
AL041942,Hurricane Four,1942,Gold,77,2,109,,15.08,204,,81.5,77,80.6,79.8,50,https://thumb.wikimedia.org/wikipedia/commons/thumb/5/53/Hurricane_Four_weather_map%2C_August_26%2C_1942.jpg/1280px-Hurricane_Four_weather_map%2C_August_26%2C_1942.jpg?utm_source=en.wikipedia.org&utm_campaign=imageinfo&utm_content=thumbnail
AL041949,Hurricane Four,1949,Gold,77,3,127,974,23.68,198,,89.4,70.7,89.9,77.5,50,https://thumb.wikimedia.org/wikipedia/commons/thumb/3/35/Hurricane_Four_weather_map%2C_September_7%2C_1949.jpg/1280px-Hurricane_Four_weather_map%2C_September_7%2C_1949.jpg?utm_source=en.wikipedia.org&utm_campaign=imageinfo&utm_content=thumbnail
AL061955,FLORA,1955,Gold,77,2,104,967,16.32,180,,79.9,80.4,82.2,74,50,https://upload.wikimedia.org/wikipedia/commons/c/c1/Hurricane_Flora_surface_analysis_September_7_1955.jpg?utm_source=en.wikipedia.org&utm_campaign=imageinfo&utm_content=thumbnail_unscaled
AL091958,ILSA,1958,Gold,77,2,109,956,13.18,144,,82.5,88,77.8,64.9,50,https://upload.wikimedia.org/wikipedia/commons/c/cd/Hurricane_Ilsa_surface_analysis_September_29_1958.jpg?utm_source=en.wikipedia.org&utm_campaign=imageinfo&utm_content=thumbnail_unscaled
AL111976,FRANCES,1976,Gold,77,3,115,963,18.27,234,,83.6,83,84.8,85.5,50,https://thumb.wikimedia.org/wikipedia/commons/thumb/d/df/Frances_1976-08-31_2103Z.png/1280px-Frances_1976-08-31_2103Z.png?utm_source=en.wikipedia.org&utm_campaign=imageinfo&utm_content=thumbnail
AL191995,ROXANNE,1995,Gold,77,3,115,956,16.24,234,,83.2,87.8,81.9,85,50,https://thumb.wikimedia.org/wikipedia/commons/thumb/8/81/Roxanne_1995-10-10_1745Z.png/1280px-Roxanne_1995-10-10_1745Z.png?utm_source=en.wikipedia.org&utm_campaign=api&utm_content=thumbnail
AL021996,BERTHA,1996,Gold,77,3,115,960,19.66,282,12,83.3,84.4,86.2,91,45,https://thumb.wikimedia.org/wikipedia/commons/thumb/e/e9/Bertha_1996-07-08_1845Z.png/1280px-Bertha_1996-07-08_1845Z.png?utm_source=en.wikipedia.org&utm_campaign=api&utm_content=thumbnail
AL051999,DENNIS,1999,Gold,77,2,104,962,20.18,282,10,77,83.5,86.6,91.2,42,https://thumb.wikimedia.org/wikipedia/commons/thumb/1/1b/Dennis_1999-08-29_2155Z.jpg/1280px-Dennis_1999-08-29_2155Z.jpg?utm_source=en.wikipedia.org&utm_campaign=api&utm_content=thumbnail
AL131999,IRENE,1999,Gold,77,2,109,958,12.34,150,22,81.9,85.2,76.3,67.1,56.7,https://upload.wikimedia.org/wikipedia/commons/d/d9/Irene_1999-10-18_1531Z.png?utm_source=en.wikipedia.org&utm_campaign=api&utm_content=thumbnail_unscaled
AL272020,EPSILON,2020,Gold,77,3,115,952,14.05,168,,85.5,89.6,79.1,71.5,50,https://thumb.wikimedia.org/wikipedia/commons/thumb/c/c8/Epsilon_2020-10-21_2000Z.png/1280px-Epsilon_2020-10-21_2000Z.png?utm_source=en.wikipedia.org&utm_campaign=api&utm_content=thumbnail
AL021867,Hurricane Two,1867,Gold,76,2,104,969,16.46,162,,79.9,79.5,82.6,69.9,50,https://thumb.wikimedia.org/wikipedia/commons/thumb/3/3f/Two_1867_path.png/1280px-Two_1867_path.png?utm_source=en.wikipedia.org&utm_campaign=imageinfo&utm_content=thumbnail
AL071867,Hurricane Seven,1867,Gold,76,2,104,,17.48,186,,77.5,76.2,83.5,75,50,https://thumb.wikimedia.org/wikipedia/commons/thumb/4/48/Seven_1867_path.png/1280px-Seven_1867_path.png?utm_source=en.wikipedia.org&utm_campaign=imageinfo&utm_content=thumbnail
AL031875,Hurricane Three,1875,Gold,76,3,115,978,27.19,246,,85.2,67.5,92.8,86.9,50,https://thumb.wikimedia.org/wikipedia/commons/thumb/6/61/1875_Indianola_hurricane_9-16-1875_%28601178%29.jpg/1280px-1875_Indianola_hurricane_9-16-1875_%28601178%29.jpg?utm_source=en.wikipedia.org&utm_campaign=imageinfo&utm_content=thumbnail
AL111878,Hurricane Eleven,1878,Gold,76,2,104,963,14.39,186,,76.9,83.1,79.5,74.9,50,https://thumb.wikimedia.org/wikipedia/commons/thumb/6/61/Gale_of_1878_weather_map%2C_October_23%2C_1878_%2862113409%29.jpg/1280px-Gale_of_1878_weather_map%2C_October_23%2C_1878_%2862113409%29.jpg?utm_source=en.wikipedia.org&utm_campaign=imageinfo&utm_content=thumbnail
AL041879,Hurricane Four,1879,Gold,76,3,127,,12.09,108,,90.7,86,75.7,52.7,50,https://thumb.wikimedia.org/wikipedia/commons/thumb/f/fc/The_Louisiana_Hurricane_of_1879_%28Hurricane_Four%29_weather_map%2C_September_1%2C_1879.jpg/1280px-The_Louisiana_Hurricane_of_1879_%28Hurricane_Four%29_weather_map%2C_September_1%2C_1879.jpg?utm_source=en.wikipedia.org&utm_campaign=imageinfo&utm_content=thumbnail
AL101886,Hurricane Ten,1886,Gold,76,3,121,,14.22,138,,88,87,79.3,63.5,50,https://thumb.wikimedia.org/wikipedia/commons/thumb/0/00/Hurricane_Ten_weather_map%2C_October_12%2C_1886_%286623187%29.jpg/1280px-Hurricane_Ten_weather_map%2C_October_12%2C_1886_%286623187%29.jpg?utm_source=en.wikipedia.org&utm_campaign=imageinfo&utm_content=thumbnail
AL091887,Hurricane Nine,1887,Gold,76,2,98,973,26.67,264,,72.6,71.1,92.2,89.5,50,https://thumb.wikimedia.org/wikipedia/commons/thumb/2/26/Hurricane_Nine_weather_map%2C_September_21%2C_1887.jpg/1280px-Hurricane_Nine_weather_map%2C_September_21%2C_1887.jpg?utm_source=en.wikipedia.org&utm_campaign=imageinfo&utm_content=thumbnail
AL051891,Hurricane Five,1891,Gold,76,2,98,,21.47,258,,71.8,73.8,88.1,88.1,50,https://upload.wikimedia.org/wikipedia/commons/9/9f/1891_Atlantic_hurricane_5_track.png?utm_source=en.wikipedia.org&utm_campaign=imageinfo&utm_content=thumbnail_unscaled
AL051892,Hurricane Five,1892,Gold,76,2,98,,26.88,276,,71.3,74,92.3,90.6,50,https://upload.wikimedia.org/wikipedia/commons/a/a4/1892_Atlantic_hurricane_5_track.png?utm_source=en.wikipedia.org&utm_campaign=imageinfo&utm_content=thumbnail_unscaled
AL071892,Hurricane Seven,1892,Gold,76,2,98,,25.08,264,,70.6,73.7,90.9,89.2,50,https://upload.wikimedia.org/wikipedia/commons/4/45/1892_Atlantic_hurricane_7_track.png?utm_source=en.wikipedia.org&utm_campaign=imageinfo&utm_content=thumbnail_unscaled
AL041894,Hurricane Four,1894,Gold,76,3,121,985,28.67,318,,86.8,55,93.9,94.9,50,https://thumb.wikimedia.org/wikipedia/commons/thumb/b/bd/September_27%2C_1894_hurricane_4_map.jpg/1280px-September_27%2C_1894_hurricane_4_map.jpg?utm_source=en.wikipedia.org&utm_campaign=imageinfo&utm_content=thumbnail
AL031896,Hurricane Three,1896,Gold,76,2,98,,25.7,252,,71,74.8,91.4,87.5,50,https://upload.wikimedia.org/wikipedia/commons/7/71/1896_Atlantic_hurricane_3_track.png?utm_source=en.wikipedia.org&utm_campaign=imageinfo&utm_content=thumbnail_unscaled
AL011897,Hurricane One,1897,Gold,76,2,98,,24.68,252,,70.7,75,90.6,87.3,50,https://upload.wikimedia.org/wikipedia/commons/3/38/1897_Atlantic_hurricane_1_track.png?utm_source=en.wikipedia.org&utm_campaign=imageinfo&utm_content=thumbnail_unscaled
AL021916,Hurricane Two,1916,Gold,76,3,121,950,10.68,162,,87.2,89.9,73,70.8,50,https://thumb.wikimedia.org/wikipedia/commons/thumb/4/4f/Gulf_Coast_hurricane_weather_analysis%2C_July_5%2C_1916.jpg/1280px-Gulf_Coast_hurricane_weather_analysis%2C_July_5%2C_1916.jpg?utm_source=en.wikipedia.org&utm_campaign=imageinfo&utm_content=thumbnail
AL141916,Hurricane Fourteen,1916,Gold,76,2,109,970,15.21,168,,80.7,78.8,80.8,71.9,50,https://thumb.wikimedia.org/wikipedia/commons/thumb/e/e1/Charleston_hurricane_weather_map%2C_July_13%2C_1916.jpg/1280px-Charleston_hurricane_weather_map%2C_July_13%2C_1916.jpg?utm_source=en.wikipedia.org&utm_campaign=imageinfo&utm_content=thumbnail
AL071935,Hurricane Seven,1935,Gold,76,2,104,964,14.62,198,,74.9,82.2,80,78.2,50,https://thumb.wikimedia.org/wikipedia/commons/thumb/6/65/Yankee_hurricane_weather_map_11-4-1935_%28700432158%29.jpg/1280px-Yankee_hurricane_weather_map_11-4-1935_%28700432158%29.jpg?utm_source=en.wikipedia.org&utm_campaign=imageinfo&utm_content=thumbnail
AL041940,Hurricane Four,1940,Gold,76,2,109,961,12.1,138,,81.6,84,75.8,63.8,50,https://upload.wikimedia.org/wikipedia/commons/9/9a/1940_New_England_hurricane_analysis_1_Sep_1940.png?utm_source=en.wikipedia.org&utm_campaign=imageinfo&utm_content=thumbnail_unscaled
AL101950,JIG,1950,Gold,76,3,115,,13.82,156,,84.3,85.9,78.6,68.4,50,https://thumb.wikimedia.org/wikipedia/commons/thumb/2/2d/Hurricane_Jig_weather_analysis%2C_October_15%2C_1950.jpg/1280px-Hurricane_Jig_weather_analysis%2C_October_15%2C_1950.jpg?utm_source=en.wikipedia.org&utm_campaign=imageinfo&utm_content=thumbnail
AL061952,CHARLIE,1952,Gold,76,3,121,958,14.75,150,,87.9,85.8,80.2,66.7,50,https://thumb.wikimedia.org/wikipedia/commons/thumb/f/f0/Hurricane_Charlie_weather_map%2C_September_26%2C_1952.jpg/1280px-Hurricane_Charlie_weather_map%2C_September_26%2C_1952.jpg?utm_source=en.wikipedia.org&utm_campaign=imageinfo&utm_content=thumbnail
AL071953,EDNA,1953,Gold,76,3,115,962,16.71,162,,85.9,83.6,82.7,71.3,50,https://upload.wikimedia.org/wikipedia/commons/8/88/Edna_1953-09-17_1230Z.jpg?utm_source=en.wikipedia.org&utm_campaign=imageinfo&utm_content=thumbnail_unscaled
AL041955,EDITH,1955,Gold,76,2,98,967,14.4,294,,73,80.6,79.6,92.3,50,https://upload.wikimedia.org/wikipedia/commons/c/c1/Hurricane_Edith_surface_analysis_August_28_1955.jpg?utm_source=en.wikipedia.org&utm_campaign=imageinfo&utm_content=thumbnail_unscaled
AL011963,ARLENE,1963,Gold,76,3,115,969,12.07,258,,84.5,79.7,75.7,88.3,50,https://upload.wikimedia.org/wikipedia/commons/8/83/Sat19630810arlene.png?utm_source=en.wikipedia.org&utm_campaign=imageinfo&utm_content=thumbnail_unscaled
AL051985,ELENA,1985,Gold,76,3,127,953,15.82,126,9,90.3,89,81.3,58.6,41.6,https://upload.wikimedia.org/wikipedia/commons/d/d7/Elena_1985-09-01_2100Z.png?utm_source=en.wikipedia.org&utm_campaign=api&utm_content=thumbnail_unscaled
AL091986,EARL,1986,Gold,76,2,104,979,21.31,216,,78.4,66.7,87.9,82.2,50,https://thumb.wikimedia.org/wikipedia/commons/thumb/b/bf/Earl_1986-09-14_1431Z.jpg/1280px-Earl_1986-09-14_1431Z.jpg?utm_source=en.wikipedia.org&utm_campaign=imageinfo&utm_content=thumbnail
AL121987,EMILY,1987,Gold,76,3,127,958,10.49,144,,89.9,85.5,72.6,65.8,50,https://upload.wikimedia.org/wikipedia/commons/0/0d/Emily_1987-09-22_1900Z.jpg?utm_source=en.wikipedia.org&utm_campaign=api&utm_content=thumbnail_unscaled
AL021998,BONNIE,1998,Gold,76,3,115,954,25.37,258,5,82.9,88.7,91.1,88.4,28.6,https://thumb.wikimedia.org/wikipedia/commons/thumb/4/4e/Bonnie_1998-08-23_1445Z.png/1280px-Bonnie_1998-08-23_1445Z.png?utm_source=en.wikipedia.org&utm_campaign=api&utm_content=thumbnail
AL072001,FELIX,2001,Gold,76,3,115,962,15.22,168,,85.6,83.6,80.9,72.1,50,https://thumb.wikimedia.org/wikipedia/commons/thumb/7/79/Felix_2001-09-13_1330Z.jpg/1280px-Felix_2001-09-13_1330Z.jpg?utm_source=en.wikipedia.org&utm_campaign=imageinfo&utm_content=thumbnail
AL042004,DANIELLE,2004,Gold,76,2,109,964,12.14,156,,82.5,82.4,75.9,69,50,https://thumb.wikimedia.org/wikipedia/commons/thumb/7/74/Danielle_2004-08-16_1615Z.png/1280px-Danielle_2004-08-16_1615Z.png?utm_source=en.wikipedia.org&utm_campaign=imageinfo&utm_content=thumbnail
AL092005,IRENE,2005,Gold,76,2,104,970,13.14,264,,75.3,78.4,77.8,89.1,50,https://thumb.wikimedia.org/wikipedia/commons/thumb/b/b0/Irene_2005-08-16_1456Z_%28large%29.jpg/1280px-Irene_2005-08-16_1456Z_%28large%29.jpg?utm_source=en.wikipedia.org&utm_campaign=imageinfo&utm_content=thumbnail
AL132012,MICHAEL,2012,Gold,76,3,115,964,16.98,186,,84.8,82.2,83,75.6,50,https://thumb.wikimedia.org/wikipedia/commons/thumb/c/cd/Michael_2012-09-06_1620Z.jpg/1280px-Michael_2012-09-06_1620Z.jpg?utm_source=en.wikipedia.org&utm_campaign=imageinfo&utm_content=thumbnail
AL132024,LESLIE,2024,Gold,76,2,104,970,16.14,222,,78.1,78.1,81.8,82.7,50,https://thumb.wikimedia.org/wikipedia/commons/thumb/4/49/Leslie_2024-10-10_0432Z.jpg/1280px-Leslie_2024-10-10_0432Z.jpg?utm_source=en.wikipedia.org&utm_campaign=imageinfo&utm_content=thumbnail
AL182024,RAFAEL,2024,Gold,76,3,121,954,12.41,138,,88.9,88.6,76.5,62.1,50,https://thumb.wikimedia.org/wikipedia/commons/thumb/b/b4/Rafael_2024-11-08_0325Z.jpg/1280px-Rafael_2024-11-08_0325Z.jpg?utm_source=en.wikipedia.org&utm_campaign=api&utm_content=thumbnail
AL091867,Hurricane Nine,1867,Gold,75,3,127,952,8.98,96,,90,89.2,68.5,49.2,50,https://thumb.wikimedia.org/wikipedia/commons/thumb/8/8c/Nine_1867_path.png/1280px-Nine_1867_path.png?utm_source=en.wikipedia.org&utm_campaign=imageinfo&utm_content=thumbnail
AL061878,Hurricane Six,1878,Gold,75,2,104,,17.14,162,,78.5,75.9,83.3,70.5,50,https://upload.wikimedia.org/wikipedia/commons/1/18/1878_Atlantic_hurricane_6_track.png?utm_source=en.wikipedia.org&utm_campaign=imageinfo&utm_content=thumbnail_unscaled
AL021879,Hurricane Two,1879,Gold,75,3,115,971,13.58,186,,85.4,72.2,78.5,75.9,50,https://thumb.wikimedia.org/wikipedia/commons/thumb/e/e8/The_Great_Beaufort_Hurricane_of_1879_%28Hurricane_Two%29_weather_map%2C_August_18%2C_1879.jpg/1280px-The_Great_Beaufort_Hurricane_of_1879_%28Hurricane_Two%29_weather_map%2C_August_18%2C_1879.jpg?utm_source=en.wikipedia.org&utm_campaign=imageinfo&utm_content=thumbnail
AL041880,Hurricane Four,1880,Gold,75,2,104,972,17.78,198,,78.7,71.7,84.2,77.9,50,https://thumb.wikimedia.org/wikipedia/commons/thumb/9/91/Hurricane_Four_weather_map%2C_August_29%2C_1880.jpg/1280px-Hurricane_Four_weather_map%2C_August_29%2C_1880.jpg?utm_source=en.wikipedia.org&utm_campaign=imageinfo&utm_content=thumbnail
AL071886,Hurricane Seven,1886,Gold,75,3,115,,12.45,126,,85.2,87,76.7,59.9,50,https://thumb.wikimedia.org/wikipedia/commons/thumb/3/3f/Hurricane_Seven_weather_map%2C_August_23%2C_1886.jpg/1280px-Hurricane_Seven_weather_map%2C_August_23%2C_1886.jpg?utm_source=en.wikipedia.org&utm_campaign=imageinfo&utm_content=thumbnail
AL091886,Hurricane Nine,1886,Gold,75,2,98,,21.77,210,,72.8,75.3,88.4,80.3,50,https://thumb.wikimedia.org/wikipedia/commons/thumb/a/af/1886_Atlantic_hurricane_9_path.png/1280px-1886_Atlantic_hurricane_9_path.png?utm_source=en.wikipedia.org&utm_campaign=imageinfo&utm_content=thumbnail
AL041887,Hurricane Four,1887,Gold,75,2,98,,19.54,204,,72.2,75.6,85.9,79.3,50,https://thumb.wikimedia.org/wikipedia/commons/thumb/e/e8/Hurricane_Four_weather_map%2C_July_27%2C_1887.jpg/1280px-Hurricane_Four_weather_map%2C_July_27%2C_1887.jpg?utm_source=en.wikipedia.org&utm_campaign=imageinfo&utm_content=thumbnail
AL071893,Hurricane Seven,1893,Gold,75,2,98,,21.67,228,,71.1,73.9,88.3,83.3,50,https://thumb.wikimedia.org/wikipedia/commons/thumb/f/f7/Seven_1893_path.png/1280px-Seven_1893_path.png?utm_source=en.wikipedia.org&utm_campaign=imageinfo&utm_content=thumbnail
AL051906,Hurricane Five,1906,Gold,75,1,92,977,20.45,354,,67.8,68.4,87,97.2,50,https://thumb.wikimedia.org/wikipedia/commons/thumb/8/84/Hurricane_Five_weather_map%2C_September_16%2C_1906_%282788113%29.jpg/1280px-Hurricane_Five_weather_map%2C_September_16%2C_1906_%282788113%29.jpg?utm_source=en.wikipedia.org&utm_campaign=imageinfo&utm_content=thumbnail
AL011918,Hurricane One,1918,Gold,75,3,121,955,9.55,156,,87.3,88.2,69.7,68.3,50,https://upload.wikimedia.org/wikipedia/commons/2/24/Hurricane_One_surface_analysis_6_Aug_1918.jpg?utm_source=en.wikipedia.org&utm_campaign=imageinfo&utm_content=thumbnail_unscaled
AL041922,Hurricane Four,1922,Gold,75,2,109,,11.98,162,,80.8,77.8,75.4,70.1,50,https://upload.wikimedia.org/wikipedia/commons/e/eb/Hurricane_Four_surface_analysis_October_18_1922.jpg?utm_source=en.wikipedia.org&utm_campaign=imageinfo&utm_content=thumbnail_unscaled
AL031926,Hurricane Three,1926,Gold,75,3,115,955,12.3,132,,83.8,88.1,76.2,60.5,50,https://thumb.wikimedia.org/wikipedia/commons/thumb/8/81/Louisiana_hurricane_weather_map%2C_August_25%2C_1926.jpg/1280px-Louisiana_hurricane_weather_map%2C_August_25%2C_1926.jpg?utm_source=en.wikipedia.org&utm_campaign=imageinfo&utm_content=thumbnail
AL051940,Hurricane Five,1940,Gold,75,2,98,,15.82,210,,72.5,77,81.4,80.6,50,https://upload.wikimedia.org/wikipedia/commons/6/69/1940_Nova_Scotia_hurricane_analysis_13_Sep_1940.png?utm_source=en.wikipedia.org&utm_campaign=imageinfo&utm_content=thumbnail_unscaled
AL091943,Hurricane Nine,1943,Gold,75,2,109,,13.91,144,,81.7,77.4,78.9,65.6,50,https://thumb.wikimedia.org/wikipedia/commons/thumb/d/d9/Hurricane_Nine_surface_analysis_1943.jpg/1280px-Hurricane_Nine_surface_analysis_1943.jpg?utm_source=en.wikipedia.org&utm_campaign=imageinfo&utm_content=thumbnail
AL041944,Hurricane Four,1944,Gold,75,3,121,973,18.83,180,,86.3,71.4,85.3,74.3,50,https://thumb.wikimedia.org/wikipedia/commons/thumb/0/03/Hurricane_Four_analysis_20_Aug_1944_06z.png/1280px-Hurricane_Four_analysis_20_Aug_1944_06z.png?utm_source=en.wikipedia.org&utm_campaign=imageinfo&utm_content=thumbnail
AL011945,Hurricane One,1945,Gold,75,2,98,,13.47,306,,72.1,74.5,78.2,94.1,50,https://upload.wikimedia.org/wikipedia/commons/0/01/Hurricane_One_analysis_24_Jun_1945.jpg?utm_source=en.wikipedia.org&utm_campaign=imageinfo&utm_content=thumbnail_unscaled
AL051945,Hurricane Five,1945,Gold,75,3,115,963,12.17,120,,84.4,82.5,76,56.8,50,https://thumb.wikimedia.org/wikipedia/commons/thumb/c/c3/Texas_hurricane_weather_map%2C_August_27%2C_1945.jpg/1280px-Texas_hurricane_weather_map%2C_August_27%2C_1945.jpg?utm_source=en.wikipedia.org&utm_campaign=imageinfo&utm_content=thumbnail
AL101947,Hurricane Ten,1947,Gold,75,3,121,961,14.71,126,,86.6,84.1,80.1,59,50,https://thumb.wikimedia.org/wikipedia/commons/thumb/5/58/Hurricane_Ten_%28Love%29_weather_map%2C_October_19%2C_1947.jpg/1280px-Hurricane_Ten_%28Love%29_weather_map%2C_October_19%2C_1947.jpg?utm_source=en.wikipedia.org&utm_campaign=imageinfo&utm_content=thumbnail
AL041961,DEBBIE,1961,Gold,75,1,92,961,23.29,294,,69.6,84.2,89.6,92.1,50,https://upload.wikimedia.org/wikipedia/commons/b/b1/DebbieSep1119611830UTCTIROS3.png?utm_source=en.wikipedia.org&utm_campaign=api&utm_content=thumbnail_unscaled
AL041965,CAROL,1965,Gold,75,1,92,974,22.17,360,,69.7,70.2,88.7,97.5,50,https://upload.wikimedia.org/wikipedia/commons/e/e0/Hurricane_Carol_%281965%29.JPG?utm_source=en.wikipedia.org&utm_campaign=imageinfo&utm_content=thumbnail_unscaled
AL141971,GINGER,1971,Gold,75,3,115,959,37.41,510,1,83.9,84.9,97,99.5,5.6,https://upload.wikimedia.org/wikipedia/commons/9/90/Ginger1971sep131221z.gif?utm_source=en.wikipedia.org&utm_campaign=api&utm_content=thumbnail_unscaled
AL141980,IVAN,1980,Gold,75,2,104,970,19,174,,74.6,78.6,85.5,72.4,50,https://upload.wikimedia.org/wikipedia/commons/b/b7/Ivan_1980-10-09_1600Z.png?utm_source=en.wikipedia.org&utm_campaign=imageinfo&utm_content=thumbnail_unscaled
AL131981,EMILY,1981,Gold,75,1,92,966,15.21,252,,65.7,81.1,80.9,87.6,50,https://thumb.wikimedia.org/wikipedia/commons/thumb/0/0a/Emily_1981-09-05_2000Z.png/1280px-Emily_1981-09-05_2000Z.png?utm_source=en.wikipedia.org&utm_campaign=imageinfo&utm_content=thumbnail
AL051989,DEAN,1989,Gold,75,2,104,968,15.93,192,,74.4,80.2,81.6,76.8,50,https://thumb.wikimedia.org/wikipedia/commons/thumb/f/f3/Dean_1989-08-06_2200Z.jpg/1280px-Dean_1989-08-06_2200Z.jpg?utm_source=en.wikipedia.org&utm_campaign=api&utm_content=thumbnail
AL071989,ERIN,1989,Gold,75,2,104,968,14.18,174,,74.4,80.3,79.1,73.4,50,https://thumb.wikimedia.org/wikipedia/commons/thumb/9/94/Erin_1989-08-24_2000Z.png/1280px-Erin_1989-08-24_2000Z.png?utm_source=en.wikipedia.org&utm_campaign=imageinfo&utm_content=thumbnail
AL031991,BOB,1991,Gold,75,3,115,950,9.45,162,18,83.1,89.9,69.5,70.5,53.2,https://thumb.wikimedia.org/wikipedia/commons/thumb/f/f9/Bob_1991-08-19_1226Z_%28alternate%29.jpg/1280px-Bob_1991-08-19_1226Z_%28alternate%29.jpg?utm_source=en.wikipedia.org&utm_campaign=api&utm_content=thumbnail
AL061992,CHARLEY,1992,Gold,75,2,109,965,12.07,156,,81,81.4,75.6,68.9,50,https://thumb.wikimedia.org/wikipedia/commons/thumb/0/06/Charley_1992-09-24_1500Z.png/1280px-Charley_1992-09-24_1500Z.png?utm_source=en.wikipedia.org&utm_campaign=imageinfo&utm_content=thumbnail
AL121994,GORDON,1994,Gold,75,1,86,980,8.35,222,1152,64.1,66,66.8,83.1,93.9,https://thumb.wikimedia.org/wikipedia/commons/thumb/7/71/Gordon_1994-11-18_1445Z.png/1280px-Gordon_1994-11-18_1445Z.png?utm_source=en.wikipedia.org&utm_campaign=api&utm_content=thumbnail
AL091996,ISIDORE,1996,Gold,75,3,115,960,12.88,144,,83,84.3,77.3,64.4,50,https://thumb.wikimedia.org/wikipedia/commons/thumb/e/e1/Isidore_1996-09-27_1915Z.png/1280px-Isidore_1996-09-27_1915Z.png?utm_source=en.wikipedia.org&utm_campaign=imageinfo&utm_content=thumbnail
AL012004,ALEX,2004,Gold,75,3,121,957,11.36,114,,87.8,87.6,74.4,55.2,50,https://thumb.wikimedia.org/wikipedia/commons/thumb/3/37/Alex_2004-08-05_1245Z.png/1280px-Alex_2004-08-05_1245Z.png?utm_source=en.wikipedia.org&utm_campaign=api&utm_content=thumbnail
AL072006,FLORENCE,2006,Gold,75,1,92,963,16.24,330,,66.8,82.6,82,95.4,50,https://thumb.wikimedia.org/wikipedia/commons/thumb/3/3f/Florence_2006-09-10_1730Z.jpg/1280px-Florence_2006-09-10_1730Z.jpg?utm_source=en.wikipedia.org&utm_campaign=api&utm_content=thumbnail
AL082008,HANNA,2008,Gold,75,1,86,977,11.46,264,537,64,67.9,74.7,89,91.8,https://thumb.wikimedia.org/wikipedia/commons/thumb/9/9f/Hanna_2008-09-01_1550Z.jpg/1280px-Hanna_2008-09-01_1550Z.jpg?utm_source=en.wikipedia.org&utm_campaign=api&utm_content=thumbnail
AL072009,FRED,2009,Gold,75,3,121,958,9.93,108,,87.7,85.4,71.1,53.3,50,https://thumb.wikimedia.org/wikipedia/commons/thumb/0/08/Fred_2009-09-09_1253Z.jpg/1280px-Fred_2009-09-09_1253Z.jpg?utm_source=en.wikipedia.org&utm_campaign=imageinfo&utm_content=thumbnail
AL012010,ALEX,2010,Gold,75,2,109,946,7.71,132,,82.6,91.6,64.1,60.4,50,https://thumb.wikimedia.org/wikipedia/commons/thumb/1/19/Alex_2010-06-30_2345Z.png/1280px-Alex_2010-06-30_2345Z.png?utm_source=en.wikipedia.org&utm_campaign=api&utm_content=thumbnail
AL172011,PHILIPPE,2011,Gold,75,1,92,976,16.38,348,,68,69.4,82.4,96.9,50,https://thumb.wikimedia.org/wikipedia/commons/thumb/b/b3/Philippe_2011-10-06_1445Z.jpg/1280px-Philippe_2011-10-06_1445Z.jpg?utm_source=en.wikipedia.org&utm_campaign=imageinfo&utm_content=thumbnail
AL142012,NADINE,2012,Gold,75,1,92,978,27.72,534,,68.2,67.8,93.2,99.8,50,https://thumb.wikimedia.org/wikipedia/commons/thumb/b/b5/Nadine_2012-09-30_1530Z.jpg/1280px-Nadine_2012-09-30_1530Z.jpg?utm_source=en.wikipedia.org&utm_campaign=api&utm_content=thumbnail
AL172012,RAFAEL,2012,Gold,75,1,92,966,13.49,276,,68.2,80.9,78.2,90.3,50,https://thumb.wikimedia.org/wikipedia/commons/thumb/5/5b/Rafael_2012-10-15_1453Z.jpg/1280px-Rafael_2012-10-15_1453Z.jpg?utm_source=en.wikipedia.org&utm_campaign=api&utm_content=thumbnail
AL042015,DANNY,2015,Gold,75,3,127,960,10.53,138,,89.4,84.8,72.7,63.3,50,https://thumb.wikimedia.org/wikipedia/commons/thumb/e/e7/Danny_2015-08-21_1620Z.jpg/1280px-Danny_2015-08-21_1620Z.jpg?utm_source=en.wikipedia.org&utm_campaign=api&utm_content=thumbnail
AL132018,LESLIE,2018,Gold,75,1,92,968,25.8,516,,68.5,80.1,91.4,99.6,50,https://thumb.wikimedia.org/wikipedia/commons/thumb/d/d6/Leslie_2018-10-11_1515Z.jpg/1280px-Leslie_2018-10-11_1515Z.jpg?utm_source=en.wikipedia.org&utm_campaign=api&utm_content=thumbnail
AL072021,GRACE,2021,Gold,75,3,121,967,8.64,168,,87.7,80.5,67.9,72.2,50,https://upload.wikimedia.org/wikipedia/commons/7/7d/Grace_2021-08-21_0610Z.jpg?utm_source=en.wikipedia.org&utm_campaign=api&utm_content=thumbnail_unscaled
AL142023,MARGOT,2023,Gold,75,1,92,969,13.05,240,,67.2,79.6,77.5,86.3,50,https://thumb.wikimedia.org/wikipedia/commons/thumb/d/dc/Margot_2023-09-13_1550Z.jpg/1280px-Margot_2023-09-13_1550Z.jpg?utm_source=en.wikipedia.org&utm_campaign=imageinfo&utm_content=thumbnail
AL152023,NIGEL,2023,Gold,75,2,98,958,14.66,228,,69.8,85.6,80,83.9,50,https://thumb.wikimedia.org/wikipedia/commons/thumb/d/d9/Nigel_2023-09-19_2050Z.png/1280px-Nigel_2023-09-19_2050Z.png?utm_source=en.wikipedia.org&utm_campaign=imageinfo&utm_content=thumbnail
AL052024,ERNESTO,2024,Gold,75,2,98,967,15.11,192,,73.6,80.6,80.7,76.7,50,https://thumb.wikimedia.org/wikipedia/commons/thumb/4/42/Ernesto_2024-08-19_1500Z_GeoColor.jpg/1280px-Ernesto_2024-08-19_1500Z_GeoColor.jpg?utm_source=en.wikipedia.org&utm_campaign=api&utm_content=thumbnail
AL102024,ISAAC,2024,Gold,75,2,104,963,11.16,204,,78.1,82.8,73.9,79,50,https://thumb.wikimedia.org/wikipedia/commons/thumb/3/32/Isaac_2024-09-28_1040Z.jpg/1280px-Isaac_2024-09-28_1040Z.jpg?utm_source=en.wikipedia.org&utm_campaign=imageinfo&utm_content=thumbnail
AL041853,Hurricane Four,1853,Gold,74,3,115,,11.62,66,,85.7,87.3,75,35.1,50,https://thumb.wikimedia.org/wikipedia/commons/thumb/a/ab/Four_1853_path.png/1280px-Four_1853_path.png?utm_source=en.wikipedia.org&utm_campaign=imageinfo&utm_content=thumbnail
AL051855,Hurricane Five,1855,Gold,74,3,127,,7.26,54,,90.1,86.5,62.1,29.9,50,https://thumb.wikimedia.org/wikipedia/commons/thumb/5/54/Five_1855_path.png/1280px-Five_1855_path.png?utm_source=en.wikipedia.org&utm_campaign=imageinfo&utm_content=thumbnail
AL041858,Hurricane Four,1858,Gold,74,1,92,,18.84,186,,67.5,63.1,85.4,75,50,https://thumb.wikimedia.org/wikipedia/commons/thumb/3/31/Four_1858_path.png/1280px-Four_1858_path.png?utm_source=en.wikipedia.org&utm_campaign=imageinfo&utm_content=thumbnail
AL061869,Hurricane Six,1869,Gold,74,3,115,950,8.13,54,,82.7,90.5,65.8,28.2,50,https://thumb.wikimedia.org/wikipedia/commons/thumb/3/3e/Six_1869_path.png/1280px-Six_1869_path.png?utm_source=en.wikipedia.org&utm_campaign=imageinfo&utm_content=thumbnail
AL071869,Hurricane Seven,1869,Gold,74,2,104,979,20.93,186,,76.6,66.5,87.6,76.1,50,https://thumb.wikimedia.org/wikipedia/commons/thumb/1/1c/Seven_1869_path.png/1280px-Seven_1869_path.png?utm_source=en.wikipedia.org&utm_campaign=imageinfo&utm_content=thumbnail
AL031874,Hurricane Three,1874,Gold,74,1,92,,17.1,246,,67.9,62.2,83.2,87,50,https://thumb.wikimedia.org/wikipedia/commons/thumb/0/0a/Hurricane_Three_weather_map%2C_September_7%2C_1874.jpg/1280px-Hurricane_Three_weather_map%2C_September_7%2C_1874.jpg?utm_source=en.wikipedia.org&utm_campaign=imageinfo&utm_content=thumbnail
AL021876,Hurricane Two,1876,Gold,74,3,115,980,12.69,162,,85,66.4,77,69.6,50,https://thumb.wikimedia.org/wikipedia/commons/thumb/0/00/San_Felipe_hurricane_weather_map_9-17-1876_%28330219%29.jpg/1280px-San_Felipe_hurricane_weather_map_9-17-1876_%28330219%29.jpg?utm_source=en.wikipedia.org&utm_campaign=imageinfo&utm_content=thumbnail
AL051880,Hurricane Five,1880,Gold,74,1,92,977,18.28,234,,68.7,68.6,84.9,85.4,50,https://upload.wikimedia.org/wikipedia/commons/c/c9/1880_Atlantic_hurricane_5_track.png?utm_source=en.wikipedia.org&utm_campaign=imageinfo&utm_content=thumbnail_unscaled
AL101880,Hurricane Ten,1880,Gold,74,1,92,970,14.44,162,,66.8,79,79.7,70.7,50,https://upload.wikimedia.org/wikipedia/commons/3/37/1880_Atlantic_hurricane_10_track.png?utm_source=en.wikipedia.org&utm_campaign=imageinfo&utm_content=thumbnail_unscaled
AL031884,Hurricane Three,1884,Gold,74,1,92,979,15.91,258,,66.2,66.9,81.5,88.4,50,https://thumb.wikimedia.org/wikipedia/commons/thumb/c/cb/Hurricane_Three_weather_map%2C_September_11%2C_1884.jpg/1280px-Hurricane_Three_weather_map%2C_September_11%2C_1884.jpg?utm_source=en.wikipedia.org&utm_campaign=imageinfo&utm_content=thumbnail
AL081886,Hurricane Eight,1886,Gold,74,2,98,,14.55,204,,72.8,75.4,79.9,79.3,50,https://thumb.wikimedia.org/wikipedia/commons/thumb/d/dd/Hurricane_eight_9-24-1886.jpg/1280px-Hurricane_eight_9-24-1886.jpg?utm_source=en.wikipedia.org&utm_campaign=imageinfo&utm_content=thumbnail
AL081887,Hurricane Eight,1887,Gold,74,2,104,963,10.81,132,,79.2,82.9,73,61.1,50,https://upload.wikimedia.org/wikipedia/commons/f/f9/1887_Atlantic_hurricane_8_track.png?utm_source=en.wikipedia.org&utm_campaign=imageinfo&utm_content=thumbnail_unscaled
AL131887,Hurricane Thirteen,1887,Gold,74,1,86,,20.49,306,,64.2,56.4,87.1,93.7,50,https://thumb.wikimedia.org/wikipedia/commons/thumb/2/2a/Hurricane_Thirteen_weather_map%2C_October_19%2C_1887.jpg/1280px-Hurricane_Thirteen_weather_map%2C_October_19%2C_1887.jpg?utm_source=en.wikipedia.org&utm_campaign=imageinfo&utm_content=thumbnail
AL041902,Hurricane Four,1902,Gold,74,2,104,970,13.82,192,,74.5,78.2,78.6,76.5,50,https://thumb.wikimedia.org/wikipedia/commons/thumb/6/62/Hurricane_Four_weather_map%2C_October_10%2C_1902.jpg/1280px-Hurricane_Four_weather_map%2C_October_10%2C_1902.jpg?utm_source=en.wikipedia.org&utm_campaign=imageinfo&utm_content=thumbnail
AL071903,Hurricane Seven,1903,Gold,74,2,98,,18.62,234,,70.2,73.4,85.2,84.3,50,https://thumb.wikimedia.org/wikipedia/commons/thumb/2/25/Hurricane_Seven_weather_map%2C_October_4%2C_1903.jpg/1280px-Hurricane_Seven_weather_map%2C_October_4%2C_1903.jpg?utm_source=en.wikipedia.org&utm_campaign=imageinfo&utm_content=thumbnail
AL021906,Hurricane Two,1906,Gold,74,2,104,979,14.46,222,,78,67.1,79.8,83,50,https://thumb.wikimedia.org/wikipedia/commons/thumb/f/f4/Hurricane_Two_weather_map%2C_June_18%2C_1906_%28549880%29.jpg/1280px-Hurricane_Two_weather_map%2C_June_18%2C_1906_%28549880%29.jpg?utm_source=en.wikipedia.org&utm_campaign=imageinfo&utm_content=thumbnail
AL041909,Hurricane Four,1909,Gold,74,3,115,959,9.78,120,,84.2,85,70.5,57.6,50,https://upload.wikimedia.org/wikipedia/commons/d/de/Velasco_hurricane_%28Hurricane_Four%29_weather_map%2C_July_21%2C_1909.jpg?utm_source=en.wikipedia.org&utm_campaign=imageinfo&utm_content=thumbnail_unscaled
AL031916,Hurricane Three,1916,Gold,74,2,104,980,19.83,246,,74.3,66.2,86.2,86.6,50,https://thumb.wikimedia.org/wikipedia/commons/thumb/c/c6/Hurricane_Three_weather_map%2C_July_17%2C_1916.jpg/1280px-Hurricane_Three_weather_map%2C_July_17%2C_1916.jpg?utm_source=en.wikipedia.org&utm_campaign=imageinfo&utm_content=thumbnail
AL041916,Hurricane Four,1916,Gold,74,3,115,960,8.27,102,,84.1,84.2,66.4,49.6,50,https://thumb.wikimedia.org/wikipedia/commons/thumb/e/e1/Charleston_hurricane_weather_map%2C_July_13%2C_1916.jpg/1280px-Charleston_hurricane_weather_map%2C_July_13%2C_1916.jpg?utm_source=en.wikipedia.org&utm_campaign=imageinfo&utm_content=thumbnail
AL051918,Hurricane Five,1918,Gold,74,2,109,,12.38,150,,80.9,74.1,76.5,66.6,50,https://thumb.wikimedia.org/wikipedia/commons/thumb/7/77/Hurricane_Five_weather_map%2C_September_4%2C_1918.jpg/1280px-Hurricane_Five_weather_map%2C_September_4%2C_1918.jpg?utm_source=en.wikipedia.org&utm_campaign=imageinfo&utm_content=thumbnail
AL021923,Hurricane Two,1923,Gold,74,2,104,,13.86,162,,75.2,77.8,78.7,69.8,50,https://upload.wikimedia.org/wikipedia/commons/c/ce/Hurricane_Two_analysis_7_Sept_1923.png?utm_source=en.wikipedia.org&utm_campaign=imageinfo&utm_content=thumbnail_unscaled
AL051933,Hurricane Five,1933,Gold,74,1,92,975,17.9,282,,66.5,70.1,84.5,90.8,50,https://thumb.wikimedia.org/wikipedia/commons/thumb/f/f1/Florida%E2%80%93Mexico_hurricane_weather_map_7-30-1933_%2892239781%29.jpg/1280px-Florida%E2%80%93Mexico_hurricane_weather_map_7-30-1933_%2892239781%29.jpg?utm_source=en.wikipedia.org&utm_campaign=imageinfo&utm_content=thumbnail
AL081937,Hurricane Eight,1937,Gold,74,2,98,,17.54,198,,71.5,76.7,83.6,78.9,50,https://thumb.wikimedia.org/wikipedia/commons/thumb/2/2d/Hurricane_Eight_analysis%2C_September_24%2C_1937.jpg/1280px-Hurricane_Eight_analysis%2C_September_24%2C_1937.jpg?utm_source=en.wikipedia.org&utm_campaign=imageinfo&utm_content=thumbnail
AL041938,Hurricane Four,1938,Gold,74,3,121,979,12.35,132,,86.4,66.4,76.4,61.2,50,https://thumb.wikimedia.org/wikipedia/commons/thumb/3/30/Hurricane_Four_weather_map%2C_August_25%2C_1938.jpg/1280px-Hurricane_Four_weather_map%2C_August_25%2C_1938.jpg?utm_source=en.wikipedia.org&utm_campaign=imageinfo&utm_content=thumbnail
AL021941,Hurricane Two,1941,Gold,74,3,127,985,14.8,210,,89.2,55.1,80.3,80.6,50,https://thumb.wikimedia.org/wikipedia/commons/thumb/6/67/Texas_hurricane_weather_maps%2C_September_23%2C_1941.jpg/1280px-Texas_hurricane_weather_maps%2C_September_23%2C_1941.jpg?utm_source=en.wikipedia.org&utm_campaign=imageinfo&utm_content=thumbnail
AL111942,Hurricane Eleven,1942,Gold,74,2,109,,9.48,156,,81.6,77.4,69.7,68.6,50,https://thumb.wikimedia.org/wikipedia/commons/thumb/9/9a/194211_nov08_12.jpg/1280px-194211_nov08_12.jpg?utm_source=en.wikipedia.org&utm_campaign=imageinfo&utm_content=thumbnail
AL091947,Hurricane Nine,1947,Gold,74,2,104,966,11.16,150,,79,81.1,73.9,67,50,https://upload.wikimedia.org/wikipedia/commons/c/c1/1947_October_15_0630_UTC_daily_weather_map.png?utm_source=en.wikipedia.org&utm_campaign=imageinfo&utm_content=thumbnail_unscaled
AL021951,ABLE,1951,Gold,74,1,92,973,16.15,198,,65.5,71,81.8,78.5,50,https://thumb.wikimedia.org/wikipedia/commons/thumb/b/b6/Hurricane_Able_weather_analysis%2C_May_18%2C_1951.jpg/1280px-Hurricane_Able_weather_analysis%2C_May_18%2C_1951.jpg?utm_source=en.wikipedia.org&utm_campaign=imageinfo&utm_content=thumbnail
AL091953,FLORENCE,1953,Gold,74,3,115,968,7.81,102,,85.8,80,64.5,52,50,https://upload.wikimedia.org/wikipedia/commons/f/f5/Florence_1952-09-26_weather_map.jpg?utm_source=en.wikipedia.org&utm_campaign=api&utm_content=thumbnail_unscaled
AL071956,FLOSSY,1956,Gold,74,1,92,974,9.57,258,15,68.1,70.3,69.9,88.1,51.1,https://upload.wikimedia.org/wikipedia/commons/3/34/Hurricane_Flossie_early_afternoon%2C_September_24%2C_1956.gif?utm_source=en.wikipedia.org&utm_campaign=api&utm_content=thumbnail_unscaled
AL051958,ELLA,1958,Gold,74,2,109,983,9.7,164,36,82.1,63.6,70,71.4,61.5,https://upload.wikimedia.org/wikipedia/commons/b/b5/Ella_1955-09-06_weather_map.png?utm_source=en.wikipedia.org&utm_campaign=api&utm_content=thumbnail_unscaled
AL101958,JANICE,1958,Gold,74,2,98,968,13.86,180,,74,80.4,78.8,74.2,50,https://upload.wikimedia.org/wikipedia/commons/d/db/Hurricane_Janice_surface_analysis_October_8_1958.jpg?utm_source=en.wikipedia.org&utm_campaign=imageinfo&utm_content=thumbnail_unscaled
AL111964,ISBELL,1964,Gold,74,3,115,964,9.81,138,7,84.6,82.1,70.7,61.8,34.2,https://upload.wikimedia.org/wikipedia/commons/7/7c/Hurricane_Isbell_analysis_15_Oct_1964.png?utm_source=en.wikipedia.org&utm_campaign=api&utm_content=thumbnail_unscaled
AL251967,HEIDI,1967,Gold,74,1,86,981,20.12,330,,64.9,65,86.6,95.7,50,https://upload.wikimedia.org/wikipedia/commons/8/88/Heidi_1967-10-26.jpg?utm_source=en.wikipedia.org&utm_campaign=imageinfo&utm_content=thumbnail_unscaled
AL251969,KARA,1969,Gold,74,1,92,978,11.87,234,,67.4,67.7,75.4,85.3,50,https://upload.wikimedia.org/wikipedia/commons/3/39/KaraOct151969.jpg?utm_source=en.wikipedia.org&utm_campaign=imageinfo&utm_content=thumbnail_unscaled
AL021972,AGNES,1972,Gold,74,1,81,977,7.74,180,128,59.6,68.6,64.2,73.7,80.5,https://thumb.wikimedia.org/wikipedia/commons/thumb/2/28/Agnes_1972-06-18_2108Z.jpg/1280px-Agnes_1972-06-18_2108Z.jpg?utm_source=en.wikipedia.org&utm_campaign=api&utm_content=thumbnail
AL101972,BETTY,1972,Gold,74,1,92,976,12.32,240,,69.2,69.2,76.3,85.8,50,https://upload.wikimedia.org/wikipedia/commons/4/4d/BettyAug271972.png?utm_source=en.wikipedia.org&utm_campaign=imageinfo&utm_content=thumbnail_unscaled
AL141975,FAYE,1975,Gold,74,1,92,977,11.04,246,,68.3,68.1,73.6,86.5,50,https://upload.wikimedia.org/wikipedia/commons/3/37/Faye_1975-09-27_1701Z_%28Colored%29.png?utm_source=en.wikipedia.org&utm_campaign=imageinfo&utm_content=thumbnail_unscaled
AL071976,BELLE,1976,Gold,74,3,121,957,9.55,84,12,87.6,87.5,69.8,42.5,45.9,https://thumb.wikimedia.org/wikipedia/commons/thumb/1/1b/Belle_1976-08-09_1201Z.png/1280px-Belle_1976-08-09_1201Z.png?utm_source=en.wikipedia.org&utm_campaign=api&utm_content=thumbnail
AL141981,FLOYD,1981,Gold,74,3,115,975,13.83,186,,83.5,69.9,78.7,75.9,50,https://upload.wikimedia.org/wikipedia/commons/5/58/Floyd_1981-09-06_2000Z.png?utm_source=en.wikipedia.org&utm_campaign=imageinfo&utm_content=thumbnail_unscaled
AL031983,ALICIA,1983,Gold,74,3,115,962,6.38,78,21,83.6,83.8,58.8,41.4,55.4,https://thumb.wikimedia.org/wikipedia/commons/thumb/8/80/Alicia_1983-08-17_2330Z.png/1280px-Alicia_1983-08-17_2330Z.png?utm_source=en.wikipedia.org&utm_campaign=api&utm_content=thumbnail
AL181984,KLAUS,1984,Gold,74,1,92,971,13.11,168,,68.5,72.4,77.6,72.3,50,https://upload.wikimedia.org/wikipedia/commons/3/37/Klaus_1984-11-09_1500Z.png?utm_source=en.wikipedia.org&utm_campaign=api&utm_content=thumbnail_unscaled
AL081989,FELIX,1989,Gold,74,1,86,979,11,354,,65.2,67,73.5,97,50,https://upload.wikimedia.org/wikipedia/commons/2/25/Felix_1989-09-05_1801Z.jpg?utm_source=en.wikipedia.org&utm_campaign=imageinfo&utm_content=thumbnail_unscaled
AL101990,ISIDORE,1990,Gold,74,2,98,978,19.65,288,,70.9,67.7,86.1,91.8,50,https://thumb.wikimedia.org/wikipedia/commons/thumb/5/5e/Isidore_1990-09-11_1300Z.png/1280px-Isidore_1990-09-11_1300Z.png?utm_source=en.wikipedia.org&utm_campaign=imageinfo&utm_content=thumbnail
AL172001,OLGA,2001,Gold,74,1,92,973,11.14,234,,67.9,71.5,73.8,84.5,50,https://thumb.wikimedia.org/wikipedia/commons/thumb/4/43/Olga_2001-11-27_1450Z.jpg/1280px-Olga_2001-11-27_1450Z.jpg?utm_source=en.wikipedia.org&utm_campaign=api&utm_content=thumbnail
AL162005,OPHELIA,2005,Gold,74,1,86,976,18.87,366,,61.4,69,85.4,97.8,50,https://thumb.wikimedia.org/wikipedia/commons/thumb/6/61/Ophelia_2005-09-14_1605Z.jpg/1280px-Ophelia_2005-09-14_1605Z.jpg?utm_source=en.wikipedia.org&utm_campaign=api&utm_content=thumbnail
AL162007,NOEL,2007,Gold,74,1,86,965,10.83,204,,63.1,81.7,73.1,79.4,50,https://thumb.wikimedia.org/wikipedia/commons/thumb/6/61/Noel_2007-11-02_1545Z.jpg/1280px-Noel_2007-11-02_1545Z.jpg?utm_source=en.wikipedia.org&utm_campaign=api&utm_content=thumbnail
AL132010,KARL,2010,Gold,74,3,127,956,6.25,78,,89.7,87.9,58.3,40.5,50,https://thumb.wikimedia.org/wikipedia/commons/thumb/6/6c/Karl_2010-09-17_1415Z.png/1280px-Karl_2010-09-17_1415Z.png?utm_source=en.wikipedia.org&utm_campaign=api&utm_content=thumbnail
AL182011,RINA,2011,Gold,74,3,115,966,10.09,108,,84.9,81,71.9,52.2,50,https://thumb.wikimedia.org/wikipedia/commons/thumb/d/dd/Rina_2011-10-25_1745Z.jpg/1280px-Rina_2011-10-25_1745Z.jpg?utm_source=en.wikipedia.org&utm_campaign=api&utm_content=thumbnail
AL082012,GORDON,2012,Gold,74,2,109,965,9.17,126,,82.2,81.8,68.9,59.5,50,https://thumb.wikimedia.org/wikipedia/commons/thumb/3/3a/Gordon_2012-08-18_1550Z.jpg/1280px-Gordon_2012-08-18_1550Z.jpg?utm_source=en.wikipedia.org&utm_campaign=imageinfo&utm_content=thumbnail
AL092012,ISAAC,2012,Gold,74,1,81,965,10.36,216,41,53.7,81.2,72.3,82.2,65.4,https://thumb.wikimedia.org/wikipedia/commons/thumb/b/be/Isaac_2012-08-28_1630Z.jpg/1280px-Isaac_2012-08-28_1630Z.jpg?utm_source=en.wikipedia.org&utm_campaign=api&utm_content=thumbnail
AL122012,LESLIE,2012,Gold,74,1,81,968,17.37,300,,55.6,79.9,83.4,93.1,50,https://thumb.wikimedia.org/wikipedia/commons/thumb/6/6e/Leslie_2012-09-05_1715Z.jpg/1280px-Leslie_2012-09-05_1715Z.jpg?utm_source=en.wikipedia.org&utm_campaign=api&utm_content=thumbnail
AL042014,CRISTOBAL,2014,Gold,74,1,86,963,12.9,216,,62.5,82.7,77.4,81.5,50,https://thumb.wikimedia.org/wikipedia/commons/thumb/2/23/Cristobal_Aug_28_2014_1530Z.jpg/1280px-Cristobal_Aug_28_2014_1530Z.jpg?utm_source=en.wikipedia.org&utm_campaign=api&utm_content=thumbnail
AL082017,GERT,2017,Gold,74,2,109,962,8.58,138,,81.1,83.2,67.6,63.2,50,https://thumb.wikimedia.org/wikipedia/commons/thumb/1/15/Gert_2017-08-16_Suomi_NPP.jpg/1280px-Gert_2017-08-16_Suomi_NPP.jpg?utm_source=en.wikipedia.org&utm_campaign=api&utm_content=thumbnail
AL052022,DANIELLE,2022,Gold,74,1,86,972,15.83,294,,61.8,72.1,81.4,92,50,https://thumb.wikimedia.org/wikipedia/commons/thumb/3/30/Danielle_2022-09-05_1020Z.jpg/1280px-Danielle_2022-09-05_1020Z.jpg?utm_source=en.wikipedia.org&utm_campaign=imageinfo&utm_content=thumbnail
AL092025,IMELDA,2025,Gold,74,1,92,966,10.55,174,,69.7,80.8,72.8,72.7,50,https://thumb.wikimedia.org/wikipedia/commons/thumb/5/56/Imelda_2025-10-01_1740Z.jpg/1280px-Imelda_2025-10-01_1740Z.jpg?utm_source=en.wikipedia.org&utm_campaign=api&utm_content=thumbnail
AL041852,Hurricane Four,1852,Gold,73,1,92,,19.42,210,,67.3,57.6,85.7,80,50,https://thumb.wikimedia.org/wikipedia/commons/thumb/f/fc/Four_1852_path.png/1280px-Four_1852_path.png?utm_source=en.wikipedia.org&utm_campaign=imageinfo&utm_content=thumbnail
AL041857,Hurricane Four,1857,Gold,73,2,104,,12.68,162,,76.1,74.8,77,69.6,50,https://thumb.wikimedia.org/wikipedia/commons/thumb/3/37/Four_1857_path.png/1280px-Four_1857_path.png?utm_source=en.wikipedia.org&utm_campaign=imageinfo&utm_content=thumbnail
AL061858,Hurricane Six,1858,Gold,73,2,104,,11.4,126,,79.5,77.9,74.5,59.7,50,https://thumb.wikimedia.org/wikipedia/commons/thumb/e/e4/Six_1858_path.png/1280px-Six_1858_path.png?utm_source=en.wikipedia.org&utm_campaign=imageinfo&utm_content=thumbnail
AL031861,Hurricane Three,1861,Gold,73,2,104,,16.72,138,,75.5,72.8,82.8,64,50,https://thumb.wikimedia.org/wikipedia/commons/thumb/f/f9/Three_1861_path.png/1280px-Three_1861_path.png?utm_source=en.wikipedia.org&utm_campaign=imageinfo&utm_content=thumbnail
AL071865,Hurricane Seven,1865,Gold,73,2,104,975,14.7,186,,76.7,69.9,80.1,76,50,https://thumb.wikimedia.org/wikipedia/commons/thumb/6/63/Seven_1865_path.png/1280px-Seven_1865_path.png?utm_source=en.wikipedia.org&utm_campaign=imageinfo&utm_content=thumbnail
AL021866,Hurricane Two,1866,Gold,73,2,104,,13.97,126,,76.7,75.7,79,59.4,50,https://thumb.wikimedia.org/wikipedia/commons/thumb/e/e2/Two_1866_path.png/1280px-Two_1866_path.png?utm_source=en.wikipedia.org&utm_campaign=imageinfo&utm_content=thumbnail
AL021870,Hurricane Two,1870,Gold,73,2,104,,13.66,138,,79.8,73.5,78.5,62,50,https://thumb.wikimedia.org/wikipedia/commons/thumb/c/c9/Two_1870_path.png/1280px-Two_1870_path.png?utm_source=en.wikipedia.org&utm_campaign=imageinfo&utm_content=thumbnail
AL031872,Hurricane Three,1872,Gold,73,1,81,,20.72,282,,55.5,62.1,87.5,91.6,50,https://thumb.wikimedia.org/wikipedia/commons/thumb/a/a7/Three_1872_path.png/1280px-Three_1872_path.png?utm_source=en.wikipedia.org&utm_campaign=imageinfo&utm_content=thumbnail
AL041876,Hurricane Four,1876,Gold,73,2,104,,12.05,150,,77.7,77.2,75.6,67.4,50,https://upload.wikimedia.org/wikipedia/commons/7/7a/1876_Atlantic_hurricane_4_track.png?utm_source=en.wikipedia.org&utm_campaign=imageinfo&utm_content=thumbnail_unscaled
AL031881,Hurricane Three,1881,Gold,73,1,92,,17.04,186,,68.8,59.4,83.1,75.8,50,https://upload.wikimedia.org/wikipedia/commons/2/2d/1881_Atlantic_hurricane_3_track.png?utm_source=en.wikipedia.org&utm_campaign=imageinfo&utm_content=thumbnail_unscaled
AL011883,Hurricane One,1883,Gold,73,1,92,,17.82,258,,65.6,57.9,84.3,87.9,50,https://upload.wikimedia.org/wikipedia/commons/1/1d/1883_Atlantic_hurricane_1_track.png?utm_source=en.wikipedia.org&utm_campaign=imageinfo&utm_content=thumbnail_unscaled
AL011885,Hurricane One,1885,Gold,73,1,92,981,14.22,210,,67.7,64.9,79.2,80.1,50,https://upload.wikimedia.org/wikipedia/commons/c/cb/1885_Atlantic_hurricane_1_track.png?utm_source=en.wikipedia.org&utm_campaign=imageinfo&utm_content=thumbnail_unscaled
AL041891,Hurricane Four,1891,Gold,73,2,98,,16.16,192,,70.5,76.3,81.9,76.4,50,https://thumb.wikimedia.org/wikipedia/commons/thumb/6/6d/Hurricane_Four_weather_map%2C_September_7%2C_1891.jpg/1280px-Hurricane_Four_weather_map%2C_September_7%2C_1891.jpg?utm_source=en.wikipedia.org&utm_campaign=imageinfo&utm_content=thumbnail
AL061891,Hurricane Six,1891,Gold,73,2,98,,16.3,228,,70.5,73.7,82.2,83.4,50,https://thumb.wikimedia.org/wikipedia/commons/thumb/e/e5/Hurricane_Six_weather_map%2C_October_5%2C_1891.jpg/1280px-Hurricane_Six_weather_map%2C_October_5%2C_1891.jpg?utm_source=en.wikipedia.org&utm_campaign=imageinfo&utm_content=thumbnail
AL051896,Hurricane Five,1896,Gold,73,2,98,,13.55,228,,70.6,74.9,78.4,83.5,50,https://upload.wikimedia.org/wikipedia/commons/4/45/October_11%2C_1896_hurricane_5_weather_map.jpg?utm_source=en.wikipedia.org&utm_campaign=imageinfo&utm_content=thumbnail_unscaled
AL041901,Hurricane Four,1901,Gold,73,1,92,973,11.19,186,,69.5,71.1,74,74.7,50,https://upload.wikimedia.org/wikipedia/commons/3/35/Hurricane_Four_Analysis_1901-08-15.png?utm_source=en.wikipedia.org&utm_campaign=imageinfo&utm_content=thumbnail_unscaled
AL031903,Hurricane Three,1903,Gold,73,1,92,976,9.92,156,,69,69.1,71,68.5,50,https://thumb.wikimedia.org/wikipedia/commons/thumb/f/f6/Florida_hurricane_weather_map_9-11-1903_%28643990%29.jpg/1280px-Florida_hurricane_weather_map_9-11-1903_%28643990%29.jpg?utm_source=en.wikipedia.org&utm_campaign=imageinfo&utm_content=thumbnail
AL041921,Hurricane Four,1921,Gold,73,1,92,979,9.89,162,,68.4,66.5,70.9,70.9,50,https://upload.wikimedia.org/wikipedia/commons/9/9f/Hurricane_Four_weather_analysis%2C_September_11%2C_1921.jpg?utm_source=en.wikipedia.org&utm_campaign=imageinfo&utm_content=thumbnail_unscaled
AL021927,Hurricane Two,1927,Gold,73,1,92,,11.34,216,,68.7,59.9,74.4,81.9,50,https://thumb.wikimedia.org/wikipedia/commons/thumb/f/f6/Hurricane_Two_weather_map%2C_September_10%2C_1927.jpg/1280px-Hurricane_Two_weather_map%2C_September_10%2C_1927.jpg?utm_source=en.wikipedia.org&utm_campaign=imageinfo&utm_content=thumbnail
AL011928,Hurricane One,1928,Gold,73,2,104,971,11.13,258,,75,72.2,73.8,88.7,50,https://thumb.wikimedia.org/wikipedia/commons/thumb/9/91/Fort_Pierce_hurricane_weather_map%2C_August_8%2C_1928.jpg/1280px-Fort_Pierce_hurricane_weather_map%2C_August_8%2C_1928.jpg?utm_source=en.wikipedia.org&utm_campaign=imageinfo&utm_content=thumbnail
AL181933,Hurricane Eighteen,1933,Gold,73,1,92,982,11.2,270,,66.4,64.3,74.1,89.6,50,https://thumb.wikimedia.org/wikipedia/commons/thumb/d/da/Cuba%E2%80%93Brownsville_hurricane_weather_map_9-1-1933_%280329721%29.jpg/1280px-Cuba%E2%80%93Brownsville_hurricane_weather_map_9-1-1933_%280329721%29.jpg?utm_source=en.wikipedia.org&utm_campaign=imageinfo&utm_content=thumbnail
AL051950,EASY,1950,Gold,73,3,121,960,13.31,144,2,86.5,84.5,78,64.6,11.7,https://upload.wikimedia.org/wikipedia/commons/e/e6/Easy_1950-09-04_1130Z.jpg?utm_source=en.wikipedia.org&utm_campaign=api&utm_content=thumbnail_unscaled
AL131954,Hurricane Thirteen,1954,Gold,73,2,98,,14.21,174,,73.3,74.2,79.2,72.9,50,https://upload.wikimedia.org/wikipedia/commons/f/f8/Hurricane_Thirteen_surface_analysis_October_05%2C_1954.png?utm_source=en.wikipedia.org&utm_campaign=imageinfo&utm_content=thumbnail_unscaled
AL061960,ETHEL,1960,Gold,73,3,115,974,5.64,66,1,84.5,70.5,55.8,35.2,6.5,https://thumb.wikimedia.org/wikipedia/commons/thumb/4/40/Ethel_1960-09-15_weather_map.png/1280px-Ethel_1960-09-15_weather_map.png?utm_source=en.wikipedia.org&utm_campaign=api&utm_content=thumbnail
AL071962,Hurricane Seven,1962,Gold,73,1,92,991,15.51,234,,69.1,48.9,81,84.2,50,https://thumb.wikimedia.org/wikipedia/commons/thumb/d/d2/1962_Atlantic_hurricane_season_summary_map.png/1280px-1962_Atlantic_hurricane_season_summary_map.png?utm_source=en.wikipedia.org&utm_campaign=api&utm_content=thumbnail
AL061965,ELENA,1965,Gold,73,2,109,977,11.68,174,,82.4,68.3,75.1,72.6,50,https://thumb.wikimedia.org/wikipedia/commons/thumb/8/8b/Hurricane_Elena_weather_map%2C_October_17%2C_1965.jpg/1280px-Hurricane_Elena_weather_map%2C_October_17%2C_1965.jpg?utm_source=en.wikipedia.org&utm_campaign=imageinfo&utm_content=thumbnail
AL111966,LOIS,1966,Gold,73,1,86,983,11.42,210,,65.4,63.2,74.6,80.8,50,https://thumb.wikimedia.org/wikipedia/commons/thumb/0/0c/Hurricane_Lois_weather_map%2C_November_8%2C_1966.jpg/1280px-Hurricane_Lois_weather_map%2C_November_8%2C_1966.jpg?utm_source=en.wikipedia.org&utm_campaign=imageinfo&utm_content=thumbnail
AL091968,Hurricane Nine,1968,Gold,73,1,86,976,12.02,222,,61.6,68.7,75.5,82.6,50,https://thumb.wikimedia.org/wikipedia/commons/thumb/c/c2/1968_Atlantic_hurricane_season_summary.png/1280px-1968_Atlantic_hurricane_season_summary.png?utm_source=en.wikipedia.org&utm_campaign=api&utm_content=thumbnail
AL161969,GERDA,1969,Gold,73,3,121,977,6.38,102,,86.2,67.9,58.8,52.1,50,https://upload.wikimedia.org/wikipedia/commons/c/cf/Gerda_1969-09-09_1550Z.jpg?utm_source=en.wikipedia.org&utm_campaign=api&utm_content=thumbnail_unscaled
AL281969,Hurricane Twenty-Eight,1969,Gold,73,1,92,988,14.3,240,,67.6,52,79.5,85.7,50,https://thumb.wikimedia.org/wikipedia/commons/thumb/1/14/1969_Atlantic_hurricane_season_summary_map.png/1280px-1969_Atlantic_hurricane_season_summary_map.png?utm_source=en.wikipedia.org&utm_campaign=api&utm_content=thumbnail
AL121970,ELLA,1970,Gold,73,3,127,962,5.34,72,,89.9,83.7,53.8,36.6,50,https://thumb.wikimedia.org/wikipedia/commons/thumb/0/05/Ella_1970-09-11_1542Z.png/1280px-Ella_1970-09-11_1542Z.png?utm_source=en.wikipedia.org&utm_campaign=imageinfo&utm_content=thumbnail
AL151970,Hurricane Fifteen,1970,Gold,73,1,86,989,15.06,522,,61.9,51.5,80.5,99.7,50,https://thumb.wikimedia.org/wikipedia/commons/thumb/b/b3/1970_Atlantic_hurricane_season_summary_map.png/1280px-1970_Atlantic_hurricane_season_summary_map.png?utm_source=en.wikipedia.org&utm_campaign=api&utm_content=thumbnail
AL071975,CAROLINE,1975,Gold,73,3,115,961,5.54,78,,83.7,83.9,55.2,42.2,50,https://thumb.wikimedia.org/wikipedia/commons/thumb/a/a7/Caroline_1975-08-30_2103Z_color.jpg/1280px-Caroline_1975-08-30_2103Z_color.jpg?utm_source=en.wikipedia.org&utm_campaign=imageinfo&utm_content=thumbnail
AL091976,CANDICE,1976,Gold,73,1,92,964,8.8,138,,66,81.9,68.1,62.5,50,https://thumb.wikimedia.org/wikipedia/commons/thumb/6/6f/Candice_1976-08-23_1201Z.png/1280px-Candice_1976-08-23_1201Z.png?utm_source=en.wikipedia.org&utm_campaign=imageinfo&utm_content=thumbnail
AL171976,GLORIA,1976,Gold,73,2,104,970,11.53,156,,77.1,78.5,74.8,68.3,50,https://thumb.wikimedia.org/wikipedia/commons/thumb/1/1f/Gloria_1976-09-30_1202Z.png/1280px-Gloria_1976-09-30_1202Z.png?utm_source=en.wikipedia.org&utm_campaign=imageinfo&utm_content=thumbnail
AL141979,GLORIA,1979,Gold,73,2,98,975,17.73,210,,72,69.6,84.1,80.2,50,https://thumb.wikimedia.org/wikipedia/commons/thumb/7/78/Gloria_1979-09-13_2000Z_color.png/1280px-Gloria_1979-09-13_2000Z_color.png?utm_source=en.wikipedia.org&utm_campaign=imageinfo&utm_content=thumbnail
AL201984,LILI,1984,Gold,73,1,81,980,16.24,276,,56,65.1,82,90.4,50,https://upload.wikimedia.org/wikipedia/commons/a/a0/Lili_1984-12-20_1800Z.png?utm_source=en.wikipedia.org&utm_campaign=imageinfo&utm_content=thumbnail_unscaled
AL111994,FLORENCE,1994,Gold,73,2,109,972,10.91,156,,81.3,71.6,73.3,68.7,50,https://thumb.wikimedia.org/wikipedia/commons/thumb/4/4f/Florence_1994-11-07_2000Z.png/1280px-Florence_1994-11-07_2000Z.png?utm_source=en.wikipedia.org&utm_campaign=imageinfo&utm_content=thumbnail
AL211995,TANYA,1995,Gold,73,1,86,970,9.95,156,,62.6,79.1,71.3,67.9,50,https://thumb.wikimedia.org/wikipedia/commons/thumb/2/27/Tanya_1995-10-31_1415Z.png/1280px-Tanya_1995-10-31_1415Z.png?utm_source=en.wikipedia.org&utm_campaign=api&utm_content=thumbnail
AL091998,IVAN,1998,Gold,73,1,92,975,9.92,168,,66.7,69.7,71,71.6,50,https://thumb.wikimedia.org/wikipedia/commons/thumb/1/1a/Ivan_1998-09-26_1115Z.png/1280px-Ivan_1998-09-26_1115Z.png?utm_source=en.wikipedia.org&utm_campaign=imageinfo&utm_content=thumbnail
AL272005,BETA,2005,Gold,73,3,115,962,6.47,84,,82.9,83.3,59.1,43.4,50,https://thumb.wikimedia.org/wikipedia/commons/thumb/2/20/Beta_2005-10-30_0655Z.jpg/1280px-Beta_2005-10-30_0655Z.jpg?utm_source=en.wikipedia.org&utm_campaign=api&utm_content=thumbnail
AL302005,EPSILON,2005,Gold,73,1,86,981,13.36,216,,63,64.8,78.1,81.6,50,https://thumb.wikimedia.org/wikipedia/commons/thumb/8/83/Epsilon_2005-12-05_1545Z.jpg/1280px-Epsilon_2005-12-05_1545Z.jpg?utm_source=en.wikipedia.org&utm_campaign=api&utm_content=thumbnail
AL212010,TOMAS,2010,Gold,73,2,98,982,14.26,294,,73.7,63.9,79.4,92.4,50,https://thumb.wikimedia.org/wikipedia/commons/thumb/6/65/Tomas_2010-10-31_0540Z.jpg/1280px-Tomas_2010-10-31_0540Z.jpg?utm_source=en.wikipedia.org&utm_campaign=api&utm_content=thumbnail
AL092013,HUMBERTO,2013,Gold,73,1,92,979,9.47,210,,66.9,67.3,69.6,81,50,https://thumb.wikimedia.org/wikipedia/commons/thumb/b/be/Humberto_Sept_11_2013_1300Z.jpg/1280px-Humberto_Sept_11_2013_1300Z.jpg?utm_source=en.wikipedia.org&utm_campaign=imageinfo&utm_content=thumbnail
AL012016,ALEX,2016,Gold,73,1,86,978,12.75,240,,62.4,67.6,77.2,86.1,50,https://thumb.wikimedia.org/wikipedia/commons/thumb/0/0f/Alex_2016-01-14_1300Z_%28cropped%3B_alternate%29.jpg/1280px-Alex_2016-01-14_1300Z_%28cropped%3B_alternate%29.jpg?utm_source=en.wikipedia.org&utm_campaign=api&utm_content=thumbnail
AL162016,OTTO,2016,Gold,73,3,115,975,8.31,120,,84,70,66.6,57.8,50,https://thumb.wikimedia.org/wikipedia/commons/thumb/7/76/Otto_2016-11-24_1605Z_%28gallery%29.jpg/1280px-Otto_2016-11-24_1605Z_%28gallery%29.jpg?utm_source=en.wikipedia.org&utm_campaign=api&utm_content=thumbnail
AL282020,ZETA,2020,Gold,73,3,115,970,7.91,120,9,85.3,78.7,64.9,58,40.3,https://thumb.wikimedia.org/wikipedia/commons/thumb/4/47/Zeta_2020-10-28_2100Z.png/1280px-Zeta_2020-10-28_2100Z.png?utm_source=en.wikipedia.org&utm_campaign=api&utm_content=thumbnail
AL162022,MARTIN,2022,Gold,73,1,86,932,6.86,120,,65.3,96.4,61.1,58.2,50,https://thumb.wikimedia.org/wikipedia/commons/thumb/b/b1/Martin_2022-11-02_1640Z.jpg/1280px-Martin_2022-11-02_1640Z.jpg?utm_source=en.wikipedia.org&utm_campaign=imageinfo&utm_content=thumbnail
AL051852,Hurricane Five,1852,Gold,72,2,104,,15.68,138,,75.8,73.1,81.2,62.1,50,https://thumb.wikimedia.org/wikipedia/commons/thumb/f/fd/Five_1852_path.png/1280px-Five_1852_path.png?utm_source=en.wikipedia.org&utm_campaign=imageinfo&utm_content=thumbnail
AL041860,Hurricane Four,1860,Gold,72,2,104,,16.29,126,,76.1,73.1,82.1,59.3,50,https://thumb.wikimedia.org/wikipedia/commons/thumb/b/b7/Four_1860_path.png/1280px-Four_1860_path.png?utm_source=en.wikipedia.org&utm_campaign=imageinfo&utm_content=thumbnail
AL011861,Hurricane One,1861,Gold,72,2,104,,12.76,162,,75.6,72.9,77.2,69.5,50,https://thumb.wikimedia.org/wikipedia/commons/thumb/a/a3/One_1861_path.png/1280px-One_1861_path.png?utm_source=en.wikipedia.org&utm_campaign=imageinfo&utm_content=thumbnail
AL051863,Hurricane Five,1863,Gold,72,1,81,,13.94,186,,61,61.1,78.9,75.1,50,https://thumb.wikimedia.org/wikipedia/commons/thumb/0/0b/Five_1863_path.png/1280px-Five_1863_path.png?utm_source=en.wikipedia.org&utm_campaign=imageinfo&utm_content=thumbnail
AL011866,Hurricane One,1866,Gold,72,2,104,,14.29,108,,76.8,75.7,79.4,53.7,50,https://thumb.wikimedia.org/wikipedia/commons/thumb/b/b0/One_1866_path.png/1280px-One_1866_path.png?utm_source=en.wikipedia.org&utm_campaign=imageinfo&utm_content=thumbnail
AL051870,Hurricane Five,1870,Gold,72,1,92,969,9.34,90,,68,79.3,69.2,46.3,50,https://thumb.wikimedia.org/wikipedia/commons/thumb/d/da/Five_1870_path.png/1280px-Five_1870_path.png?utm_source=en.wikipedia.org&utm_campaign=imageinfo&utm_content=thumbnail
AL051871,Hurricane Five,1871,Gold,72,2,104,,12.96,90,,77.6,76.8,77.5,47.1,50,https://thumb.wikimedia.org/wikipedia/commons/thumb/5/5a/Five_1871_path.png/1280px-Five_1871_path.png?utm_source=en.wikipedia.org&utm_campaign=imageinfo&utm_content=thumbnail
AL061874,Hurricane Six,1874,Gold,72,1,92,980,7.54,150,,69.3,65.9,63.5,67.5,50,https://thumb.wikimedia.org/wikipedia/commons/thumb/3/35/Hurricane_Six_analysis_28_Sept_1874.png/1280px-Hurricane_Six_analysis_28_Sept_1874.png?utm_source=en.wikipedia.org&utm_campaign=imageinfo&utm_content=thumbnail
AL021875,Hurricane Two,1875,Gold,72,1,81,982,17.54,234,,54,64,83.6,84.8,50,https://upload.wikimedia.org/wikipedia/commons/f/f9/1875_Atlantic_hurricane_2_track.png?utm_source=en.wikipedia.org&utm_campaign=imageinfo&utm_content=thumbnail_unscaled
AL021878,Hurricane Two,1878,Gold,72,1,81,,13.51,258,,57.7,62,78.3,88.8,50,https://upload.wikimedia.org/wikipedia/commons/8/89/1878_Atlantic_hurricane_2_track.png?utm_source=en.wikipedia.org&utm_campaign=imageinfo&utm_content=thumbnail_unscaled
AL041878,Hurricane Four,1878,Gold,72,2,104,972,13.14,138,,77.1,72,77.7,63.5,50,https://upload.wikimedia.org/wikipedia/commons/8/8c/1878_Atlantic_hurricane_4_track.png?utm_source=en.wikipedia.org&utm_campaign=imageinfo&utm_content=thumbnail_unscaled
AL031879,Hurricane Three,1879,Gold,72,2,104,964,9.74,120,,76.8,82,70.3,58.2,50,https://thumb.wikimedia.org/wikipedia/commons/thumb/5/50/Hurricane_Three_weather_map_2%2C_August_23%2C_1879.jpg/1280px-Hurricane_Three_weather_map_2%2C_August_23%2C_1879.jpg?utm_source=en.wikipedia.org&utm_campaign=imageinfo&utm_content=thumbnail
AL041886,Hurricane Four,1886,Gold,72,1,86,990,16.34,252,,62,49.9,82.3,87.7,50,https://thumb.wikimedia.org/wikipedia/commons/thumb/7/78/Hurricane_four_7-19-1886.jpg/1280px-Hurricane_four_7-19-1886.jpg?utm_source=en.wikipedia.org&utm_campaign=imageinfo&utm_content=thumbnail
AL091891,Hurricane Nine,1891,Gold,72,1,86,,13.39,198,,62.8,59.7,78.1,78.9,50,https://thumb.wikimedia.org/wikipedia/commons/thumb/e/e0/Hurricane_Nine_weather_map%2C_October_19%2C_1891.jpg/1280px-Hurricane_Nine_weather_map%2C_October_19%2C_1891.jpg?utm_source=en.wikipedia.org&utm_campaign=imageinfo&utm_content=thumbnail
AL081892,Hurricane Eight,1892,Gold,72,1,92,,11.08,174,,67,59.8,73.7,73.1,50,https://upload.wikimedia.org/wikipedia/commons/8/8b/1892_Atlantic_hurricane_8_track.png?utm_source=en.wikipedia.org&utm_campaign=imageinfo&utm_content=thumbnail_unscaled
AL091898,Tropical Storm Nine,1898,Gold,72,0,69,,13.25,300,,48.2,26.5,78,92.9,50,https://upload.wikimedia.org/wikipedia/commons/d/da/October_10%2C_1898_tropical_storm_9_map.jpg?utm_source=en.wikipedia.org&utm_campaign=imageinfo&utm_content=thumbnail_unscaled
AL031902,Hurricane Three,1902,Gold,72,2,98,,13.2,228,,70.3,73.4,77.9,84,50,https://thumb.wikimedia.org/wikipedia/commons/thumb/0/09/Hurricane_Three_weather_map%2C_September_22%2C_1902.jpg/1280px-Hurricane_Three_weather_map%2C_September_22%2C_1902.jpg?utm_source=en.wikipedia.org&utm_campaign=imageinfo&utm_content=thumbnail
AL101903,Hurricane Ten,1903,Gold,72,1,81,,12.71,204,,60.3,59.8,77.1,79.7,50,https://thumb.wikimedia.org/wikipedia/commons/thumb/0/0a/Hurricane_Ten_weather_map%2C_November_23%2C_1903.jpg/1280px-Hurricane_Ten_weather_map%2C_November_23%2C_1903.jpg?utm_source=en.wikipedia.org&utm_campaign=imageinfo&utm_content=thumbnail
AL071906,Tropical Storm Seven,1906,Gold,72,0,69,,12.61,234,,46.4,36.2,76.8,84.4,50,https://thumb.wikimedia.org/wikipedia/commons/thumb/0/08/Tropical_Storm_Seven_weather_map%2C_September_26%2C_1906.jpg/1280px-Tropical_Storm_Seven_weather_map%2C_September_26%2C_1906.jpg?utm_source=en.wikipedia.org&utm_campaign=imageinfo&utm_content=thumbnail
AL031913,Tropical Storm Three,1913,Gold,72,0,69,,15.75,396,,45.5,37.9,81.3,98.5,50,https://thumb.wikimedia.org/wikipedia/commons/thumb/a/a0/Tropical_Storm_Three_weather_map%2C_September_4%2C_1913.jpg/1280px-Tropical_Storm_Three_weather_map%2C_September_4%2C_1913.jpg?utm_source=en.wikipedia.org&utm_campaign=imageinfo&utm_content=thumbnail
AL011921,Hurricane One,1921,Gold,72,1,92,980,8.71,150,,66.3,65.7,68,66.8,50,https://thumb.wikimedia.org/wikipedia/commons/thumb/b/b6/Hurricane_one_weather_map%2C_June_22%2C_1921.jpg/1280px-Hurricane_one_weather_map%2C_June_22%2C_1921.jpg?utm_source=en.wikipedia.org&utm_campaign=imageinfo&utm_content=thumbnail
AL041925,Hurricane Four,1925,Gold,72,1,92,980,7.86,186,,68.4,65.4,64.7,76.3,50,https://thumb.wikimedia.org/wikipedia/commons/thumb/e/e9/1925_Atlantic_hurricane_season_summary_map.png/1280px-1925_Atlantic_hurricane_season_summary_map.png?utm_source=en.wikipedia.org&utm_campaign=api&utm_content=thumbnail
AL021928,Hurricane Two,1928,Gold,72,1,92,,10.02,174,,66.5,59.1,71.5,72.5,50,https://upload.wikimedia.org/wikipedia/commons/c/c7/Hurricane_Two_Analysis_10_Aug_1928.jpg?utm_source=en.wikipedia.org&utm_campaign=imageinfo&utm_content=thumbnail_unscaled
AL151932,Hurricane Fifteen,1932,Gold,72,2,98,,12.63,180,,71.5,73.2,76.9,73.7,50,https://thumb.wikimedia.org/wikipedia/commons/thumb/2/28/Hurricane_Fifteen_Analysis_8_Nov_1932.png/1280px-Hurricane_Fifteen_Analysis_8_Nov_1932.png?utm_source=en.wikipedia.org&utm_campaign=imageinfo&utm_content=thumbnail
AL131933,Hurricane Thirteen,1933,Gold,72,2,109,960,6.67,114,,81.4,84.7,60.3,55.5,50,https://thumb.wikimedia.org/wikipedia/commons/thumb/7/77/Hurricane_Thirteen_weather_map%2C_September_15%2C_1933.jpg/1280px-Hurricane_Thirteen_weather_map%2C_September_15%2C_1933.jpg?utm_source=en.wikipedia.org&utm_campaign=imageinfo&utm_content=thumbnail
AL061939,Hurricane Six,1939,Gold,72,1,92,,9.97,192,,65.6,58.9,71.4,77.1,50,https://thumb.wikimedia.org/wikipedia/commons/thumb/4/45/Hurricane_Six_weather_map%2C_October_31%2C_1939.jpg/1280px-Hurricane_Six_weather_map%2C_October_31%2C_1939.jpg?utm_source=en.wikipedia.org&utm_campaign=imageinfo&utm_content=thumbnail
AL011953,ALICE,1953,Gold,72,0,69,994,7.33,270,14,46.7,46.6,62.4,89.7,48.5,https://upload.wikimedia.org/wikipedia/commons/6/6e/June_6%2C_1953_Tropical_Storm_Alice_weather_map.jpg?utm_source=en.wikipedia.org&utm_campaign=imageinfo&utm_content=thumbnail_unscaled
AL081956,GRETA,1956,Gold,72,2,98,970,11.63,144,,73.2,78.4,75,64.8,50,https://upload.wikimedia.org/wikipedia/commons/9/99/Greta_1956-11-02_weather_map.jpg?utm_source=en.wikipedia.org&utm_campaign=api&utm_content=thumbnail_unscaled
AL111959,JUDITH,1959,Gold,72,1,86,988,6.84,180,64,63.6,52.2,61,74.4,71.9,https://upload.wikimedia.org/wikipedia/commons/8/82/Hurricane_Judith_surface_analysis_October_20_1959.jpg?utm_source=en.wikipedia.org&utm_campaign=imageinfo&utm_content=thumbnail_unscaled
AL111967,ARLENE,1967,Gold,72,1,92,982,8.04,162,,69.5,64.1,65.4,71.2,50,https://thumb.wikimedia.org/wikipedia/commons/thumb/e/e1/Arlene_September_3%2C_1967%2C_1530Z.jpg/1280px-Arlene_September_3%2C_1967%2C_1530Z.jpg?utm_source=en.wikipedia.org&utm_campaign=imageinfo&utm_content=thumbnail
AL261969,LAURIE,1969,Gold,72,1,92,973,7.93,150,,67.7,71.2,65,66.5,50,https://upload.wikimedia.org/wikipedia/commons/4/48/Hurricane_Laurie_Oct_21_1969_1729Z.jpg?utm_source=en.wikipedia.org&utm_campaign=imageinfo&utm_content=thumbnail_unscaled
AL231970,Tropical Storm Twenty-Three,1970,Gold,72,0,69,987,13.08,246,,43.2,52.5,77.6,86.8,50,https://thumb.wikimedia.org/wikipedia/commons/thumb/b/b3/1970_Atlantic_hurricane_season_summary_map.png/1280px-1970_Atlantic_hurricane_season_summary_map.png?utm_source=en.wikipedia.org&utm_campaign=api&utm_content=thumbnail
AL141972,CHARLIE,1972,Gold,72,1,92,944,5.52,78,,69.3,92.4,55,40.1,50,https://upload.wikimedia.org/wikipedia/commons/3/30/CharlieSep191972.png?utm_source=en.wikipedia.org&utm_campaign=imageinfo&utm_content=thumbnail_unscaled
AL161973,GILDA,1973,Gold,72,0,69,968,11.03,288,,48.9,80.1,73.5,91.6,50,https://upload.wikimedia.org/wikipedia/commons/d/d0/Gilda_73.JPG?utm_source=en.wikipedia.org&utm_campaign=api&utm_content=thumbnail_unscaled
AL231975,Tropical Storm Twenty-Three,1975,Gold,72,0,69,985,6.84,162,,45.7,54.3,61,70.8,50,https://thumb.wikimedia.org/wikipedia/commons/thumb/c/cc/1975_Atlantic_hurricane_season_summary_map.png/1280px-1975_Atlantic_hurricane_season_summary_map.png?utm_source=en.wikipedia.org&utm_campaign=api&utm_content=thumbnail
AL131978,FLOSSIE,1978,Gold,72,2,98,976,12.15,282,,72.5,68.9,75.9,91.1,50,https://upload.wikimedia.org/wikipedia/commons/b/bd/Flossie_1978-09-13_1230Z.png?utm_source=en.wikipedia.org&utm_campaign=imageinfo&utm_content=thumbnail_unscaled
AL221981,Tropical Storm Twenty-Two,1981,Gold,72,0,69,978,6.16,114,,44.4,67.6,57.9,55.4,50,https://thumb.wikimedia.org/wikipedia/commons/thumb/3/3f/1981_Atlantic_hurricane_season_summary_map.png/1280px-1981_Atlantic_hurricane_season_summary_map.png?utm_source=en.wikipedia.org&utm_campaign=api&utm_content=thumbnail
AL051986,CHARLEY,1986,Gold,72,1,81,980,11.05,300,15,55,65.9,73.6,92.9,50.6,https://thumb.wikimedia.org/wikipedia/commons/thumb/5/5b/Charley_1986-08-17_1900Z.jpg/1280px-Charley_1986-08-17_1900Z.jpg?utm_source=en.wikipedia.org&utm_campaign=api&utm_content=thumbnail
AL121990,JOSEPHINE,1990,Gold,72,1,86,980,6.62,288,,63.5,65.5,59.9,91.8,50,https://thumb.wikimedia.org/wikipedia/commons/thumb/e/ec/Josephine_1990-10-03_1300Z.png/1280px-Josephine_1990-10-03_1300Z.png?utm_source=en.wikipedia.org&utm_campaign=imageinfo&utm_content=thumbnail
AL101992,FRANCES,1992,Gold,72,1,86,976,8.46,162,,63.6,68.9,67.1,69.3,50,https://thumb.wikimedia.org/wikipedia/commons/thumb/7/7d/Frances_1992-10-24_1130Z.png/1280px-Frances_1992-10-24_1130Z.png?utm_source=en.wikipedia.org&utm_campaign=imageinfo&utm_content=thumbnail
AL031995,CHANTAL,1995,Gold,72,0,69,991,8.04,192,,47.5,49.2,65.4,77,50,https://thumb.wikimedia.org/wikipedia/commons/thumb/0/07/Chantal_1995-07-19_1645Z.png/1280px-Chantal_1995-07-19_1645Z.png?utm_source=en.wikipedia.org&utm_campaign=imageinfo&utm_content=thumbnail
AL101996,JOSEPHINE,1996,Gold,72,0,69,970,8.22,216,3,49.4,79.1,66,82.3,23.4,https://thumb.wikimedia.org/wikipedia/commons/thumb/e/e6/Josephine_1996-10-07_1515Z.png/1280px-Josephine_1996-10-07_1515Z.png?utm_source=en.wikipedia.org&utm_campaign=api&utm_content=thumbnail
AL111998,KARL,1998,Gold,72,2,104,970,8.35,138,,78.6,78.2,66.9,63.2,50,https://thumb.wikimedia.org/wikipedia/commons/thumb/0/0d/Karl_1998-09-26_1745Z.png/1280px-Karl_1998-09-26_1745Z.png?utm_source=en.wikipedia.org&utm_campaign=imageinfo&utm_content=thumbnail
AL141998,NICOLE,1998,Gold,72,1,86,979,8.75,198,,64.3,66.6,68,77.6,50,https://thumb.wikimedia.org/wikipedia/commons/thumb/b/b3/Nicole_1998-11-30_1245Z.png/1280px-Nicole_1998-11-30_1245Z.png?utm_source=en.wikipedia.org&utm_campaign=imageinfo&utm_content=thumbnail
AL142000,JOYCE,2000,Gold,72,1,92,975,7.55,132,,69.4,69.8,63.5,61.6,50,https://thumb.wikimedia.org/wikipedia/commons/thumb/c/c3/Joyce_2000-09-28.jpg/1280px-Joyce_2000-09-28.jpg?utm_source=en.wikipedia.org&utm_campaign=imageinfo&utm_content=thumbnail
AL102001,HUMBERTO,2001,Gold,72,2,104,970,9.94,126,,80,78.3,71.2,59.3,50,https://thumb.wikimedia.org/wikipedia/commons/thumb/c/c9/Humberto_2001-09-26_1435Z_%28large%29.jpg/1280px-Humberto_2001-09-26_1435Z_%28large%29.jpg?utm_source=en.wikipedia.org&utm_campaign=imageinfo&utm_content=thumbnail
AL152003,JUAN,2003,Gold,72,2,104,969,9.4,108,,79.7,79.4,69.4,52.4,50,https://thumb.wikimedia.org/wikipedia/commons/thumb/e/e2/Juan_2003-09-27_1726Z.jpg/1280px-Juan_2003-09-27_1726Z.jpg?utm_source=en.wikipedia.org&utm_campaign=api&utm_content=thumbnail
AL192003,NICHOLAS,2003,Gold,72,0,69,990,7.62,312,,43.6,50.8,63.7,94.4,50,https://thumb.wikimedia.org/wikipedia/commons/thumb/e/ea/Nicholas_2003-10-17_1355Z.jpg/1280px-Nicholas_2003-10-17_1355Z.jpg?utm_source=en.wikipedia.org&utm_campaign=imageinfo&utm_content=thumbnail
AL152005,NATE,2005,Gold,72,1,92,979,8.54,162,,67.2,67.2,67.4,70,50,https://thumb.wikimedia.org/wikipedia/commons/thumb/c/cd/Nate_2005-09-07_1730Z_%28cropped%29.jpg/1280px-Nate_2005-09-07_1730Z_%28cropped%29.jpg?utm_source=en.wikipedia.org&utm_campaign=api&utm_content=thumbnail
AL292005,DELTA,2005,Gold,72,0,69,980,8.63,210,,47.3,65.6,67.8,80.7,50,https://thumb.wikimedia.org/wikipedia/commons/thumb/a/a9/Delta_2005-11-24_1620Z.jpg/1280px-Delta_2005-11-24_1620Z.jpg?utm_source=en.wikipedia.org&utm_campaign=api&utm_content=thumbnail
AL032007,CHANTAL,2007,Gold,72,0,69,964,5.67,126,,47.2,82.3,55.9,59.1,50,https://thumb.wikimedia.org/wikipedia/commons/thumb/4/41/Chantal_2007-07-31_1710Z.jpg/1280px-Chantal_2007-07-31_1710Z.jpg?utm_source=en.wikipedia.org&utm_campaign=imageinfo&utm_content=thumbnail
AL062008,FAY,2008,Gold,72,0,69,986,7.29,195.5,49,44.9,54,62.3,77.3,67.5,https://thumb.wikimedia.org/wikipedia/commons/thumb/9/93/Fay_2008-08-19_1615Z_%28large%29.jpg/1280px-Fay_2008-08-19_1615Z_%28large%29.jpg?utm_source=en.wikipedia.org&utm_campaign=api&utm_content=thumbnail
AL122016,KARL,2016,Gold,72,0,69,980,7.22,258,,49.5,65.2,62,87.9,50,https://thumb.wikimedia.org/wikipedia/commons/thumb/8/83/Karl_2016-09-24_1450Z.jpg/1280px-Karl_2016-09-24_1450Z.jpg?utm_source=en.wikipedia.org&utm_campaign=imageinfo&utm_content=thumbnail
AL032018,CHRIS,2018,Gold,72,2,104,969,9.68,174,,75.2,79.2,70,73,50,https://thumb.wikimedia.org/wikipedia/commons/thumb/9/9e/Chris_2018-07-10_2142Z.jpg/1280px-Chris_2018-07-10_2142Z.jpg?utm_source=en.wikipedia.org&utm_campaign=api&utm_content=thumbnail
AL102019,JERRY,2019,Gold,72,2,104,976,9.97,174,,77.9,69.3,71.3,72.4,50,https://thumb.wikimedia.org/wikipedia/commons/thumb/4/4a/Jerry_2019-09-19_1625Z.jpg/1280px-Jerry_2019-09-19_1625Z.jpg?utm_source=en.wikipedia.org&utm_campaign=imageinfo&utm_content=thumbnail
AL202019,SEBASTIEN,2019,Gold,72,0,69,970,8.58,198,,45.2,78.7,67.5,78.3,50,https://thumb.wikimedia.org/wikipedia/commons/thumb/d/d0/Sebastien_2019-11-24_1340Z.jpg/1280px-Sebastien_2019-11-24_1340Z.jpg?utm_source=en.wikipedia.org&utm_campaign=imageinfo&utm_content=thumbnail
AL032020,CRISTOBAL,2020,Gold,72,0,58,982,4.85,234,46,32.7,64.3,52.2,84.8,66.7,https://thumb.wikimedia.org/wikipedia/commons/thumb/0/02/Collage_of_Tropical_Storms_Amanda_and_Cristobal.jpg/1280px-Collage_of_Tropical_Storms_Amanda_and_Cristobal.jpg?utm_source=en.wikipedia.org&utm_campaign=api&utm_content=thumbnail
AL092020,ISAIAS,2020,Gold,72,1,92,986,10.62,186,17,69.1,53.5,72.8,76.3,52.4,https://thumb.wikimedia.org/wikipedia/commons/thumb/2/29/Isaias_2020-08-03_1815Z.jpg/1280px-Isaias_2020-08-03_1815Z.jpg?utm_source=en.wikipedia.org&utm_campaign=api&utm_content=thumbnail
AL212021,WANDA,2021,Gold,72,0,69,973,10.45,318,,48,70.8,72.5,94.9,50,https://thumb.wikimedia.org/wikipedia/commons/thumb/7/79/Late_October_2021_nor%27easter_2021-10-27_1743Z.jpg/1280px-Late_October_2021_nor%27easter_2021-10-27_1743Z.jpg?utm_source=en.wikipedia.org&utm_campaign=api&utm_content=thumbnail
AL031864,Hurricane Three,1864,Gold,71,1,81,,12.17,150,,60.9,60.1,76,66.5,50,https://thumb.wikimedia.org/wikipedia/commons/thumb/8/86/Three_1864_path.png/1280px-Three_1864_path.png?utm_source=en.wikipedia.org&utm_campaign=imageinfo&utm_content=thumbnail
AL011868,Hurricane One,1868,Gold,71,2,104,,11,102,,76.5,76.3,73.4,50.6,50,https://thumb.wikimedia.org/wikipedia/commons/thumb/c/c2/One_1868_path.png/1280px-One_1868_path.png?utm_source=en.wikipedia.org&utm_campaign=imageinfo&utm_content=thumbnail
AL031878,Hurricane Three,1878,Gold,71,1,92,963,6.26,66,,68.6,83,58.3,33.2,50,https://thumb.wikimedia.org/wikipedia/commons/thumb/9/91/Hurricane_Three_weather_map%2C_August_20%2C_1878.jpg/1280px-Hurricane_Three_weather_map%2C_August_20%2C_1878.jpg?utm_source=en.wikipedia.org&utm_campaign=imageinfo&utm_content=thumbnail
AL091878,Hurricane Nine,1878,Gold,71,1,81,,12.36,186,,57.6,60.6,76.4,74.9,50,https://upload.wikimedia.org/wikipedia/commons/8/8c/1878_Atlantic_hurricane_9_track.png?utm_source=en.wikipedia.org&utm_campaign=imageinfo&utm_content=thumbnail_unscaled
AL121878,Tropical Storm Twelve,1878,Gold,71,0,69,,9.04,186,,47.2,30.5,68.6,74.8,50,https://upload.wikimedia.org/wikipedia/commons/9/99/1878_Atlantic_tropical_storm_12_track.png?utm_source=en.wikipedia.org&utm_campaign=imageinfo&utm_content=thumbnail_unscaled
AL031880,Hurricane Three,1880,Gold,71,1,92,980,7.24,138,,68.8,66.1,62.1,63.4,50,https://upload.wikimedia.org/wikipedia/commons/b/bc/1880_Atlantic_hurricane_3_track.png?utm_source=en.wikipedia.org&utm_campaign=imageinfo&utm_content=thumbnail_unscaled
AL111880,Tropical Storm Eleven,1880,Gold,71,0,69,991,4.29,102,,49.6,49.2,48.8,49.9,50,https://thumb.wikimedia.org/wikipedia/commons/thumb/a/a2/Tropical_Storm_Eleven_weather_map%2C_October_23%2C_1880.jpg/1280px-Tropical_Storm_Eleven_weather_map%2C_October_23%2C_1880.jpg?utm_source=en.wikipedia.org&utm_campaign=imageinfo&utm_content=thumbnail
AL021886,Hurricane Two,1886,Gold,71,2,98,,10.08,138,,72.7,75.5,71.9,63.8,50,https://thumb.wikimedia.org/wikipedia/commons/thumb/1/12/Hurricane_two_6-21-1886.jpg/1280px-Hurricane_two_6-21-1886.jpg?utm_source=en.wikipedia.org&utm_campaign=imageinfo&utm_content=thumbnail
AL071888,Hurricane Seven,1888,Gold,71,2,109,970,7.79,102,,81.4,78.8,64.4,50,50,https://thumb.wikimedia.org/wikipedia/commons/thumb/0/07/Hurricane_Seven_weather_map%2C_October_10%2C_1888.jpg/1280px-Hurricane_Seven_weather_map%2C_October_10%2C_1888.jpg?utm_source=en.wikipedia.org&utm_campaign=imageinfo&utm_content=thumbnail
AL031889,Hurricane Three,1889,Gold,71,1,81,,12.42,228,,56.5,60.8,76.6,84.1,50,https://thumb.wikimedia.org/wikipedia/commons/thumb/d/de/Hurricane_Three_weather_map%2C_August_27%2C_1889.jpg/1280px-Hurricane_Three_weather_map%2C_August_27%2C_1889.jpg?utm_source=en.wikipedia.org&utm_campaign=imageinfo&utm_content=thumbnail
AL051889,Hurricane Five,1889,Gold,71,1,81,,13.12,234,,56.5,56.1,77.7,84.7,50,https://upload.wikimedia.org/wikipedia/commons/8/8a/1889_Atlantic_hurricane_5_track.png?utm_source=en.wikipedia.org&utm_campaign=imageinfo&utm_content=thumbnail_unscaled
AL081889,Tropical Storm Eight,1889,Gold,71,0,69,,6.43,168,,49,29.9,59,72.3,50,https://upload.wikimedia.org/wikipedia/commons/0/0e/1889_Atlantic_tropical_storm_8_track.png?utm_source=en.wikipedia.org&utm_campaign=imageinfo&utm_content=thumbnail_unscaled
AL021891,Hurricane Two,1891,Gold,71,1,75,,19.01,294,,49.8,59.2,85.5,92.1,50,https://upload.wikimedia.org/wikipedia/commons/7/7c/1891_Atlantic_hurricane_2_track.png?utm_source=en.wikipedia.org&utm_campaign=imageinfo&utm_content=thumbnail_unscaled
AL121893,Tropical Storm Twelve,1893,Gold,71,0,69,,7.17,186,,48.8,27.2,61.9,75.2,50,https://thumb.wikimedia.org/wikipedia/commons/thumb/5/5a/November_8%2C_1893_tropical_storm_12_map.jpg/1280px-November_8%2C_1893_tropical_storm_12_map.jpg?utm_source=en.wikipedia.org&utm_campaign=imageinfo&utm_content=thumbnail
AL051897,Hurricane Five,1897,Gold,71,1,81,,11.4,312,,55.9,58.3,74.6,94.3,50,https://thumb.wikimedia.org/wikipedia/commons/thumb/7/76/October_20%2C_1897_hurricane_5_map.jpg/1280px-October_20%2C_1897_hurricane_5_map.jpg?utm_source=en.wikipedia.org&utm_campaign=imageinfo&utm_content=thumbnail
AL061897,Tropical Storm Six,1897,Gold,71,0,63,,8.63,204,,38.9,33.1,67.8,79.8,50,https://thumb.wikimedia.org/wikipedia/commons/thumb/f/f7/October_25%2C_1897_tropical_storm_6_map.jpg/1280px-October_25%2C_1897_tropical_storm_6_map.jpg?utm_source=en.wikipedia.org&utm_campaign=imageinfo&utm_content=thumbnail
AL051900,Tropical Storm Five,1900,Gold,71,0,69,,6.4,180,,48.7,35.2,58.9,74.3,50,https://upload.wikimedia.org/wikipedia/commons/9/90/Tropical_Storm_Five_Analysis_1900-10-09.png?utm_source=en.wikipedia.org&utm_campaign=imageinfo&utm_content=thumbnail_unscaled
AL021901,Tropical Storm Two,1901,Gold,71,0,69,,10.27,216,,48.7,28.1,72.2,81.8,50,https://upload.wikimedia.org/wikipedia/commons/3/33/Tropical_Storm_Two_Analysis_1901-07-10.png?utm_source=en.wikipedia.org&utm_campaign=imageinfo&utm_content=thumbnail_unscaled
AL111901,Tropical Storm Eleven,1901,Gold,71,0,69,,7,228,,46.3,33.6,61.4,83.3,50,https://upload.wikimedia.org/wikipedia/commons/e/e4/Tropical_Storm_Eleven_Analysis_1901-10-08.png?utm_source=en.wikipedia.org&utm_campaign=imageinfo&utm_content=thumbnail_unscaled
AL061903,Hurricane Six,1903,Gold,71,2,109,,9.83,108,,80.9,73.3,70.8,52.3,50,https://thumb.wikimedia.org/wikipedia/commons/thumb/5/5b/Hurricane_Six_weather_map%2C_September_28%2C_1903.jpg/1280px-Hurricane_Six_weather_map%2C_September_28%2C_1903.jpg?utm_source=en.wikipedia.org&utm_campaign=imageinfo&utm_content=thumbnail
AL021904,Hurricane Two,1904,Gold,71,1,86,,10.96,186,,63.2,58.2,73.4,74.7,50,https://thumb.wikimedia.org/wikipedia/commons/thumb/5/5f/Hurricane_Two_weather_map%2C_September_13%2C_1904.jpg/1280px-Hurricane_Two_weather_map%2C_September_13%2C_1904.jpg?utm_source=en.wikipedia.org&utm_campaign=imageinfo&utm_content=thumbnail
AL031908,Hurricane Three,1908,Gold,71,1,81,,11.61,222,,55,61.6,74.9,83,50,https://upload.wikimedia.org/wikipedia/commons/1/16/Hurricane_Three_surface_analysis_July_30%2C_1908.png?utm_source=en.wikipedia.org&utm_campaign=imageinfo&utm_content=thumbnail_unscaled
AL121909,Hurricane Twelve,1909,Gold,71,2,104,,9.94,150,,74.3,72.6,71.2,66,50,https://thumb.wikimedia.org/wikipedia/commons/thumb/a/ab/Greater_Antilles_hurricane_weather_map%2C_November_13%2C_1909.jpg/1280px-Greater_Antilles_hurricane_weather_map%2C_November_13%2C_1909.jpg?utm_source=en.wikipedia.org&utm_campaign=imageinfo&utm_content=thumbnail
AL041911,Hurricane Four,1911,Gold,71,2,98,,10.03,186,,70.4,72.7,71.7,75.7,50,https://upload.wikimedia.org/wikipedia/commons/e/ea/1911_Atlantic_hurricane_4.jpg?utm_source=en.wikipedia.org&utm_campaign=imageinfo&utm_content=thumbnail_unscaled
AL011912,Tropical Storm One,1912,Gold,71,0,69,,9.19,210,,45.6,36.7,68.9,80.1,50,https://upload.wikimedia.org/wikipedia/commons/d/de/Tropical_Storm_One_analysis_12_Jun_1912.png?utm_source=en.wikipedia.org&utm_campaign=imageinfo&utm_content=thumbnail_unscaled
AL101916,Hurricane Ten,1916,Gold,71,1,86,,9.1,174,,65.2,56.6,68.7,72.5,50,https://thumb.wikimedia.org/wikipedia/commons/thumb/c/cf/Hurricane_Ten_weather_map%2C_September_18%2C_1916.jpg/1280px-Hurricane_Ten_weather_map%2C_September_18%2C_1916.jpg?utm_source=en.wikipedia.org&utm_campaign=imageinfo&utm_content=thumbnail
AL111924,Hurricane Eleven,1924,Gold,71,1,81,,10.12,222,,57.3,60.6,72.1,82.6,50,https://thumb.wikimedia.org/wikipedia/commons/thumb/8/8e/Hurricane_Eleven_weather_map%2C_November_10%2C_1924.jpg/1280px-Hurricane_Eleven_weather_map%2C_November_10%2C_1924.jpg?utm_source=en.wikipedia.org&utm_campaign=imageinfo&utm_content=thumbnail
AL051926,Hurricane Five,1926,Gold,71,2,104,,10.03,102,,77.8,76.1,71.8,52,50,https://upload.wikimedia.org/wikipedia/commons/e/ea/Hurricane_Five_weather_map%2C_September_12%2C_1926.jpg?utm_source=en.wikipedia.org&utm_campaign=imageinfo&utm_content=thumbnail_unscaled
AL051928,Tropical Storm Five,1928,Gold,71,0,69,984,5.88,114,,46,55.3,56.4,55.9,50,https://upload.wikimedia.org/wikipedia/commons/c/c7/Tropical_Storm_Five_Analysis_10_Sep_1928.jpg?utm_source=en.wikipedia.org&utm_campaign=imageinfo&utm_content=thumbnail_unscaled
AL031932,Hurricane Three,1932,Gold,71,1,86,979,7.69,192,,64.4,66.8,64,77.2,50,https://thumb.wikimedia.org/wikipedia/commons/thumb/f/fd/Florida%E2%80%93Alabama_hurricane_weather_map%2C_September_1%2C_1932.jpg/1280px-Florida%E2%80%93Alabama_hurricane_weather_map%2C_September_1%2C_1932.jpg?utm_source=en.wikipedia.org&utm_campaign=imageinfo&utm_content=thumbnail
AL071932,Tropical Storm Seven,1932,Gold,71,0,63,,9.2,258,,39.5,36.5,69,88.5,50,https://thumb.wikimedia.org/wikipedia/commons/thumb/6/6c/Tropical_Storm_Seven_Analysis_19_Sep_1932.png/1280px-Tropical_Storm_Seven_Analysis_19_Sep_1932.png?utm_source=en.wikipedia.org&utm_campaign=imageinfo&utm_content=thumbnail
AL111932,Tropical Storm Eleven,1932,Gold,71,0,69,,6.53,264,,45.9,32.2,59.4,89,50,https://thumb.wikimedia.org/wikipedia/commons/thumb/8/81/Tropical_Storm_Eleven_Analysis_15_Oct_1932.png/1280px-Tropical_Storm_Eleven_Analysis_15_Oct_1932.png?utm_source=en.wikipedia.org&utm_campaign=imageinfo&utm_content=thumbnail
AL151936,Hurricane Fifteen,1936,Gold,71,2,104,983,14.42,156,,74.7,63.4,79.7,67.8,50,https://thumb.wikimedia.org/wikipedia/commons/thumb/2/26/Hurricane_Fifteen_weather_map%2C_September_21%2C_1936.jpg/1280px-Hurricane_Fifteen_weather_map%2C_September_21%2C_1936.jpg?utm_source=en.wikipedia.org&utm_campaign=imageinfo&utm_content=thumbnail
AL171936,Tropical Storm Seventeen,1936,Gold,71,0,63,,9.93,324,,37.5,29.3,71.1,95,50,https://thumb.wikimedia.org/wikipedia/commons/thumb/6/6b/Tropical_Storm_Seven_weather_map%2C_August_11%2C_1936.jpg/1280px-Tropical_Storm_Seven_weather_map%2C_August_11%2C_1936.jpg?utm_source=en.wikipedia.org&utm_campaign=imageinfo&utm_content=thumbnail
AL041937,Hurricane Four,1937,Gold,71,2,98,,11.19,138,,72.9,76.6,74,62.6,50,https://upload.wikimedia.org/wikipedia/commons/f/f6/Hurricane_Four_surface_analysis_12_September_1937.png?utm_source=en.wikipedia.org&utm_campaign=imageinfo&utm_content=thumbnail_unscaled
AL031940,Hurricane Three,1940,Gold,71,2,98,972,10.49,162,,72.4,71.8,72.6,70.4,50,https://thumb.wikimedia.org/wikipedia/commons/thumb/7/74/South_Carolina_hurricane_weather_map%2C_August_11%2C_1940.jpg/1280px-South_Carolina_hurricane_weather_map%2C_August_11%2C_1940.jpg?utm_source=en.wikipedia.org&utm_campaign=imageinfo&utm_content=thumbnail
AL091944,Hurricane Nine,1944,Gold,71,2,98,,9.15,168,,72.2,76.5,68.8,71.8,50,https://thumb.wikimedia.org/wikipedia/commons/thumb/d/d2/Hurricane_Nine_surface_analysis_1944.jpg/1280px-Hurricane_Nine_surface_analysis_1944.jpg?utm_source=en.wikipedia.org&utm_campaign=imageinfo&utm_content=thumbnail
AL061947,Tropical Storm Six,1947,Gold,71,0,63,987,4.4,138,,42.2,52.6,49.6,63.1,50,https://thumb.wikimedia.org/wikipedia/commons/thumb/f/f2/Tropical_Storm_Six_%28How%29_weather_map%2C_September_23%2C_1947.jpg/1280px-Tropical_Storm_Six_%28How%29_weather_map%2C_September_23%2C_1947.jpg?utm_source=en.wikipedia.org&utm_campaign=imageinfo&utm_content=thumbnail
AL091949,Hurricane Nine,1949,Gold,71,1,92,,8.23,144,,66.9,62.5,66.1,65.6,50,https://thumb.wikimedia.org/wikipedia/commons/thumb/b/bd/Hurricane_Nine_weather_map%2C_September_24%2C_1949.jpg/1280px-Hurricane_Nine_weather_map%2C_September_24%2C_1949.jpg?utm_source=en.wikipedia.org&utm_campaign=imageinfo&utm_content=thumbnail
AL111949,Hurricane Eleven,1949,Gold,71,2,109,965,7.1,84,,82.1,81.2,61.8,43.6,50,https://thumb.wikimedia.org/wikipedia/commons/thumb/c/ce/Texas_hurricane_weather_map_%28high_quality%29%2C_October_4%2C_1949.jpg/1280px-Texas_hurricane_weather_map_%28high_quality%29%2C_October_4%2C_1949.jpg?utm_source=en.wikipedia.org&utm_campaign=imageinfo&utm_content=thumbnail
AL011951,Tropical Storm One,1951,Gold,71,0,63,,9.73,240,,39.6,25.9,70.2,86,50,https://upload.wikimedia.org/wikipedia/commons/6/60/One_1951-01-06_1230Z.jpg?utm_source=en.wikipedia.org&utm_campaign=imageinfo&utm_content=thumbnail_unscaled
AL121951,Hurricane Twelve,1951,Gold,71,1,81,,11.98,210,,57.8,58.4,75.5,80.4,50,https://upload.wikimedia.org/wikipedia/commons/e/e4/Hurricane_Twelve_surface_analysis_December_08%2C_1951.png?utm_source=en.wikipedia.org&utm_campaign=imageinfo&utm_content=thumbnail_unscaled
AL101953,GAIL,1953,Gold,71,1,81,986,14.41,240,,57.7,53.7,79.6,86.1,50,https://upload.wikimedia.org/wikipedia/commons/4/48/Gail_1953-10-04_1230Z.jpg?utm_source=en.wikipedia.org&utm_campaign=imageinfo&utm_content=thumbnail_unscaled
AL121953,HAZEL,1953,Gold,71,1,86,989,11.76,210,14,63,51.3,75.3,80.2,50.2,https://upload.wikimedia.org/wikipedia/commons/f/f8/Hazel_1953-10-09_1230Z.jpg?utm_source=en.wikipedia.org&utm_campaign=imageinfo&utm_content=thumbnail_unscaled
AL131959,Tropical Storm Thirteen,1959,Gold,71,0,69,,7.84,174,,45.3,31.4,64.6,73.4,50,https://thumb.wikimedia.org/wikipedia/commons/thumb/e/e4/1959_Atlantic_hurricane_season_summary_map.png/1280px-1959_Atlantic_hurricane_season_summary_map.png?utm_source=en.wikipedia.org&utm_campaign=api&utm_content=thumbnail
AL011961,ANNA,1961,Gold,71,2,104,976,11.24,150,,77.4,68.8,74.2,67.6,50,https://upload.wikimedia.org/wikipedia/commons/a/ab/Hurricane_Anna_1961.JPG?utm_source=en.wikipedia.org&utm_campaign=api&utm_content=thumbnail_unscaled
AL111961,INGA,1961,Gold,71,0,69,997,6.08,108,,48.8,42.4,57.4,53.6,50,https://upload.wikimedia.org/wikipedia/commons/e/e2/Tropical_Storm_Inga_analysis_6_Nov_1961.png?utm_source=en.wikipedia.org&utm_campaign=imageinfo&utm_content=thumbnail_unscaled
AL031962,CELIA,1962,Gold,71,0,69,995,5.41,228,,48.9,44.8,54.3,83.2,50,https://upload.wikimedia.org/wikipedia/commons/8/8d/CeliaSep161962TIROS.png?utm_source=en.wikipedia.org&utm_campaign=imageinfo&utm_content=thumbnail_unscaled
AL021965,ANNA,1965,Gold,71,2,104,,8.6,126,,77.2,76,67.7,60.3,50,https://upload.wikimedia.org/wikipedia/commons/6/62/Anna1965tirosX.png?utm_source=en.wikipedia.org&utm_campaign=imageinfo&utm_content=thumbnail_unscaled
AL041966,DOROTHY,1966,Gold,71,1,86,989,12.22,186,,65.3,51.7,76.1,74.6,50,https://thumb.wikimedia.org/wikipedia/commons/thumb/0/00/DorothyJul231966ESSA1.png/1280px-DorothyJul231966ESSA1.png?utm_source=en.wikipedia.org&utm_campaign=imageinfo&utm_content=thumbnail
AL221971,LAURA,1971,Gold,71,0,69,994,7.88,174,,43.1,47,64.8,73,50,https://thumb.wikimedia.org/wikipedia/commons/thumb/f/f3/Tropical_Storm_Laura_1971.jpg/1280px-Tropical_Storm_Laura_1971.jpg?utm_source=en.wikipedia.org&utm_campaign=imageinfo&utm_content=thumbnail
AL141973,FRAN,1973,Gold,71,1,86,974,8.88,120,,65,70.7,68.3,56.7,50,https://thumb.wikimedia.org/wikipedia/commons/thumb/c/c9/1973_Pacific_typhoon_season_summary.png/1280px-1973_Pacific_typhoon_season_summary.png?utm_source=en.wikipedia.org&utm_campaign=api&utm_content=thumbnail
AL061974,Tropical Storm Six,1974,Gold,71,0,63,996,6.19,246,,39.1,43,58,86.7,50,https://thumb.wikimedia.org/wikipedia/commons/thumb/e/e8/1974_Atlantic_hurricane_season_summary_map.png/1280px-1974_Atlantic_hurricane_season_summary_map.png?utm_source=en.wikipedia.org&utm_campaign=api&utm_content=thumbnail
AL151978,HOPE,1978,Gold,71,0,63,987,5.6,156,,37.3,53.1,55.6,68.1,50,https://thumb.wikimedia.org/wikipedia/commons/thumb/9/9b/Hope_1978-09-18_1400Z.png/1280px-Hope_1978-09-18_1400Z.png?utm_source=en.wikipedia.org&utm_campaign=imageinfo&utm_content=thumbnail
AL031982,BERYL,1982,Gold,71,0,69,989,5.31,114,,44.2,51.7,53.6,55.4,50,https://upload.wikimedia.org/wikipedia/commons/2/20/Beryl_1982-08-31_1401Z.jpg?utm_source=en.wikipedia.org&utm_campaign=imageinfo&utm_content=thumbnail_unscaled
AL111985,ISABEL,1985,Gold,71,0,69,997,3.79,87,60,46.4,42.3,46.1,44.4,70.6,https://thumb.wikimedia.org/wikipedia/commons/thumb/8/81/Isabel_1985-10-08_1930Z.png/1280px-Isabel_1985-10-08_1930Z.png?utm_source=en.wikipedia.org&utm_campaign=imageinfo&utm_content=thumbnail
AL121985,JUAN,1985,Gold,71,1,86,971,8.09,138,12,65.5,72.3,65.7,62.9,45.5,https://thumb.wikimedia.org/wikipedia/commons/thumb/a/a8/Juan_1985-10-28_2030Z.png/1280px-Juan_1985-10-28_2030Z.png?utm_source=en.wikipedia.org&utm_campaign=api&utm_content=thumbnail
AL071993,FLOYD,1993,Gold,71,1,81,966,7.57,126,,56.6,81,63.6,60.3,50,https://upload.wikimedia.org/wikipedia/commons/6/69/Floyd_1993-09-09_1831Z.jpg?utm_source=en.wikipedia.org&utm_campaign=imageinfo&utm_content=thumbnail_unscaled
AL162000,LESLIE,2000,Gold,71,0,69,973,3.65,126,,43.5,70.9,44.9,59.4,50,https://thumb.wikimedia.org/wikipedia/commons/thumb/f/f3/Leslie_2000-10-06_1555Z.jpg/1280px-Leslie_2000-10-06_1555Z.jpg?utm_source=en.wikipedia.org&utm_campaign=api&utm_content=thumbnail
AL192000,Tropical Storm Nineteen,2000,Gold,71,0,63,976,3.78,102,,42.2,69,45.9,50.4,50,https://thumb.wikimedia.org/wikipedia/commons/thumb/7/78/2000_Atlantic_hurricane_season_summary.png/1280px-2000_Atlantic_hurricane_season_summary.png?utm_source=en.wikipedia.org&utm_campaign=api&utm_content=thumbnail
AL052001,DEAN,2001,Gold,71,0,69,994,3.71,168,,47.8,45.6,45.4,72,50,https://thumb.wikimedia.org/wikipedia/commons/thumb/3/35/Dean_2001-08-27_2040Z.jpg/1280px-Dean_2001-08-27_2040Z.jpg?utm_source=en.wikipedia.org&utm_campaign=imageinfo&utm_content=thumbnail
AL062005,FRANKLIN,2005,Gold,71,0,69,997,7.65,216,,42.9,42.9,63.8,82.1,50,https://thumb.wikimedia.org/wikipedia/commons/thumb/0/07/Franklin_2005-07-23_1545Z.jpg/1280px-Franklin_2005-07-23_1545Z.jpg?utm_source=en.wikipedia.org&utm_campaign=imageinfo&utm_content=thumbnail
AL082005,HARVEY,2005,Gold,71,0,63,994,7.83,198,,37.1,45.8,64.5,78.5,50,https://thumb.wikimedia.org/wikipedia/commons/thumb/3/38/Harvey_2005-08-04_1741Z.jpg/1280px-Harvey_2005-08-04_1741Z.jpg?utm_source=en.wikipedia.org&utm_campaign=imageinfo&utm_content=thumbnail
AL012006,ALBERTO,2006,Gold,71,0,69,969,5.48,162,3,47.3,79.2,54.7,71.1,18.6,https://thumb.wikimedia.org/wikipedia/commons/thumb/2/25/Alberto_2006-06-12_1830Z.jpg/1280px-Alberto_2006-06-12_1830Z.jpg?utm_source=en.wikipedia.org&utm_campaign=api&utm_content=thumbnail
AL092009,GRACE,2009,Gold,71,0,63,986,6.36,210,,38,53.9,58.7,81.1,50,https://thumb.wikimedia.org/wikipedia/commons/thumb/d/d6/Grace_2009-10-05_1140Z.jpg/1280px-Grace_2009-10-05_1140Z.jpg?utm_source=en.wikipedia.org&utm_campaign=api&utm_content=thumbnail
AL112009,IDA,2009,Gold,71,2,104,975,8.24,144,,79.6,70,66.2,64.7,50,https://thumb.wikimedia.org/wikipedia/commons/thumb/c/cb/Ida_2009-11-08_1630Z.jpg/1280px-Ida_2009-11-08_1630Z.jpg?utm_source=en.wikipedia.org&utm_campaign=api&utm_content=thumbnail
AL172010,OTTO,2010,Gold,71,1,86,976,8.17,180,,62.1,69.1,65.9,73.6,50,https://thumb.wikimedia.org/wikipedia/commons/thumb/3/38/Otto_2010-10-09_0203Z.jpg/1280px-Otto_2010-10-09_0203Z.jpg?utm_source=en.wikipedia.org&utm_campaign=api&utm_content=thumbnail
AL142011,MARIA,2011,Gold,71,1,81,983,9.98,234.5,,55.7,63.6,71.4,85.5,50,https://thumb.wikimedia.org/wikipedia/commons/thumb/f/f2/Maria_2011-09-15_1740Z.jpg/1280px-Maria_2011-09-15_1740Z.jpg?utm_source=en.wikipedia.org&utm_campaign=api&utm_content=thumbnail
AL192011,SEAN,2011,Gold,71,0,63,982,5.89,162,,40.1,64.5,56.5,71.1,50,https://thumb.wikimedia.org/wikipedia/commons/thumb/7/79/Sean_2011-11-10_1515Z_%28Terra%29.jpg/1280px-Sean_2011-11-10_1515Z_%28Terra%29.jpg?utm_source=en.wikipedia.org&utm_campaign=imageinfo&utm_content=thumbnail
AL112012,KIRK,2012,Gold,71,2,104,970,7.95,120,,77.3,78.1,65.2,57,50,https://thumb.wikimedia.org/wikipedia/commons/thumb/2/2a/Kirk_2012-08-31_0139Z.png/1280px-Kirk_2012-08-31_0139Z.png?utm_source=en.wikipedia.org&utm_campaign=imageinfo&utm_content=thumbnail
AL142013,MELISSA,2013,Gold,71,0,63,980,5.42,150,,37.8,65.4,54.5,66.2,50,https://thumb.wikimedia.org/wikipedia/commons/thumb/6/63/Melissa_Nov_20_2013_1355Z.jpg/1280px-Melissa_Nov_20_2013_1355Z.jpg?utm_source=en.wikipedia.org&utm_campaign=imageinfo&utm_content=thumbnail
AL082019,GABRIELLE,2019,Gold,71,0,63,995,6.23,180,,41,44.5,58.1,74.1,50,https://thumb.wikimedia.org/wikipedia/commons/thumb/4/4a/Gabrielle_2019-09-08_1635Z.jpg/1280px-Gabrielle_2019-09-08_1635Z.jpg?utm_source=en.wikipedia.org&utm_campaign=imageinfo&utm_content=thumbnail
AL192020,SALLY,2020,Gold,71,2,109,965,7.31,108,13,80.5,81.3,62.3,52.9,46.8,https://thumb.wikimedia.org/wikipedia/commons/thumb/1/1c/Sally_2020-09-16_0400Z.jpg/1280px-Sally_2020-09-16_0400Z.jpg?utm_source=en.wikipedia.org&utm_campaign=api&utm_content=thumbnail
AL302020,THETA,2020,Gold,71,0,69,987,5.59,132,,48.6,52.7,55.5,61.6,50,https://thumb.wikimedia.org/wikipedia/commons/thumb/d/da/Theta_2020-11-10_1600Z.jpg/1280px-Theta_2020-11-10_1600Z.jpg?utm_source=en.wikipedia.org&utm_campaign=imageinfo&utm_content=thumbnail
AL152021,ODETTE,2021,Gold,71,0,63,989,6.1,198,,38.3,51.6,57.5,77.9,50,https://thumb.wikimedia.org/wikipedia/commons/thumb/3/39/Odette_2021-09-17_1740Z.jpg/1280px-Odette_2021-09-17_1740Z.jpg?utm_source=en.wikipedia.org&utm_campaign=imageinfo&utm_content=thumbnail
AL172023,PHILIPPE,2023,Gold,71,0,58,998,9.6,300,,28.5,40,69.9,93,50,https://thumb.wikimedia.org/wikipedia/commons/thumb/f/f8/Philippe_2023-09-27_1200Z.jpg/1280px-Philippe_2023-09-27_1200Z.jpg?utm_source=en.wikipedia.org&utm_campaign=api&utm_content=thumbnail
AL021859,Hurricane Two,1859,Gold,70,2,104,,9.72,66,,78.3,78,70.2,35.9,50,https://thumb.wikimedia.org/wikipedia/commons/thumb/a/a1/Two_1859_path.png/1280px-Two_1859_path.png?utm_source=en.wikipedia.org&utm_campaign=imageinfo&utm_content=thumbnail
AL081859,Hurricane Eight,1859,Gold,70,1,92,989,9.78,138,,67.8,50.9,70.6,63.9,50,https://thumb.wikimedia.org/wikipedia/commons/thumb/f/fc/Eight_1859_path.png/1280px-Eight_1859_path.png?utm_source=en.wikipedia.org&utm_campaign=imageinfo&utm_content=thumbnail
AL071860,Hurricane Seven,1860,Gold,70,2,104,,10.66,102,,75.5,73,72.9,51.1,50,https://thumb.wikimedia.org/wikipedia/commons/thumb/0/03/Seven_1860_path.png/1280px-Seven_1860_path.png?utm_source=en.wikipedia.org&utm_campaign=imageinfo&utm_content=thumbnail
AL021861,Hurricane Two,1861,Gold,70,1,92,,7.95,102,,67.1,62.6,65.1,50.8,50,https://thumb.wikimedia.org/wikipedia/commons/thumb/c/c5/Two_1861_path.png/1280px-Two_1861_path.png?utm_source=en.wikipedia.org&utm_campaign=imageinfo&utm_content=thumbnail
AL031863,Hurricane Three,1863,Gold,70,2,104,975,11.85,102,,76.2,69.5,75.3,50.8,50,https://thumb.wikimedia.org/wikipedia/commons/thumb/0/07/Three_1863_path.png/1280px-Three_1863_path.png?utm_source=en.wikipedia.org&utm_campaign=imageinfo&utm_content=thumbnail
AL091870,Hurricane Nine,1870,Gold,70,2,104,,9.76,90,,76.4,75.9,70.5,46.9,50,https://thumb.wikimedia.org/wikipedia/commons/thumb/0/01/Nine_1870_path.png/1280px-Nine_1870_path.png?utm_source=en.wikipedia.org&utm_campaign=imageinfo&utm_content=thumbnail
AL041872,Hurricane Four,1872,Gold,70,1,81,,10.92,162,,55.5,62.1,73.3,70.3,50,https://thumb.wikimedia.org/wikipedia/commons/thumb/9/98/Four_1872_path.png/1280px-Four_1872_path.png?utm_source=en.wikipedia.org&utm_campaign=imageinfo&utm_content=thumbnail
AL071874,Hurricane Seven,1874,Gold,70,2,104,,7.87,114,,77.7,76.4,64.8,56,50,https://upload.wikimedia.org/wikipedia/commons/e/e0/1874_Atlantic_hurricane_7_track.png?utm_source=en.wikipedia.org&utm_campaign=imageinfo&utm_content=thumbnail_unscaled
AL051875,Hurricane Five,1875,Gold,70,2,104,,10.02,90,,77.4,76.7,71.6,45.5,50,https://upload.wikimedia.org/wikipedia/commons/9/95/1875_Atlantic_hurricane_5_track.png?utm_source=en.wikipedia.org&utm_campaign=imageinfo&utm_content=thumbnail_unscaled
AL011876,Hurricane One,1876,Gold,70,1,92,970,6.26,66,,66.6,78.3,58.4,35.9,50,https://thumb.wikimedia.org/wikipedia/commons/thumb/7/75/Hurricane_One_weather_map%2C_September_10%2C_1876.jpg/1280px-Hurricane_One_weather_map%2C_September_10%2C_1876.jpg?utm_source=en.wikipedia.org&utm_campaign=imageinfo&utm_content=thumbnail
AL011877,Tropical Storm One,1877,Gold,70,0,69,,5.11,102,,47.7,35.3,53.1,50.7,50,https://thumb.wikimedia.org/wikipedia/commons/thumb/e/e1/Tropical_Storm_one_weather_map%2C_August_3%2C_1877.jpg/1280px-Tropical_Storm_one_weather_map%2C_August_3%2C_1877.jpg?utm_source=en.wikipedia.org&utm_campaign=imageinfo&utm_content=thumbnail
AL021877,Hurricane Two,1877,Gold,70,1,81,,10.53,186,,53.8,62,72.7,75.3,50,https://thumb.wikimedia.org/wikipedia/commons/thumb/7/71/Hurricane_Two_weather_map%2C_September_18%2C_1877_%28321178504%29.jpg/1280px-Hurricane_Two_weather_map%2C_September_18%2C_1877_%28321178504%29.jpg?utm_source=en.wikipedia.org&utm_campaign=imageinfo&utm_content=thumbnail
AL031877,Hurricane Three,1877,Gold,70,1,81,,13.2,162,,53.9,61.9,77.9,70.4,50,https://thumb.wikimedia.org/wikipedia/commons/thumb/0/0a/Hurricane_Three_weather_map%2C_September_22%2C_1877.jpg/1280px-Hurricane_Three_weather_map%2C_September_22%2C_1877.jpg?utm_source=en.wikipedia.org&utm_campaign=imageinfo&utm_content=thumbnail
AL081878,Hurricane Eight,1878,Gold,70,1,81,982,9.89,162,,57.5,64,70.9,69.5,50,https://thumb.wikimedia.org/wikipedia/commons/thumb/a/a2/Hurricane_Eight_weather_map%2C_October_11%2C_1878_%2839866712%29.jpg/1280px-Hurricane_Eight_weather_map%2C_October_11%2C_1878_%2839866712%29.jpg?utm_source=en.wikipedia.org&utm_campaign=imageinfo&utm_content=thumbnail
AL081879,Hurricane Eight,1879,Gold,70,2,104,968,7.95,90,,78.7,80.3,65.1,46.8,50,https://thumb.wikimedia.org/wikipedia/commons/thumb/a/a4/Hurricane_Eight_weather_map%2C_November_20%2C_1879.jpg/1280px-Hurricane_Eight_weather_map%2C_November_20%2C_1879.jpg?utm_source=en.wikipedia.org&utm_campaign=imageinfo&utm_content=thumbnail
AL061881,Hurricane Six,1881,Gold,70,2,104,975,9.7,114,,79.4,70.2,70.1,54.6,50,https://thumb.wikimedia.org/wikipedia/commons/thumb/c/cf/Hurricane_Six_weather_map%2C_September_9%2C_1881.jpg/1280px-Hurricane_Six_weather_map%2C_September_9%2C_1881.jpg?utm_source=en.wikipedia.org&utm_campaign=imageinfo&utm_content=thumbnail
AL071881,Tropical Storm Seven,1881,Gold,70,0,69,,7.05,162,,47.1,27.6,61.7,70.7,50,https://thumb.wikimedia.org/wikipedia/commons/thumb/2/2b/Tropical_Storm_Seven_weather_map%2C_September_19%2C_1881.jpg/1280px-Tropical_Storm_Seven_weather_map%2C_September_19%2C_1881.jpg?utm_source=en.wikipedia.org&utm_campaign=imageinfo&utm_content=thumbnail
AL041885,Hurricane Four,1885,Gold,70,1,92,,8.09,162,,65.8,56.7,65.6,69.4,50,https://thumb.wikimedia.org/wikipedia/commons/thumb/a/a0/Hurricane_Four_weather_map%2C_September_22%2C_1885.jpg/1280px-Hurricane_Four_weather_map%2C_September_22%2C_1885.jpg?utm_source=en.wikipedia.org&utm_campaign=imageinfo&utm_content=thumbnail
AL031886,Hurricane Three,1886,Gold,70,2,98,,9.1,126,,72.7,75.5,68.7,59.6,50,https://thumb.wikimedia.org/wikipedia/commons/thumb/3/31/Hurricane_three_7-1-1886.jpg/1280px-Hurricane_three_7-1-1886.jpg?utm_source=en.wikipedia.org&utm_campaign=imageinfo&utm_content=thumbnail
AL121886,Tropical Storm Twelve,1886,Gold,70,0,69,,4.73,120,,48.4,32.4,51.6,58.4,50,https://thumb.wikimedia.org/wikipedia/commons/thumb/2/24/1886_Atlantic_tropical_storm_12_path.png/1280px-1886_Atlantic_tropical_storm_12_path.png?utm_source=en.wikipedia.org&utm_campaign=imageinfo&utm_content=thumbnail
AL011887,Tropical Storm One,1887,Gold,70,0,69,,4.61,126,,48.5,32.4,50.9,59.5,50,https://upload.wikimedia.org/wikipedia/commons/0/00/1887_Atlantic_tropical_storm_1_track.png?utm_source=en.wikipedia.org&utm_campaign=imageinfo&utm_content=thumbnail_unscaled
AL021892,Hurricane Two,1892,Gold,70,1,75,,11.24,234,,52.1,58.8,74.2,84.7,50,https://upload.wikimedia.org/wikipedia/commons/4/45/Hurricane_Two_weather_map%2C_August_21%2C_1892.jpg?utm_source=en.wikipedia.org&utm_campaign=imageinfo&utm_content=thumbnail_unscaled
AL011893,Hurricane One,1893,Gold,70,1,75,,11.74,204,,52.8,59.7,75.2,79.6,50,https://thumb.wikimedia.org/wikipedia/commons/thumb/3/3b/June_16%2C_1893_hurricane_1_map.jpg/1280px-June_16%2C_1893_hurricane_1_map.jpg?utm_source=en.wikipedia.org&utm_campaign=imageinfo&utm_content=thumbnail
AL031901,Hurricane Three,1901,Gold,70,1,81,,10.03,222,,54.8,61.8,71.7,82.5,50,https://upload.wikimedia.org/wikipedia/commons/9/9f/Hurricane_Three_Analysis_1901-07-11.png?utm_source=en.wikipedia.org&utm_campaign=imageinfo&utm_content=thumbnail_unscaled
AL081901,Hurricane Eight,1901,Gold,70,1,81,,10.15,252,,54.7,57,72.1,87.8,50,https://thumb.wikimedia.org/wikipedia/commons/thumb/d/da/Hurricane_Eight_%28Hurricane_San_Vicente_of_1901%29%2C_weather_map%2C_September_14%2C_1901.jpg/1280px-Hurricane_Eight_%28Hurricane_San_Vicente_of_1901%29%2C_weather_map%2C_September_14%2C_1901.jpg?utm_source=en.wikipedia.org&utm_campaign=imageinfo&utm_content=thumbnail
AL081903,Tropical Storm Eight,1903,Gold,70,0,69,,5.65,138,,46.8,34.8,55.8,62.5,50,https://thumb.wikimedia.org/wikipedia/commons/thumb/5/5c/Tropical_Storm_Eight_weather_map%2C_October_9%2C_1903.jpg/1280px-Tropical_Storm_Eight_weather_map%2C_October_9%2C_1903.jpg?utm_source=en.wikipedia.org&utm_campaign=imageinfo&utm_content=thumbnail
AL031911,Hurricane Three,1911,Gold,70,2,98,972,11.37,150,,69.9,71.6,74.5,67.3,50,https://thumb.wikimedia.org/wikipedia/commons/thumb/7/79/Hurricane_Three_weather_map%2C_August_28%2C_1911.jpg/1280px-Hurricane_Three_weather_map%2C_August_28%2C_1911.jpg?utm_source=en.wikipedia.org&utm_campaign=imageinfo&utm_content=thumbnail
AL051912,Hurricane Five,1912,Gold,70,1,92,,8.29,114,,69,57.9,66.5,54.7,50,https://upload.wikimedia.org/wikipedia/commons/3/3b/Hurricane_Five_analysis_7_Oct_1912.png?utm_source=en.wikipedia.org&utm_campaign=imageinfo&utm_content=thumbnail_unscaled
AL041918,Tropical Storm Four,1918,Gold,70,0,69,,5.04,132,,45.5,38.6,52.8,60.6,50,https://thumb.wikimedia.org/wikipedia/commons/thumb/3/30/Tropical_Storm_Four_weather_map%2C_September_3%2C_1918.jpg/1280px-Tropical_Storm_Four_weather_map%2C_September_3%2C_1918.jpg?utm_source=en.wikipedia.org&utm_campaign=imageinfo&utm_content=thumbnail
AL051919,Tropical Storm Five,1919,Gold,70,0,69,,4.67,114,,45,39.4,51.2,55.8,50,https://thumb.wikimedia.org/wikipedia/commons/thumb/6/6f/Tropical_Storm_Five_weather_map%2C_November_13%2C_1919.jpg/1280px-Tropical_Storm_Five_weather_map%2C_November_13%2C_1919.jpg?utm_source=en.wikipedia.org&utm_campaign=imageinfo&utm_content=thumbnail
AL051921,Hurricane Five,1921,Gold,70,1,81,,9.39,186,,56.3,61.3,69.4,74.6,50,https://thumb.wikimedia.org/wikipedia/commons/thumb/f/f5/1921_Atlantic_hurricane_season_summary_map.png/1280px-1921_Atlantic_hurricane_season_summary_map.png?utm_source=en.wikipedia.org&utm_campaign=api&utm_content=thumbnail
AL071923,Tropical Storm Seven,1923,Gold,70,0,63,994,4.7,114,,40.5,46.9,51.4,55.7,50,https://upload.wikimedia.org/wikipedia/commons/9/9a/Tropical_Storm_Seven_analysis_18_Oct_1923.png?utm_source=en.wikipedia.org&utm_campaign=imageinfo&utm_content=thumbnail_unscaled
AL051924,Hurricane Five,1924,Gold,70,1,86,980,6.95,162,,63.2,65.8,61.4,70,50,https://thumb.wikimedia.org/wikipedia/commons/thumb/e/e6/Hurricane_Five_weather_map%2C_September_15%2C_1924.jpg/1280px-Hurricane_Five_weather_map%2C_September_15%2C_1924.jpg?utm_source=en.wikipedia.org&utm_campaign=imageinfo&utm_content=thumbnail
AL071924,Tropical Storm Seven,1924,Gold,70,0,58,,6.9,234,,31.2,36.5,61.2,85.3,50,https://thumb.wikimedia.org/wikipedia/commons/thumb/2/29/Tropical_Storm_Seven_weather_map%2C_September_28%2C_1924.jpg/1280px-Tropical_Storm_Seven_weather_map%2C_September_28%2C_1924.jpg?utm_source=en.wikipedia.org&utm_campaign=imageinfo&utm_content=thumbnail
AL061928,Hurricane Six,1928,Gold,70,1,92,,8.91,126,,66.4,60.3,68.4,58.8,50,https://upload.wikimedia.org/wikipedia/commons/d/d7/Hurricane_Six_Analysis_14_October_1928.jpg?utm_source=en.wikipedia.org&utm_campaign=imageinfo&utm_content=thumbnail_unscaled
AL041929,Tropical Storm Four,1929,Gold,70,0,69,,7.34,126,,46,34,62.7,59,50,https://thumb.wikimedia.org/wikipedia/commons/thumb/7/70/Tropical_Storm_Four_weather_map%2C_October_17%2C_1929.jpg/1280px-Tropical_Storm_Four_weather_map%2C_October_17%2C_1929.jpg?utm_source=en.wikipedia.org&utm_campaign=imageinfo&utm_content=thumbnail
AL011937,Tropical Storm One,1937,Gold,70,0,69,996,3.79,96,,49.1,43.4,46.1,49.2,50,https://upload.wikimedia.org/wikipedia/commons/3/3a/Tropical_Storm_One_surface_analysis_31_July_1937.png?utm_source=en.wikipedia.org&utm_campaign=imageinfo&utm_content=thumbnail_unscaled
AL031937,Tropical Storm Three,1937,Gold,70,0,69,,4.53,162,,49.1,29.2,50.4,71.2,50,https://upload.wikimedia.org/wikipedia/commons/3/3e/Tropical_Storm_Three_analysis_30_Aug_1937.png?utm_source=en.wikipedia.org&utm_campaign=imageinfo&utm_content=thumbnail_unscaled
AL031938,Hurricane Three,1938,Gold,70,2,98,,9.76,126,,73,76.6,70.4,59.6,50,https://thumb.wikimedia.org/wikipedia/commons/thumb/7/7f/Hurricane_Three_weather_map%2C_August_12%2C_1938.jpg/1280px-Hurricane_Three_weather_map%2C_August_12%2C_1938.jpg?utm_source=en.wikipedia.org&utm_campaign=imageinfo&utm_content=thumbnail
AL131949,Hurricane Thirteen,1949,Gold,70,1,92,995,10.83,192,,65.8,44.7,73.1,77.1,50,https://thumb.wikimedia.org/wikipedia/commons/thumb/0/0e/Hurricane_Thirteen_weather_map%2C_October_14%2C_1949.jpg/1280px-Hurricane_Thirteen_weather_map%2C_October_14%2C_1949.jpg?utm_source=en.wikipedia.org&utm_campaign=imageinfo&utm_content=thumbnail
AL121950,Tropical Storm Twelve,1950,Gold,70,0,69,,6.54,162,,46.6,27,59.5,69.9,50,https://upload.wikimedia.org/wikipedia/commons/b/bc/Twelve_1950-10-24_1230Z.jpg?utm_source=en.wikipedia.org&utm_campaign=imageinfo&utm_content=thumbnail_unscaled
AL031953,BARBARA,1953,Gold,70,1,92,973,8.34,120,9,66.2,71.3,66.7,57.7,38.5,https://upload.wikimedia.org/wikipedia/commons/7/79/Barbara_1953-08-14_weather_map.jpg?utm_source=en.wikipedia.org&utm_campaign=api&utm_content=thumbnail_unscaled
AL041956,CARLA,1956,Gold,70,0,69,1000,8.22,186,,44.8,22.5,66,76.1,50,https://thumb.wikimedia.org/wikipedia/commons/thumb/a/a4/Tropical_Storm_Carla_weather_map%2C_September_8%2C_1956.jpg/1280px-Tropical_Storm_Carla_weather_map%2C_September_8%2C_1956.jpg?utm_source=en.wikipedia.org&utm_campaign=imageinfo&utm_content=thumbnail
AL031957,BERTHA,1957,Gold,70,0,63,998,2.1,48,513,40.9,40.8,31.6,27.2,90,https://upload.wikimedia.org/wikipedia/commons/a/ad/Tropical_Storm_Bertha_analysis_10_Aug_1957.png?utm_source=en.wikipedia.org&utm_campaign=imageinfo&utm_content=thumbnail_unscaled
AL071957,FRIEDA,1957,Gold,70,1,86,975,6.93,132,,63.8,69.7,61.2,61.7,50,https://upload.wikimedia.org/wikipedia/commons/e/e3/Hurricane_Freida_analysis_25_Sep_1957.png?utm_source=en.wikipedia.org&utm_campaign=imageinfo&utm_content=thumbnail_unscaled
AL011964,Tropical Storm One,1964,Gold,70,0,69,992,4.36,108,,48.3,48.1,49.4,53,50,https://thumb.wikimedia.org/wikipedia/commons/thumb/e/eb/1964_Atlantic_hurricane_season_summary_map.png/1280px-1964_Atlantic_hurricane_season_summary_map.png?utm_source=en.wikipedia.org&utm_campaign=api&utm_content=thumbnail
AL071965,Tropical Storm Seven,1965,Gold,70,0,58,991,4.76,156,,33.3,49.1,51.8,68.8,50,https://thumb.wikimedia.org/wikipedia/commons/thumb/a/a4/1965_Atlantic_hurricane_season_summary_map.png/1280px-1965_Atlantic_hurricane_season_summary_map.png?utm_source=en.wikipedia.org&utm_campaign=api&utm_content=thumbnail
AL081965,Tropical Storm Eight,1965,Gold,70,0,69,993,4.77,96,,48.1,47.5,51.9,47.4,50,https://thumb.wikimedia.org/wikipedia/commons/thumb/a/a4/1965_Atlantic_hurricane_season_summary_map.png/1280px-1965_Atlantic_hurricane_season_summary_map.png?utm_source=en.wikipedia.org&utm_campaign=api&utm_content=thumbnail
AL161966,Tropical Storm Sixteen,1966,Gold,70,0,63,994,6.44,144,,38.4,46.3,59,65.1,50,https://thumb.wikimedia.org/wikipedia/commons/thumb/2/20/1966_Atlantic_hurricane_season_summary_map.png/1280px-1966_Atlantic_hurricane_season_summary_map.png?utm_source=en.wikipedia.org&utm_campaign=api&utm_content=thumbnail
AL031968,CANDY,1968,Gold,70,0,69,995,1.05,24,2700000,48,44.4,19,16.4,100,https://upload.wikimedia.org/wikipedia/commons/1/10/Candy_1968-06-23.jpg?utm_source=en.wikipedia.org&utm_campaign=api&utm_content=thumbnail_unscaled
AL141968,GLADYS,1968,Gold,70,2,98,977,12.14,168,11,74,68.2,75.8,72.1,43.7,https://thumb.wikimedia.org/wikipedia/commons/thumb/3/39/Hurricane_Gladys_1968.jpg/1280px-Hurricane_Gladys_1968.jpg?utm_source=en.wikipedia.org&utm_campaign=api&utm_content=thumbnail
AL061969,ANNA,1969,Gold,70,0,69,1001,6.48,204,,47,20.3,59.1,79.1,50,https://upload.wikimedia.org/wikipedia/commons/7/75/Anna_1969-08-03_1556Z.jpg?utm_source=en.wikipedia.org&utm_campaign=imageinfo&utm_content=thumbnail_unscaled
AL211969,Hurricane Twenty-One,1969,Gold,70,1,81,987,11.33,198,,59.8,53,74.3,77.7,50,https://thumb.wikimedia.org/wikipedia/commons/thumb/1/14/1969_Atlantic_hurricane_season_summary_map.png/1280px-1969_Atlantic_hurricane_season_summary_map.png?utm_source=en.wikipedia.org&utm_campaign=api&utm_content=thumbnail
AL131972,DAWN,1972,Gold,70,0,63,996,5.05,138,,39.2,44.1,52.9,63.6,50,https://upload.wikimedia.org/wikipedia/commons/5/5a/Hurricane_Dawn_September_4%2C_1972.jpg?utm_source=en.wikipedia.org&utm_campaign=imageinfo&utm_content=thumbnail_unscaled
AL141974,FIFI,1974,Gold,70,2,98,970,8.25,114,,73.1,78.6,66.2,55.1,50,https://thumb.wikimedia.org/wikipedia/commons/thumb/7/71/Fifi_1974-09-18_2130Z_color.jpg/1280px-Fifi_1974-09-18_2130Z_color.jpg?utm_source=en.wikipedia.org&utm_campaign=api&utm_content=thumbnail
AL131980,HERMINE,1980,Gold,70,0,69,993,4.46,102,,49.5,47.4,49.9,49.5,50,https://upload.wikimedia.org/wikipedia/commons/6/6b/Hermine_1980-09-22_1400Z.jpg?utm_source=en.wikipedia.org&utm_campaign=api&utm_content=thumbnail_unscaled
AL031985,CLAUDETTE,1985,Gold,70,1,86,980,7.33,144,,63.4,65.2,62.4,65.5,50,https://upload.wikimedia.org/wikipedia/commons/7/77/Claudette_1985-08-15_1400Z.png?utm_source=en.wikipedia.org&utm_campaign=imageinfo&utm_content=thumbnail_unscaled
AL021987,ARLENE,1987,Gold,70,1,75,987,13.87,330,,51.7,52.7,78.8,95.5,50,https://thumb.wikimedia.org/wikipedia/commons/thumb/e/e7/Arlene_1987-08-22_1600Z.png/1280px-Arlene_1987-08-22_1600Z.png?utm_source=en.wikipedia.org&utm_campaign=api&utm_content=thumbnail
AL141999,JOSE,1999,Gold,70,2,98,979,10.39,174,,73.3,67.2,72.4,72.8,50,https://thumb.wikimedia.org/wikipedia/commons/thumb/2/2b/Jose_10-20-1999_1515Z.png/1280px-Jose_10-20-1999_1515Z.png?utm_source=en.wikipedia.org&utm_campaign=api&utm_content=thumbnail
AL172000,MICHAEL,2000,Gold,70,2,98,965,7.4,114,,73.2,81.8,62.9,56.4,50,https://thumb.wikimedia.org/wikipedia/commons/thumb/2/23/Michael_2000-10-19_1520Z.jpg/1280px-Michael_2000-10-19_1520Z.jpg?utm_source=en.wikipedia.org&utm_campaign=api&utm_content=thumbnail
AL042001,CHANTAL,2001,Gold,70,0,69,997,4.86,114,,47.7,42.3,52.3,56.3,50,https://thumb.wikimedia.org/wikipedia/commons/thumb/e/ee/Chantal_2001-08-20_1612Z.jpg/1280px-Chantal_2001-08-20_1612Z.jpg?utm_source=en.wikipedia.org&utm_campaign=api&utm_content=thumbnail
AL082002,GUSTAV,2002,Gold,70,2,98,960,6.81,132,,73.8,84.6,60.8,60.7,50,https://thumb.wikimedia.org/wikipedia/commons/thumb/c/c0/Gustav_2002-09-11_1800Z_%28cropped%29.jpg/1280px-Gustav_2002-09-11_1800Z_%28cropped%29.jpg?utm_source=en.wikipedia.org&utm_campaign=api&utm_content=thumbnail
AL172003,LARRY,2003,Gold,70,0,63,993,4.75,126,,42.4,47,51.7,60.1,50,https://thumb.wikimedia.org/wikipedia/commons/thumb/e/e4/Larry_2003-10-03_1700Z.jpg/1280px-Larry_2003-10-03_1700Z.jpg?utm_source=en.wikipedia.org&utm_campaign=imageinfo&utm_content=thumbnail
AL202003,ODETTE,2003,Gold,70,0,63,993,4.32,120,,42.3,47.1,49.1,57.7,50,https://thumb.wikimedia.org/wikipedia/commons/thumb/4/43/Odette_2003-12-06_1520Z.jpg/1280px-Odette_2003-12-06_1520Z.jpg?utm_source=en.wikipedia.org&utm_campaign=api&utm_content=thumbnail
AL312005,ZETA,2005,Gold,70,0,63,994,6.26,162,,38.1,45.5,58.4,71.3,50,https://thumb.wikimedia.org/wikipedia/commons/thumb/d/d3/Zeta_2006-01-03_1345Z.jpg/1280px-Zeta_2006-01-03_1345Z.jpg?utm_source=en.wikipedia.org&utm_campaign=api&utm_content=thumbnail
AL052012,ERNESTO,2012,Gold,70,2,98,973,8.5,180,,74.1,70.8,67.3,74.5,50,https://thumb.wikimedia.org/wikipedia/commons/thumb/6/6c/Ernesto_2012-08-07_1920Z.jpg/1280px-Ernesto_2012-08-07_1920Z.jpg?utm_source=en.wikipedia.org&utm_campaign=api&utm_content=thumbnail
AL102016,IAN,2016,Gold,70,0,63,984,4.16,120,,37.6,55.7,48,56.6,50,https://thumb.wikimedia.org/wikipedia/commons/thumb/c/c7/Ian_2016-09-14_1645Z.jpg/1280px-Ian_2016-09-14_1645Z.jpg?utm_source=en.wikipedia.org&utm_campaign=imageinfo&utm_content=thumbnail
AL012017,ARLENE,2017,Gold,70,0,63,986,3.74,150,,37.7,53.7,45.6,66.3,50,https://thumb.wikimedia.org/wikipedia/commons/thumb/4/42/Arlene_2017-04-20_1512Z.jpg/1280px-Arlene_2017-04-20_1512Z.jpg?utm_source=en.wikipedia.org&utm_campaign=imageinfo&utm_content=thumbnail
AL162017,NATE,2017,Gold,70,1,92,981,4.13,78,48,68.3,65.1,47.8,41.6,67.1,https://thumb.wikimedia.org/wikipedia/commons/thumb/e/e5/Nate_2017-10-07_1850Z.jpg/1280px-Nate_2017-10-07_1850Z.jpg?utm_source=en.wikipedia.org&utm_campaign=api&utm_content=thumbnail
AL142019,MELISSA,2019,Gold,70,0,63,994,5.28,144,,38.6,46.2,53.5,65.7,50,https://thumb.wikimedia.org/wikipedia/commons/thumb/9/94/Melissa_2019-10-11_1540Z.jpg/1280px-Melissa_2019-10-11_1540Z.jpg?utm_source=en.wikipedia.org&utm_campaign=api&utm_content=thumbnail
AL242020,ALPHA,2020,Gold,70,0,69,992,3.56,102.7,,47.4,48.3,44.3,52.1,50,https://thumb.wikimedia.org/wikipedia/commons/thumb/8/8e/Alpha_2020-09-18_1410Z.jpg/1280px-Alpha_2020-09-18_1410Z.jpg?utm_source=en.wikipedia.org&utm_campaign=api&utm_content=thumbnail
AL052021,ELSA,2021,Gold,70,1,86,991,10.4,222,13,62.2,48.8,72.4,82.5,47.2,https://thumb.wikimedia.org/wikipedia/commons/thumb/e/ef/Elsa_2021-07-02_1725Z.jpg/1280px-Elsa_2021-07-02_1725Z.jpg?utm_source=en.wikipedia.org&utm_campaign=api&utm_content=thumbnail
AL012022,ALEX,2022,Gold,70,0,69,984,3.08,84,,48.1,55.9,41.1,44,50,https://thumb.wikimedia.org/wikipedia/commons/thumb/6/66/Alex_2022-06-05_2210Z.png/1280px-Alex_2022-06-05_2210Z.png?utm_source=en.wikipedia.org&utm_campaign=api&utm_content=thumbnail
AL082022,GASTON,2022,Gold,70,0,63,994,5.38,132,,41.7,45.7,54.1,61.2,50,https://thumb.wikimedia.org/wikipedia/commons/thumb/4/46/Gaston_2022-09-22_1525Z.jpg/1280px-Gaston_2022-09-22_1525Z.jpg?utm_source=en.wikipedia.org&utm_campaign=imageinfo&utm_content=thumbnail
AL012023,Tropical Storm One,2023,Gold,70,0,69,976,2.96,72,,44.1,69.4,39.9,38.8,50,https://thumb.wikimedia.org/wikipedia/commons/thumb/7/7e/2023_Atlantic_hurricane_season_summary.png/1280px-2023_Atlantic_hurricane_season_summary.png?utm_source=en.wikipedia.org&utm_campaign=api&utm_content=thumbnail
AL032023,BRET,2023,Gold,70,0,69,996,4.51,114,,44.1,42.9,50.2,54,50,https://thumb.wikimedia.org/wikipedia/commons/thumb/5/58/Bret_2023-06-22_1200Z.jpg/1280px-Bret_2023-06-22_1200Z.jpg?utm_source=en.wikipedia.org&utm_campaign=api&utm_content=thumbnail
AL172024,PATTY,2024,Gold,70,0,63,977,3.42,84,,37.1,68,43.3,42.8,50,https://thumb.wikimedia.org/wikipedia/commons/thumb/5/50/Patty_2024-11-02_1210Z.jpg/1280px-Patty_2024-11-02_1210Z.jpg?utm_source=en.wikipedia.org&utm_campaign=imageinfo&utm_content=thumbnail
AL031852,Hurricane Three,1852,Silver,69,1,81,,9.06,114,,61.1,57.7,68.6,56.2,50,
AL061853,Hurricane Six,1853,Silver,69,1,81,,9.56,126,,61.2,57.6,69.8,59.2,50,
AL081853,Hurricane Eight,1853,Silver,69,2,104,,9.34,78,,78,72.7,69.1,40.2,50,
AL041855,Tropical Storm Four,1855,Silver,69,0,69,997,4.7,90,,43.9,41.7,51.5,47.2,50,
AL051858,Hurricane Five,1858,Silver,69,1,92,,7.02,78,,67.5,63,61.5,42.1,50,
AL061861,Tropical Storm Six,1861,Silver,69,0,69,,5.32,90,,44.6,38.5,53.7,47.2,50,
AL021862,Hurricane Two,1862,Silver,69,2,104,,10.02,72,,75.8,77.7,71.6,37.2,50,
AL021868,Hurricane Two,1868,Silver,69,1,81,,8.59,162,,60.1,57.3,67.7,70.2,50,
AL071871,Hurricane Seven,1871,Silver,69,1,81,,10.35,186,,55.4,59,72.3,75.6,50,
AL061879,Tropical Storm Six,1879,Silver,69,0,58,,6.76,180,,34.2,30.6,60.6,73.5,50,
AL061885,Hurricane Six,1885,Silver,69,1,81,,7.37,210,,59.4,56.7,62.8,80.3,50,
AL051887,Tropical Storm Five,1887,Silver,69,0,58,,6.66,210,,32.7,35,60.2,80.8,50,
AL151887,Hurricane Fifteen,1887,Silver,69,2,104,,8.91,96,,74.8,74.4,68.4,47.8,50,
AL161887,Hurricane Sixteen,1887,Silver,69,1,81,990,10.83,198,,56.9,50.4,73.2,78,50,
AL171887,Hurricane Seventeen,1887,Silver,69,1,81,,9.37,174,,56.9,61,69.3,72.9,50,
AL021890,Tropical Storm Two,1890,Silver,69,0,58,,7.65,228,,29.2,34.3,63.9,83.4,50,
AL081891,Tropical Storm Eight,1891,Silver,69,0,63,,5.41,180,,39.3,30.7,54.4,74.1,50,
AL031895,Tropical Storm Three,1895,Silver,69,0,58,,8.03,228,,31.6,30.2,65.3,83.1,50,
AL031897,Tropical Storm Three,1897,Silver,69,0,69,,4.92,102,,48.6,33.2,52.5,51.6,50,
AL051898,Tropical Storm Five,1898,Silver,69,0,58,,8.37,216,,31.7,26.6,67,81.5,50,
AL061898,Tropical Storm Six,1898,Silver,69,0,58,,7.59,192,,31.8,26.6,63.7,76.8,50,
AL111898,Tropical Storm Eleven,1898,Silver,69,0,58,,7.53,180,,32,30.5,63.3,74.5,50,
AL051902,Tropical Storm Five,1902,Silver,69,0,69,,4.56,108,,46.2,32.1,50.7,52.3,50,
AL011907,Tropical Storm One,1907,Silver,69,0,63,,4.5,144,,39.9,38,50.1,65.2,50,
AL041910,Hurricane Four,1910,Silver,69,2,98,,9.46,132,,70,72.5,69.5,61.4,50,
AL051911,Tropical Storm Five,1911,Silver,69,0,63,,4.36,114,,40.6,37.2,49.5,55.5,50,
AL041912,Hurricane Four,1912,Silver,69,1,92,,6.8,102,,68.9,57.5,60.7,49.4,50,
AL061912,Hurricane Six,1912,Silver,69,2,98,,9.75,138,,69.9,73.2,70.4,62.4,50,
AL041913,Hurricane Four,1913,Silver,69,1,86,976,6.64,102,,65.1,69.3,60.1,49.3,50,
AL071916,Hurricane Seven,1916,Silver,69,2,109,,6.13,108,,80.7,74.7,57.7,53.2,50,
AL021917,Tropical Storm Two,1917,Silver,69,0,69,,4.32,132,,45.1,28.3,49.1,60.6,50,
AL021918,Hurricane Two,1918,Silver,69,2,104,968,7.86,96,,74.6,80.2,64.7,48.6,50,
AL091933,Tropical Storm Nine,1933,Silver,69,0,63,,4.54,150,,39.3,34.6,50.5,66.1,50,
AL071934,Hurricane Seven,1934,Silver,69,2,104,,8.25,108,,74.9,76,66.3,53.5,50,
AL061935,Hurricane Six,1935,Silver,69,1,86,988,8.42,156,,62.8,52.3,67,68,50,
AL051936,Hurricane Five,1936,Silver,69,2,104,964,6.72,108,,74.7,82.3,60.4,53,50,
AL071938,Tropical Storm Seven,1938,Silver,69,0,58,996,4.4,157,,33.8,43.7,49.7,69.2,50,
AL021940,Hurricane Two,1940,Silver,69,2,98,972,8.33,126,,72.9,71.8,66.6,59.8,50,
AL081942,Tropical Storm Eight,1942,Silver,69,0,69,,5.27,114,,49.3,29.7,53.4,54.5,50,
AL061943,Hurricane Six,1943,Silver,69,2,98,,7.97,102,,72.3,77.3,65.2,51.1,50,
AL041946,Hurricane Four,1946,Silver,69,2,98,975,8.35,138,,73.4,69.8,66.9,63,50,
AL051946,Hurricane Five,1946,Silver,69,1,92,,7.04,108,,66,61.7,61.6,53.5,50,
AL021947,Hurricane Two,1947,Silver,69,2,109,977,7.52,96,,82,68.5,63.3,49.1,50,
AL071952,DOG,1952,Silver,69,0,69,998,4.21,108,,46.1,40.6,48.4,53.3,50,
AL091952,EASY,1952,Silver,69,2,104,968,5.53,96,,79.1,79.8,55.2,48.9,50,
AL161954,ALICE,1954,Silver,69,1,92,991,8.16,132,,68.1,49.1,65.9,61,50,
AL011955,BRENDA,1955,Silver,69,0,69,,1.95,36,1601,44.7,29.4,29.1,20.3,95.7,
AL111956,Tropical Storm Eleven,1956,Silver,69,0,63,996,4.44,108,,41.2,43.7,49.8,52.7,50,
AL061957,ESTHER,1957,Silver,69,0,63,1000,2.21,66,513,40.7,22.8,32.6,36,90.9,
AL021958,BECKY,1958,Silver,69,0,69,1004,6.56,198,,45.4,14.8,59.7,78.8,50,
AL021959,BEULAH,1959,Silver,69,0,69,985,3.02,72,,44.9,54.4,40.5,37.2,50,
AL061962,Tropical Storm Six,1962,Silver,69,0,63,998,4.81,138,,39,40.9,52,61.8,50,
AL141967,DORIA,1967,Silver,69,2,98,973,15.95,300,3,73.9,71,81.6,93.1,21.2,
AL161968,Tropical Storm Sixteen,1968,Silver,69,0,63,997,4.79,150,,38.1,42.2,51.9,66.7,50,
AL131969,FRANCELIA,1969,Silver,69,2,98,973,8.69,120,,73.6,71.5,67.9,57.1,50,
AL221969,Tropical Storm Twenty-Two,1969,Silver,69,0,69,1004,6.78,156,,46.9,15,60.6,68.9,50,
AL271969,Tropical Storm Twenty-Seven,1969,Silver,69,0,69,990,3.16,84,,44,50,41.6,43.4,50,
AL091970,DOROTHY,1970,Silver,69,0,69,996,3.31,78,,47,44.1,42.6,41.2,50,
AL061971,BETH,1971,Silver,69,1,86,977,6.7,126,,62.1,68.1,60.3,58.6,50,
AL111972,CARRIE,1972,Silver,69,0,63,992,4.24,120,,39.2,48,48.5,58.3,50,
AL151981,GERT,1981,Silver,69,2,104,988,10.1,156,14,78.9,52.2,72,67.9,49.4,
AL021982,Tropical Storm Two,1982,Silver,69,0,69,984,3.4,54,,44.3,55.8,43.2,29.6,50,
AL031990,BERTHA,1990,Silver,69,1,81,973,8.58,132,,54.5,71.4,67.6,60.8,50,
AL141990,LILI,1990,Silver,69,1,75,987,11.22,222,,52.7,52.8,74.1,82.4,50,
AL041994,CHRIS,1994,Silver,69,1,81,979,7.49,162,,56.6,67.1,63.1,69.7,50,
AL021995,BARRY,1995,Silver,69,0,69,989,3.17,72,,47.6,51.6,41.7,37.7,50,
AL161995,NOEL,1995,Silver,69,1,75,987,11.09,228,,51.9,52.9,73.7,83.8,50,
AL011996,ARTHUR,1996,Silver,69,0,52,992,2.15,96,256,23,48.3,32.1,48.2,86.6,
AL122002,KYLE,2002,Silver,69,1,86,980,15.52,510,1,61.8,66,81.1,99.6,6.9,
AL012003,ANA,2003,Silver,69,0,58,994,5.22,198,,26.6,45.6,53.3,78.8,50,
AL042003,CLAUDETTE,2003,Silver,69,1,92,979,9.81,216,3,67.1,67.4,70.7,81.6,18.2,
AL132004,LISA,2004,Silver,69,1,75,987,12.43,306,,50.3,52.5,76.6,94,50,
AL032012,CHRIS,2012,Silver,69,1,86,974,5.3,138,,63.7,70.4,53.6,62.2,50,
AL122018,KIRK,2018,Silver,69,0,63,998,4.13,150,,41.1,41.2,47.8,66.4,50,
AL192019,REBEKAH,2019,Silver,69,1,81,965,6.03,132,,54.5,81.3,57.1,60.8,50,
AL012020,ARTHUR,2020,Silver,69,0,63,989,3.42,96,,40.2,51.1,43.3,47.6,50,
AL061851,Tropical Storm Six,1851,Silver,68,0,69,,4.61,90,,42.8,37.4,50.8,44.5,50,
AL061860,Hurricane Six,1860,Silver,68,2,104,,7.48,90,,78.2,72.9,63.1,44.9,50,
AL061863,Tropical Storm Six,1863,Silver,68,0,69,,4,78,,42.9,39.5,47,41,50,
AL031865,Tropical Storm Three,1865,Silver,68,0,69,,6.1,114,,42.7,25.5,57.5,56.2,50,
AL051866,Hurricane Five,1866,Silver,68,2,104,,6.94,66,,75.9,75.2,61.3,35.4,50,
AL031868,Hurricane Three,1868,Silver,68,2,104,,9.72,66,,76.5,73.6,70.1,33.3,50,
AL041868,Hurricane Four,1868,Silver,68,2,104,,7.76,66,,76.4,74.4,64.3,36.2,50,
AL111870,Hurricane Eleven,1870,Silver,68,1,81,,7.75,114,,59.9,60.5,64.3,56.1,50,
AL051877,Tropical Storm Five,1877,Silver,68,0,58,,4.56,138,,36,35.2,50.6,63.7,50,
AL061877,Tropical Storm Six,1877,Silver,68,0,58,,6,138,,36.1,30.4,57,62.8,50,
AL091880,Hurricane Nine,1880,Silver,68,1,81,,8.83,138,,58.2,58.5,68.2,64.2,50,
AL041881,Hurricane Four,1881,Silver,68,1,81,,7.38,138,,57.4,59.4,62.9,64.1,50,
AL051882,Hurricane Five,1882,Silver,68,1,81,,8.58,114,,58.1,58,67.5,54.6,50,
AL041883,Hurricane Four,1883,Silver,68,1,81,,8.12,162,,58.2,57.4,65.7,69.3,50,
AL011884,Hurricane One,1884,Silver,68,1,81,,8.28,138,,59.5,57.4,66.5,63.7,50,
AL081885,Tropical Storm Eight,1885,Silver,68,0,69,,3.32,90,,48.5,30.9,42.7,45.9,50,
AL181887,Hurricane Eighteen,1887,Silver,68,1,81,,8.04,150,,56.7,60.9,65.5,66.2,50,
AL081888,Tropical Storm Eight,1888,Silver,68,0,58,,6.07,180,,30.5,30,57.3,73.9,50,
AL071889,Tropical Storm Seven,1889,Silver,68,0,58,,5.98,180,,30.6,29.9,56.9,74,50,
AL011891,Hurricane One,1891,Silver,68,1,92,,7.34,102,,66.1,58.9,62.6,49.8,50,
AL041892,Tropical Storm Four,1892,Silver,68,0,58,,6.53,210,,29.3,30.7,59.4,80.5,50,
AL091892,Tropical Storm Nine,1892,Silver,68,0,52,,6.11,198,,24.3,34.5,57.6,77.5,50,
AL081893,Hurricane Eight,1893,Silver,68,2,98,,7.27,114,,71.2,73.9,62.2,54.1,50,
AL011896,Hurricane One,1896,Silver,68,2,98,,7.72,96,,71.3,75.2,64.2,48,50,
AL041904,Hurricane Four,1904,Silver,68,1,81,,7.51,198,,54.3,59.6,63.2,78.1,50,
AL091908,Hurricane Nine,1908,Silver,68,2,104,,6.55,90,,74.2,77.5,59.6,47,50,
AL031922,Hurricane Three,1922,Silver,68,1,81,,8.09,150,,56.3,61.2,65.6,66.6,50,
AL031931,Tropical Storm Three,1931,Silver,68,0,58,,6.06,180,,29.8,33.9,57.2,73.6,50,
AL071931,Hurricane Seven,1931,Silver,68,2,98,987,11.29,192,,71.6,53.2,74.3,76.6,50,
AL011932,Tropical Storm One,1932,Silver,68,0,63,,4.34,114,,39.4,36.1,49.4,54.9,50,
AL011940,Tropical Storm One,1940,Silver,68,0,63,,4.69,138,,37.5,31.2,51.3,63.1,50,
AL071940,Hurricane Seven,1940,Silver,68,2,98,984,10.31,144,,72.4,55.8,72.2,65.7,50,
AL031941,Hurricane Three,1941,Silver,68,1,81,990,8.53,156,,59.3,50.8,67.4,68.6,50,
AL011943,Hurricane One,1943,Silver,68,2,104,967,5.75,78,,78.8,80.7,56.1,40.3,50,
AL021943,Tropical Storm Two,1943,Silver,68,0,58,,5,144,,35.3,29.5,52.7,65.4,50,
AL011944,Hurricane One,1944,Silver,68,1,81,,8.33,144,,59.2,56.2,66.7,65.4,50,
AL061945,Tropical Storm Six,1945,Silver,68,0,69,990,2.75,66,,43.8,50.9,37.8,34.6,50,
AL131950,LOVE,1950,Silver,68,1,81,987,5.69,84,93,57.8,52.4,55.9,43.9,77.5,
AL111952,Tropical Storm Eleven,1952,Silver,68,0,58,992,4.22,120,,29.9,48.7,48.4,56.9,50,
AL021954,Tropical Storm Two,1954,Silver,68,0,69,,4.13,96,,44.8,27.7,47.9,47.9,50,
AL121954,GILDA,1954,Silver,68,0,69,998,3.58,84,,44.7,40.7,44.5,44.1,50,
AL121955,Tropical Storm Twelve,1955,Silver,68,0,63,,4.47,102,,41.4,29.4,50,50.1,50,
AL081957,Tropical Storm Eight,1957,Silver,68,0,58,991,3.39,96,,36.5,49,43.1,47.5,50,
AL031959,Hurricane Three,1959,Silver,68,1,86,974,4.65,96,,63.1,70.4,51.1,47.5,50,
AL121959,Tropical Storm Twelve,1959,Silver,68,0,69,,3.76,90,,46.5,31.4,45.7,45.5,50,
AL031960,BRENDA,1960,Silver,68,0,69,976,3.83,120,1,46.6,68.8,46.3,57.9,6.1,
AL101961,JENNY,1961,Silver,68,1,81,974,6.75,144,,53.6,70.5,60.5,65.2,50,
AL011962,ALMA,1962,Silver,68,1,86,984,6.37,144,,64.8,55.9,58.7,64.9,50,
AL171966,Tropical Storm Seventeen,1966,Silver,68,0,63,997,3.93,120,,38.5,41.6,46.6,57,50,
AL051968,DOLLY,1968,Silver,68,1,86,985,8.26,132,,61.7,54.6,66.4,60.4,50,
AL291969,MARTHA,1969,Silver,68,1,92,979,5.42,90,,67.6,66.7,54.4,46,50,
AL181970,Hurricane Eighteen,1970,Silver,68,2,98,974,6.94,120,,74.1,70.6,61.3,56.5,50,
AL191970,Hurricane Nineteen,1970,Silver,68,2,98,995,12.7,198,,73.9,44.9,77.1,77.7,50,
AL011972,ALPHA,1972,Silver,68,0,69,988,3,60,,43.1,51.9,40.4,31.9,50,
AL081973,BRENDA,1973,Silver,68,1,92,977,4.72,84,,69.6,68,51.5,44,50,
AL021975,AMY,1975,Silver,68,1,81,981,8.15,138,,55.7,64.7,65.8,62.6,50,
AL061980,BONNIE,1980,Silver,68,2,98,975,8.96,126,,71.9,69.6,68.5,58.8,50,
AL121984,FRAN,1984,Silver,68,0,63,994,3.27,78,,41.2,46.1,42.3,39.9,50,
AL091990,HORTENSE,1990,Silver,68,0,63,993,3.26,84,,38.8,47.7,42.2,43.1,50,
AL091992,EARL,1992,Silver,68,0,63,990,3.27,90,,38.8,50.1,42.2,47.3,50,
AL051995,ERIN,1995,Silver,68,2,98,973,7.33,102,22,71.7,71.3,62.5,50.5,57.1,
AL051998,EARL,1998,Silver,68,2,98,964,8.48,186,3,72.6,82,67.2,75.7,22.5,
AL032001,BARRY,2001,Silver,68,0,69,990,2.47,84,9,47.9,50.7,35.5,42.7,39,
AL012002,ARTHUR,2002,Silver,68,0,58,992,3.23,102,,35.5,48.5,42,50.6,50,
AL102006,ISAAC,2006,Silver,68,1,86,985,7.09,126,,62.7,54.8,61.7,59.1,50,
AL032008,CRISTOBAL,2008,Silver,68,0,63,998,3.71,90,,41.6,40.4,45.5,45.7,50,
AL042008,DOLLY,2008,Silver,68,2,98,963,5.45,102,21,71.4,82.5,54.6,50.9,55.8,
AL102008,JOSEPHINE,2008,Silver,68,0,63,994,3.07,84,,40.4,45.5,41,42.6,50,
AL122008,LAURA,2008,Silver,68,1,81,990,8.83,198,,56.1,49.8,68.2,78.1,50,
AL082010,FIONA,2010,Silver,68,0,63,998,3.2,102,,42.5,41.1,41.8,51.9,50,
AL022011,BRET,2011,Silver,68,0,69,995,3.28,90,,43.4,45.1,42.4,44.5,50,
AL022012,BERYL,2012,Silver,68,0,69,992,3.99,174,3,45.3,48.7,46.9,72.8,19.5,
AL122015,KATE,2015,Silver,68,1,86,980,5.76,102,,62.3,65.3,56.1,50.1,50,
AL062023,GERT,2023,Silver,68,0,58,998,2.82,360,,27.7,40.2,39,97.4,50,
AL162023,OPHELIA,2023,Silver,68,0,69,981,2.02,42,,43.4,64.6,30.2,22.3,50,
AL042024,DEBBY,2024,Silver,68,1,81,979,5.18,168,18,53.4,66.6,53.2,71.7,53.7,
AL062024,FRANCINE,2024,Silver,68,2,104,972,5.39,84,,79.7,72.1,54.2,44.3,50,
AL011851,Hurricane One,1851,Silver,67,1,92,,4.91,72,,69.8,62.8,52.4,39.4,50,
AL041854,Hurricane Four,1854,Silver,67,2,104,,5.5,54,,78.2,72.6,54.8,29.8,50,
AL061856,Hurricane Six,1856,Silver,67,1,81,,7.54,114,,60.4,56.2,63.4,54,50,
AL031858,Hurricane Three,1858,Silver,67,2,104,979,6.55,78,,75.4,67.3,59.5,42,50,
AL071859,Tropical Storm Seven,1859,Silver,67,0,69,,3.09,54,,43.9,37.3,41.2,29.6,50,
AL021860,Hurricane Two,1860,Silver,67,2,104,,6.86,66,,76,73,61.1,36.2,50,
AL051860,Tropical Storm Five,1860,Silver,67,0,69,,4.74,90,,44.6,25.2,51.6,44.8,50,
AL061862,Tropical Storm Six,1862,Silver,67,0,69,,4.42,78,,44.5,26.1,49.7,41,50,
AL041863,Hurricane Four,1863,Silver,67,2,104,,6.14,42,,76,77.7,57.8,22.4,50,
AL061867,Hurricane Six,1867,Silver,67,2,104,,5.99,54,,77.5,74.1,57,28.3,50,
AL021874,Hurricane Two,1874,Silver,67,1,81,,8.06,114,,54.2,62.2,65.5,56,50,
AL071879,Hurricane Seven,1879,Silver,67,1,81,,7.04,138,,57.4,60.4,61.6,61.9,50,
AL011889,Hurricane One,1889,Silver,67,1,81,,6.55,138,,58.8,56.5,59.6,64.1,50,
AL011892,Tropical Storm One,1892,Silver,67,0,52,,5.39,186,,25.8,34.4,54.3,75.5,50,
AL051893,Hurricane Five,1893,Silver,67,2,98,,7.57,90,,71.1,73.6,63.6,45.2,50,
AL021897,Hurricane Two,1897,Silver,67,1,86,,6.81,84,,63.3,58.4,60.8,43,50,
AL021899,Hurricane Two,1899,Silver,67,2,98,979,7.34,120,,70.9,66.9,62.7,56.8,50,
AL101901,Tropical Storm Ten,1901,Silver,67,0,52,,5.43,276,,20.9,33.6,54.6,90.1,50,
AL131901,Hurricane Thirteen,1901,Silver,67,1,81,,7.49,156,,54.4,57,63.2,68.5,50,
AL091903,Tropical Storm Nine,1903,Silver,67,0,58,,3.66,102,,36.3,34.8,45.1,49.7,50,
AL031906,Tropical Storm Three,1906,Silver,67,0,69,,2.8,66,,46.3,36.3,38.7,34.1,50,
AL011908,Hurricane One,1908,Silver,67,2,98,,5.84,78,,70.3,77.6,56.3,40.1,50,
AL021909,Hurricane Two,1909,Silver,67,2,98,972,5.57,114,,70.4,71.7,55.4,55.1,50,
AL051913,Hurricane Five,1913,Silver,67,1,75,,8.26,186,,51.5,57.5,66.3,76.2,50,
AL011914,Tropical Storm One,1914,Silver,67,0,69,,2.53,72,,45.6,36.8,36,38.6,50,
AL041915,Hurricane Four,1915,Silver,67,2,98,982,7.89,102,,70,64.5,64.9,49.7,50,
AL011916,Tropical Storm One,1916,Silver,67,0,58,990,2.48,90,,34.5,49.8,35.6,46.4,50,
AL081916,Hurricane Eight,1916,Silver,67,1,81,986,8.49,144,,54.9,54.2,67.3,65,50,
AL151916,Tropical Storm Fifteen,1916,Silver,67,0,69,1002,4.5,102,,45,19.1,50.2,51.9,50,
AL081923,Tropical Storm Eight,1923,Silver,67,0,58,992,2.37,102,,34.6,48.1,34.4,51.7,50,
AL031928,Tropical Storm Three,1928,Silver,67,0,58,,4.61,144,,29.5,34.2,50.8,65.1,50,
AL101931,Tropical Storm Ten,1931,Silver,67,0,63,,3.53,96,,39.6,34.1,44,48.5,50,
AL051932,Tropical Storm Five,1932,Silver,67,0,69,,3.57,78,,45.8,25.8,44.3,42.4,50,
AL061932,Hurricane Six,1932,Silver,67,1,75,,7.34,216,,49.9,60.3,62.6,82,50,
AL021934,Hurricane Two,1934,Silver,67,1,92,,6.23,90,,66.3,59.3,58.2,44.9,50,
AL021937,Tropical Storm Two,1937,Silver,67,0,63,,4.08,120,,37.6,29.3,47.7,57.6,50,
AL091938,Tropical Storm Nine,1938,Silver,67,0,69,,2.77,60,,49.4,31.8,38.2,31.8,50,
AL011939,Tropical Storm One,1939,Silver,67,0,63,,4.32,102,,37.4,31.1,49.2,51.2,50,
AL031939,Tropical Storm Three,1939,Silver,67,0,63,,3.94,126,,37.4,31.3,46.7,59.7,50,
AL041945,Tropical Storm Four,1945,Silver,67,0,69,,3.16,72,,43.7,33.5,41.6,37.6,50,
AL111945,Hurricane Eleven,1945,Silver,67,2,98,982,6.71,114,,72.1,64.2,60.4,54.4,50,
AL061946,Hurricane Six,1946,Silver,67,2,98,977,6.76,132,,72,68.7,60.5,60.7,50,
AL061949,Hurricane Six,1949,Silver,67,1,75,996,10.05,270,,50.7,43.5,71.8,89.6,50,
AL091950,ITEM,1950,Silver,67,2,104,980,5.93,78,,79.1,66.3,56.7,42.3,50,
AL051951,DOG,1951,Silver,67,1,92,992,7.14,120,,65.7,48.2,61.9,58,50,
AL111953,Tropical Storm Eleven,1953,Silver,67,0,63,,3.57,102,,41.5,33.4,44.4,51.8,50,
AL131955,KATIE,1955,Silver,67,2,109,984,5.51,96,,81.9,55.4,54.9,48,50,
AL021968,BRENDA,1968,Silver,67,1,81,990,7.63,150,,59.8,50.5,63.8,66.8,50,
AL091971,DORIA,1971,Silver,67,0,69,987,3.37,78,7,43.2,52.6,43,41.2,33.3,
AL041973,ALICE,1973,Silver,67,1,86,984,6.48,108,,64.9,56,59.2,53.4,50,
AL131974,ELAINE,1974,Silver,67,0,63,1001,4.04,162,,41.3,20.4,47.5,71.4,50,
AL011985,ANA,1985,Silver,67,0,69,996,2.64,66,,44.3,43.6,37.1,35.7,50,
AL081985,FABIAN,1985,Silver,67,0,63,994,3.34,66,,39.9,46.3,42.9,34.8,50,
AL021990,ARTHUR,1990,Silver,67,0,69,995,2.31,60,,45.2,45.2,33.8,30.9,50,
AL081993,GERT,1993,Silver,67,2,98,970,3.77,138,,71.8,78.5,45.8,62,50,
AL131996,MARCO,1996,Silver,67,1,75,983,6.09,168,,52.9,63.4,57.4,72,50,
AL102000,FLORENCE,2000,Silver,67,1,81,985,8.49,150,,55.2,55.1,67.2,66.9,50,
AL012001,ALLISON,2001,Silver,67,0,58,1000,1.3,294,50,35.4,22,21.8,92.2,69.3,
AL042002,DOLLY,2002,Silver,67,0,58,997,3.94,132,,28.3,42.6,46.7,61.5,50,
AL212003,PETER,2003,Silver,67,0,69,990,2.06,60,,43.6,50.5,30.7,31,50,
AL162004,OTTO,2004,Silver,67,0,52,995,3.57,144,,26,44.7,44.4,64.6,50,
AL112008,KYLE,2008,Silver,67,1,86,984,6.16,114,,63.4,55.6,57.8,55.8,50,
AL182010,PAULA,2010,Silver,67,2,104,981,7.54,90,,76.2,64.9,63.4,44.7,50,
AL032011,CINDY,2011,Silver,67,0,69,994,2.6,66,,43.3,46.5,36.7,35.6,50,
AL132011,LEE,2011,Silver,67,0,58,986,2.23,78,18,34.9,53.9,32.8,40.8,52.8,
AL152013,Tropical Storm Fifteen,2013,Silver,67,0,63,995,3.01,84,,37.8,45.3,40.5,43.5,50,
AL032014,BERTHA,2014,Silver,67,1,81,996,7.91,228,,57.9,43.9,65,84,50,
AL062015,FRED,2015,Silver,67,1,86,986,5.53,144,,62.7,54,55.1,64.3,50,
AL052016,EARL,2016,Silver,67,1,86,979,4.59,96,,62.4,67.4,50.7,48.1,50,
AL132017,KATIA,2017,Silver,67,2,104,972,6.06,72,,79.3,71.9,57.2,37.9,50,
AL022018,BERYL,2018,Silver,67,1,81,991,6.27,282,,56.1,48.9,58.5,90.9,50,
AL152018,NADINE,2018,Silver,67,0,63,995,2.69,72,,41.1,44.2,37.5,39.3,50,
AL072020,GONZALO,2020,Silver,67,0,63,997,2.78,78,,40.3,42.1,38.3,41.1,50,
AL062021,FRED,2021,Silver,67,0,63,991,2.68,150,7,38.4,49.4,37.4,65.9,35.5,
AL052023,DON,2023,Silver,67,1,75,986,7.72,282,,50.6,53.3,64.1,91.3,50,
AL051854,Tropical Storm Five,1854,Silver,66,0,69,,3.66,66,,44.5,25.3,45.1,32.9,50,
AL021855,Hurricane Two,1855,Silver,66,2,104,,4.86,30,,78.3,74.6,52.2,18.8,50,
AL031857,Hurricane Three,1857,Silver,66,1,81,,9.8,114,,53.3,56.1,70.6,53.9,50,
AL041859,Hurricane Four,1859,Silver,66,2,104,,4.69,36,,75.6,78,51.4,20.1,50,
AL051859,Hurricane Five,1859,Silver,66,1,81,,5.91,90,,60.7,62.8,56.6,44.8,50,
AL051862,Hurricane Five,1862,Silver,66,1,81,,6.12,78,,61.3,61.2,57.7,40.9,50,
AL011863,Hurricane One,1863,Silver,66,2,104,,4.86,42,,75.7,75.8,52.3,22.3,50,
AL021863,Hurricane Two,1863,Silver,66,2,104,,5.5,42,,75.7,76.2,54.9,22.4,50,
AL021869,Hurricane Two,1869,Silver,66,2,104,,5.38,42,,76.3,74.2,54.2,24.6,50,
AL101869,Hurricane Ten,1869,Silver,66,2,104,,4.49,36,,79.6,73.5,50.1,20.3,50,
AL051874,Tropical Storm Five,1874,Silver,66,0,58,,4,90,,35.8,33,47.2,46.8,50,
AL041875,Tropical Storm Four,1875,Silver,66,0,58,,3.55,90,,35.9,35.4,44.2,45.1,50,
AL071877,Tropical Storm Seven,1877,Silver,66,0,58,,3.33,102,,36.2,30.4,42.8,50.3,50,
AL051879,Tropical Storm Five,1879,Silver,66,0,58,,3.58,108,,34.2,30.6,44.5,52.6,50,
AL061880,Hurricane Six,1880,Silver,66,1,81,987,7.42,138,,57.5,53,63,62.7,50,
AL071880,Hurricane Seven,1880,Silver,66,1,92,,5.48,66,,68.6,58.1,54.8,34,50,
AL071885,Hurricane Seven,1885,Silver,66,1,92,,5.7,90,,66.1,56.8,56,46.1,50,
AL021887,Tropical Storm Two,1887,Silver,66,0,58,,3.77,114,,33.1,30.9,45.8,54.5,50,
AL121887,Tropical Storm Twelve,1887,Silver,66,0,69,,2.19,42,,48.2,36,32.5,23.9,50,
AL191887,Tropical Storm Nineteen,1887,Silver,66,0,58,,4.52,126,,31,30,50.4,60.2,50,
AL051888,Tropical Storm Five,1888,Silver,66,0,58,999,4.19,162,,30.4,24.6,48.1,69.4,50,
AL091889,Tropical Storm Nine,1889,Silver,66,0,58,,4.19,132,,30.7,27.4,48.2,61.1,50,
AL021893,Hurricane Two,1893,Silver,66,2,98,,5.6,72,,71,75.3,55.6,36.5,50,
AL061899,Tropical Storm Six,1899,Silver,66,0,58,,4.3,144,,32,26.8,48.9,65,50,
AL061901,Hurricane Six,1901,Silver,66,1,81,,6.35,126,,54.8,61.8,58.6,60.2,50,
AL091901,Tropical Storm Nine,1901,Silver,66,0,58,,3.68,132,,31.9,33.7,45.2,61,50,
AL011903,Hurricane One,1903,Silver,66,1,81,,6.5,138,,54.3,59.6,59.2,62.4,50,
AL041903,Hurricane Four,1903,Silver,66,2,98,990,9.46,132,,70.2,50,69.6,61.3,50,
AL021905,Tropical Storm Two,1905,Silver,66,0,58,,3.27,114,,36.4,32,42.3,54.8,50,
AL031919,Hurricane Three,1919,Silver,66,2,98,,4.17,60,,70.1,74,48,32,50,
AL021920,Hurricane Two,1920,Silver,66,2,98,975,4.27,84,,70.1,69.5,48.7,42.8,50,
AL031927,Hurricane Three,1927,Silver,66,1,81,,5.34,150,,57.1,59.9,53.9,67.2,50,
AL131931,Tropical Storm Thirteen,1931,Silver,66,0,63,,2.67,78,,39.4,36.2,37.3,42.3,50,
AL131932,Tropical Storm Thirteen,1932,Silver,66,0,69,,2.8,66,,45.8,32.1,38.6,36,50,
AL091934,Tropical Storm Nine,1934,Silver,66,0,58,1000,4.65,156,,30.3,22.9,51.1,68,50,
AL011938,Hurricane One,1938,Silver,66,1,81,,6.21,126,,58.4,58.8,58,60,50,
AL091940,Hurricane Nine,1940,Silver,66,1,81,,5.75,120,,58.3,60.7,56,56.5,50,
AL021942,Hurricane Two,1942,Silver,66,1,81,,6.22,102,,59.4,60.7,58.1,51,50,
AL071943,Tropical Storm Seven,1943,Silver,66,0,63,997,2.95,78,,37.3,42,39.9,40.5,50,
AL021944,Tropical Storm Two,1944,Silver,66,0,63,,3.12,72,,37.2,39.3,41.2,39,50,
AL051944,Tropical Storm Five,1944,Silver,66,0,58,,2.8,78,,35.6,39.2,38.8,41.5,50,
AL121944,Hurricane Twelve,1944,Silver,66,1,81,,5.42,114,,59.1,62.3,54.5,54.4,50,
AL101945,Hurricane Ten,1945,Silver,66,1,92,982,5.08,66,,65.9,64.2,53,34.6,50,
AL031947,Hurricane Three,1947,Silver,66,1,81,984,5.8,150,,59,55.5,56.2,67.2,50,
AL071948,Tropical Storm Seven,1948,Silver,66,0,63,,2.93,78,,42.1,35.8,39.7,40,50,
AL101951,ITEM,1951,Silver,66,0,63,998,3,72,,39.7,40.6,40.3,36.7,50,
AL011952,Tropical Storm One,1952,Silver,66,0,69,,2.96,54,,46.9,28.2,40,29.4,50,
AL021952,ABLE,1952,Silver,66,2,98,983,9.85,198,3,73.5,63.5,70.8,78.6,21.6,
AL061953,DOLLY,1953,Silver,66,1,75,989,8.82,186,,50.1,51.5,68.1,75.4,50,
AL031954,ALICE,1954,Silver,66,2,109,,3.54,48,,82.2,75.8,44.1,26.7,50,
AL061961,Tropical Storm Six,1961,Silver,66,0,69,995,1.68,42,,46.5,44.8,26.5,24.5,50,
AL021962,BECKY,1962,Silver,66,0,58,,3.72,108,,31.9,35.1,45.5,52.8,50,
AL061963,EDITH,1963,Silver,66,2,98,990,7.12,114,,73.8,50.3,61.8,56.3,50,
AL121964,Tropical Storm Twelve,1964,Silver,66,0,69,997,1.63,42,,48.4,42.5,25.8,24.4,50,
AL131970,FELICE,1970,Silver,66,0,69,990,1.76,36,,47.1,49.7,27.5,20.6,50,
AL211971,KRISTY,1971,Silver,66,0,69,992,2.17,42,,43,48,32.3,23.5,50,
AL091973,CHRISTINE,1973,Silver,66,0,58,999,5.05,150,,31.5,24,52.9,66,50,
AL121974,DOLLY,1974,Silver,66,0,69,997,2.07,48,,44.4,41.8,30.9,27,50,
AL161980,JEANNE,1980,Silver,66,2,98,986,7.36,126,,71.9,53.6,62.8,59.2,50,
AL061981,BRET,1981,Silver,66,0,69,996,1.96,36,,49.6,43.1,29.2,21,50,
AL111991,GRACE,1991,Silver,66,2,104,980,5.55,84,,75,66.1,55.3,44.2,50,
AL121991,Hurricane Twelve,1991,Silver,66,1,75,972,5.63,110,,52.1,72,55.7,53.8,50,
AL081995,GABRIELLE,1995,Silver,66,0,69,988,1.4,32,,47.5,52.1,22.9,19.8,50,
AL051997,DANNY,1997,Silver,66,1,81,984,6.83,234,9,58,55.5,60.9,84.9,39.4,
AL122000,HELENE,2000,Silver,66,0,69,986,3.48,108,2,47.9,53.3,43.7,52.5,13.9,
AL082001,GABRIELLE,2001,Silver,66,1,81,975,10.63,198,3,55.2,70.1,72.9,77.4,17.3,
AL172005,PHILIPPE,2005,Silver,66,1,81,985,5.95,132,,61.2,54.6,56.8,61.4,50,
AL142010,LISA,2010,Silver,66,1,86,982,4.05,126,,61.6,63.8,47.6,58.9,50,
AL192010,RICHARD,2010,Silver,66,2,98,977,4.98,96,,73.7,68.5,52.6,48.7,50,
AL012011,ARLENE,2011,Silver,66,0,63,993,1.88,48,,42.4,47.6,28.6,25.9,50,
AL042012,DEBBY,2012,Silver,66,0,63,990,2.76,81,8,40.2,49.9,38.1,42.5,37.7,
AL012014,ARTHUR,2014,Silver,66,2,98,973,9.36,168,2,73.4,70.9,69.3,72.2,14.7,
AL092016,HERMINE,2016,Silver,66,1,81,981,8.43,168,5,58.5,64.7,67.1,71.8,27.7,
AL012018,ALBERTO,2018,Silver,66,0,63,990,1.79,51,18,41.6,50.7,27.7,27.8,54.1,
AL182019,PABLO,2019,Silver,66,1,81,977,4.99,120,,54.7,68.2,52.7,58.4,50,
AL102025,JERRY,2025,Silver,66,0,63,1000,4.21,102,,42,21.6,48.3,50.5,50,
AL051851,Tropical Storm Five,1851,Silver,65,0,58,,4,90,,28.4,37.4,47.1,44.4,50,
AL011855,Hurricane One,1855,Silver,65,2,104,,0.81,0,,78.4,72.8,16.6,0.3,50,
AL031856,Tropical Storm Three,1856,Silver,65,0,58,,2.75,60,,36.8,39.6,37.9,30.8,50,
AL011859,Hurricane One,1859,Silver,65,2,104,,0.81,0,,79.5,77.9,16.5,11.5,50,
AL031867,Hurricane Three,1867,Silver,65,2,104,,0.81,0,,79.8,75.1,16.5,6.6,50,
AL041867,Hurricane Four,1867,Silver,65,1,81,,6.8,90,,60.2,57.3,60.7,45.3,50,
AL011869,Hurricane One,1869,Silver,65,2,104,,3.24,18,,76.6,74.3,42,15.3,50,
AL031870,Tropical Storm Three,1870,Silver,65,0,69,1004,4.3,90,,43.5,13.9,49,46.7,50,
AL101870,Hurricane Ten,1870,Silver,65,2,104,,0.81,0,,76.3,76.8,16.4,10.5,50,
AL051872,Hurricane Five,1872,Silver,65,1,81,,5.34,150,,54.1,62.4,53.9,67.5,50,
AL011875,Hurricane One,1875,Silver,65,1,81,,7.84,90,,53.9,61.9,64.6,45.1,50,
AL061875,Hurricane Six,1875,Silver,65,1,81,,6.66,114,,54,60.5,60.2,54.2,50,
AL031876,Tropical Storm Three,1876,Silver,65,0,58,,3,66,,35.9,35.3,40.4,35,50,
AL011886,Hurricane One,1886,Silver,65,2,98,,3.18,54,,72.3,75.4,41.8,29.3,50,
AL111886,Tropical Storm Eleven,1886,Silver,65,0,52,,3.96,138,,22.8,34.9,46.8,63.6,50,
AL101887,Hurricane Ten,1887,Silver,65,1,81,983,6.01,96,,56.8,63.2,57.1,47.6,50,
AL011902,Tropical Storm One,1902,Silver,65,0,58,,3.15,102,,35.2,31.5,41.5,51.5,50,
AL051903,Tropical Storm Five,1903,Silver,65,0,58,,2.91,84,,35.2,33.7,39.6,43.3,50,
AL041908,Tropical Storm Four,1908,Silver,65,0,58,,2.76,78,,36.7,37.7,38,40.8,50,
AL071908,Tropical Storm Seven,1908,Silver,65,0,69,,2.06,48,,45.7,38.2,30.6,26.1,50,
AL051915,Tropical Storm Five,1915,Silver,65,0,58,,2.61,78,,34.4,39.1,36.8,40.6,50,
AL011919,Tropical Storm One,1919,Silver,65,0,63,995,1.97,48,,40.6,44.5,29.5,25.9,50,
AL061923,Hurricane Six,1923,Silver,65,1,81,983,4.46,120,,56.2,63.7,49.9,57.2,50,
AL011929,Hurricane One,1929,Silver,65,1,92,982,4.2,72,,66.6,64.4,48.3,37.4,50,
AL031930,Tropical Storm Three,1930,Silver,65,0,69,,2.44,54,,45.9,34,35,28,50,
AL031933,Tropical Storm Three,1933,Silver,65,0,52,,2.99,176,,25.1,36.7,40.2,73.5,50,
AL191933,Hurricane Nineteen,1933,Silver,65,1,81,,5.95,114,,57,60.2,56.8,55.9,50,
AL031934,Hurricane Three,1934,Silver,65,1,86,979,4.02,72,,64.1,66.8,47.3,39.2,50,
AL101934,Hurricane Ten,1934,Silver,65,2,98,984,5.53,66,,71.4,55.6,55.1,35.3,50,
AL081935,Tropical Storm Eight,1935,Silver,65,0,46,,4.94,222,,14.2,31.7,52.6,82.9,50,
AL051937,Tropical Storm Five,1937,Silver,65,0,69,,2.26,48,,49.3,29.2,33.2,25.8,50,
AL051942,Tropical Storm Five,1942,Silver,65,0,52,,5.01,162,,21.7,29.8,52.8,69.7,50,
AL081943,Tropical Storm Eight,1943,Silver,65,0,69,,2.81,60,,43.8,29.1,39,32.4,50,
AL141944,Tropical Storm Fourteen,1944,Silver,65,0,69,,2.17,48,,49.2,32.9,32.2,25.4,50,
AL031951,BAKER,1951,Silver,65,0,58,996,2.91,78,,29.6,43.5,39.6,40.7,50,
AL051952,Tropical Storm Five,1952,Silver,65,0,52,,3.21,156,,25.5,33.3,41.9,68.2,50,
AL051954,BARBARA,1954,Silver,65,0,58,999,1.44,36,1069,32.1,24.7,23.3,21.8,93.5,
AL121958,Tropical Storm Twelve,1958,Silver,65,0,69,,2.8,60,,45.4,28.7,38.8,30.6,50,
AL081970,Hurricane Eight,1970,Silver,65,1,81,1002,10.11,306,,59.7,19.4,72,94.2,50,
AL221970,Tropical Depression Twenty-Two,1970,Silver,65,-1,35,1004,0,0,,9.7,16,1.8,7.2,50,
AL041971,Hurricane Four,1971,Silver,65,1,86,998,7.33,132,,61.9,40.5,62.5,60.9,50,
AL171974,GERTRUDE,1974,Silver,65,2,98,992,5.91,90,,73.1,48.4,56.6,44.6,50,
AL041975,BLANCHE,1975,Silver,65,1,81,981,5.11,96,,55.8,64.6,53.1,49.1,50,
AL241975,Tropical Storm Twenty-Four,1975,Silver,65,0,63,1001,3.6,96,,40.9,19.5,44.7,48.5,50,
AL061978,CORA,1978,Silver,65,1,92,980,4.4,66,,65.9,65.8,49.6,34.2,50,
AL101980,EARL,1980,Silver,65,1,75,985,7.26,144,,53,54.7,62.2,64.4,50,
AL211981,KATRINA,1981,Silver,65,1,86,980,4.19,84,,64,65.3,48.2,43.3,50,
AL081982,ERNESTO,1982,Silver,65,0,69,997,1.81,42,,46.1,42.1,27.8,24,50,
AL061983,DEAN,1983,Silver,65,0,63,999,3.61,90,,39.8,23.9,44.7,45.9,50,
AL141984,HORTENSE,1984,Silver,65,1,75,993,7.45,216,,50.4,47.3,63,81.9,50,
AL071985,Tropical Depression Seven,1985,Silver,65,-1,35,,0,0,,8.3,7.5,9.2,9.4,50,
AL101985,HENRI,1985,Silver,65,0,58,996,1.1,39,60,36.7,43.3,19.9,22.1,71,
AL051990,DIANA,1990,Silver,65,2,98,980,4.26,78,,70.8,65.5,48.7,39.8,50,
AL131990,KLAUS,1990,Silver,65,1,81,985,6.12,138,,55.8,55,57.6,63.4,50,
AL161990,NANA,1990,Silver,65,1,86,989,6.17,96,,63.3,51.4,57.9,47.7,50,
AL011994,ALBERTO,1994,Silver,65,0,63,993,1.56,42,33,38.2,47.5,24.7,23.3,60.2,
AL051994,Tropical Depression Five,1994,Silver,65,-1,35,1005,0,0,,7.6,13.1,5.6,8.6,50,
AL081994,Tropical Depression Eight,1994,Silver,65,-1,35,1004,0,0,,7.7,14.4,5.7,8.6,50,
AL101994,Tropical Depression Ten,1994,Silver,65,-1,35,1004,0,0,,7.8,14.3,5.2,8.5,50,
AL061995,Tropical Depression Six,1995,Silver,65,-1,35,1002,0,0,,7.9,19.1,5.2,6.7,50,
AL181995,PABLO,1995,Silver,65,0,58,994,2.45,66,,32.9,46,35.2,34.8,50,
AL072000,DEBBY,2000,Silver,65,1,86,991,5.83,96,,64.6,49,56.3,48.8,50,
AL132001,KAREN,2001,Silver,65,1,81,982,5.62,102,,55.1,63.9,55.7,50.4,50,
AL052002,EDOUARD,2002,Silver,65,0,63,1002,1.77,66.8,50,42.5,19,27.5,36.3,69.7,
AL062006,ERNESTO,2006,Silver,65,1,75,985,6.64,204,11,52.4,54.9,60.1,79.5,42.9,
AL102007,TEN,2007,Silver,65,-1,35,1005,0,0,,4.6,12.5,9.8,9.7,50,
AL102010,HERMINE,2010,Silver,65,0,69,989,1.58,36,,43,51.2,25,21.5,50,
AL042011,DON,2011,Silver,65,0,52,997,1.62,54,118,26.4,42.8,25.6,29.1,79.2,
AL082011,HARVEY,2011,Silver,65,0,63,994,1.53,62,,41.8,46.4,24.5,32.5,50,
AL102013,INGRID,2013,Silver,65,1,86,983,4.9,78,,62.9,63.3,52.4,39.6,50,
AL122013,KAREN,2013,Silver,65,0,63,998,2.27,60,,37.7,41.3,33.3,31.2,50,
AL042018,DEBBY,2018,Silver,65,0,52,998,2.47,174,,23.6,41.2,35.5,73.1,50,
AL162019,NESTOR,2019,Silver,65,0,58,996,2.69,84,,32.4,44,37.5,43.7,50,
AL202021,VICTOR,2021,Silver,65,0,63,997,2.45,66,,38.2,41.9,35.3,33.4,50,
AL162024,OSCAR,2024,Silver,65,1,86,984,4.54,84,,65.4,55.4,50.5,42.9,50,
AL042025,DEXTER,2025,Silver,65,1,81,988,6.29,162,,53.4,51.9,58.5,70.1,50,
AL091863,Tropical Storm Nine,1863,Silver,64,0,69,,2.79,66,,42.6,26,38.3,32.9,50,
AL011864,Hurricane One,1864,Silver,64,1,81,,5.36,66,,61.1,60,54,32.8,50,
AL041864,Tropical Storm Four,1864,Silver,64,0,58,,4,90,,28.8,26.2,47.1,47.3,50,
AL041869,Tropical Storm Four,1869,Silver,64,0,69,,2.44,42,,43.7,32.6,35.1,24.5,50,
AL061871,Hurricane Six,1871,Silver,64,1,81,,6.34,90,,55.3,58.6,58.6,46.7,50,
AL081871,Hurricane Eight,1871,Silver,64,1,81,,6.62,78,,55.4,59,59.9,40.4,50,
AL011872,Tropical Storm One,1872,Silver,64,0,58,,3.28,90,,35.5,27.3,42.5,46.6,50,
AL011874,Tropical Storm One,1874,Silver,64,0,58,,2.8,72,,35.7,33.1,38.6,38.7,50,
AL041874,Tropical Storm Four,1874,Silver,64,0,58,,2.6,78,,35.8,33,36.7,40.4,50,
AL011879,Hurricane One,1879,Silver,64,1,81,,5.52,90,,57.6,60.4,55,47.1,50,
AL141887,Hurricane Fourteen,1887,Silver,64,1,86,,4.34,60,,64.2,61,49.3,31,50,
AL021889,Hurricane Two,1889,Silver,64,1,75,,5.29,138,,52,60.8,53.5,62.9,50,
AL101899,Tropical Storm Ten,1899,Silver,64,0,63,,2.27,66,,38.7,35.5,33.2,34.4,50,
AL121901,Tropical Storm Twelve,1901,Silver,64,0,58,,2.49,72,,35.1,33.5,35.8,36.6,50,
AL021902,Hurricane Two,1902,Silver,64,1,81,,4.81,126,,54.4,57.1,52,60.1,50,
AL031904,Hurricane Three,1904,Silver,64,1,81,,5.56,114,,54.2,59.5,55.3,54.8,50,
AL051904,Tropical Storm Five,1904,Silver,64,0,52,,3.74,156,,20,34.6,45.6,68.2,50,
AL061904,Tropical Storm Six,1904,Silver,64,0,52,,3.17,150,,20.1,35.9,41.7,66.1,50,
AL031905,Tropical Storm Three,1905,Silver,64,0,52,,4.26,150,,20.1,31.9,48.6,67,50,
AL011906,Tropical Storm One,1906,Silver,64,0,52,,3.69,120,,20.8,35.5,45.3,57.8,50,
AL051907,Tropical Storm Five,1907,Silver,64,0,46,,4.03,162,,15.8,35.6,47.5,70.6,50,
AL011913,Hurricane One,1913,Silver,64,1,75,,5.94,144,,50.2,57.7,56.7,64.7,50,
AL031920,Hurricane Three,1920,Silver,64,1,86,,3.54,72,,63.9,61.7,44,39.3,50,
AL051920,Hurricane Five,1920,Silver,64,1,86,,3.86,78,,64.4,61.5,46.4,41.3,50,
AL071921,Tropical Storm Seven,1921,Silver,64,0,58,,2.24,72,,34.8,38.3,33,36.8,50,
AL021924,Tropical Storm Two,1924,Silver,64,0,63,,2.11,54,,40.5,38.4,31.7,28.2,50,
AL091924,Tropical Storm Nine,1924,Silver,64,0,58,,3.24,78,,29.7,36.4,42.1,41.6,50,
AL021931,Tropical Storm Two,1931,Silver,64,0,69,1000,2.55,60,,46.8,21.5,36.1,31.9,50,
AL121932,Tropical Storm Twelve,1932,Silver,64,0,58,,3.06,96,,29.9,32.2,40.9,48.3,50,
AL051934,Hurricane Five,1934,Silver,64,1,81,998,7.67,144,,57,41,63.9,64.5,50,
AL091937,Hurricane Nine,1937,Silver,64,1,75,,4.94,126,,53.2,58.3,52.5,60,50,
AL021938,Tropical Storm Two,1938,Silver,64,0,69,,1.72,36,,49,31.9,27.1,20.8,50,
AL061942,Tropical Storm Six,1942,Silver,64,0,52,,4.09,156,,21.8,29.8,47.7,68.7,50,
AL121949,Tropical Storm Twelve,1949,Silver,64,0,58,,3.77,114,,27.2,26.4,45.9,55.6,50,
AL071954,DOLLY,1954,Silver,64,1,86,994,5.58,102,,64.5,46.4,55.4,51.5,50,
AL111958,Tropical Storm Eleven,1958,Silver,64,0,63,1001,2.76,84,,40.8,20.1,38.1,42.7,50,
AL021960,ABBY,1960,Silver,64,1,81,995,7.21,150,,53.7,45,62,67.4,50,
AL021964,Hurricane Two,1964,Silver,64,1,86,1006,9.15,246,,64.7,11.5,68.8,87.1,50,
AL011965,Tropical Storm One,1965,Silver,64,0,58,1005,4.24,150,,33.2,12.9,48.5,67.7,50,
AL231967,Tropical Storm Twenty-Three,1967,Silver,64,0,58,1002,3.6,120,,36.3,18.9,44.6,56.9,50,
AL171969,HOLLY,1969,Silver,64,1,81,984,4.63,102,,59.7,55.7,51,51.7,50,
AL171971,HEIDI,1971,Silver,64,0,58,995,2.49,73,,28.9,45,35.8,39.4,50,
AL201973,Tropical Storm Twenty,1973,Silver,64,0,63,1006,3.35,126,,39.1,11.4,43,59.9,50,
AL161974,Tropical Depression Sixteen,1974,Silver,64,-1,35,1003,0,0,,5.7,17.4,2.8,6.1,50,
AL181974,Tropical Storm Eighteen,1974,Silver,64,0,63,1003,3.15,72,,41.3,17.3,41.5,39.1,50,
AL101977,DOROTHY,1977,Silver,64,1,86,980,4.17,66,,62.9,65.6,48.1,34.1,50,
AL111978,Tropical Depression Eleven,1978,Silver,64,-1,35,,0,0,,8.8,8.7,6.4,9.1,50,
AL151979,HENRI,1979,Silver,64,1,86,983,3.7,72,,62.2,63.1,45.4,38.9,50,
AL181980,KARL,1980,Silver,64,1,86,985,5.58,72,,62.3,54.8,55.5,36.8,50,
AL061985,Tropical Depression Six,1985,Silver,64,-1,35,,0,0,,8.2,7.4,9.1,9.4,50,
AL141985,Tropical Depression Fourteen,1985,Silver,64,-1,35,,0,0,,8.3,7.5,9.2,8.4,50,
AL031986,Tropical Depression Three,1986,Silver,64,-1,35,,0,0,,8.4,7.6,9.3,8.4,50,
AL041986,Tropical Depression Four,1986,Silver,64,-1,35,,0,0,,8.4,7.6,9.3,5,50,
AL061986,Tropical Depression Six,1986,Silver,64,-1,35,,0,0,,8.5,7.8,9.4,5,50,
AL071986,Tropical Depression Seven,1986,Silver,64,-1,35,,0,0,,8.5,7.4,7.4,5.1,50,
AL141987,Tropical Depression Fourteen,1987,Silver,64,-1,35,,0,0,,8.2,6.6,8.7,5.7,50,
AL121989,IRIS,1989,Silver,64,0,69,1001,2.54,66,,45.1,20.6,36,34.3,50,
AL151990,MARCO,1990,Silver,64,0,63,989,1.45,36,,38.9,51.4,23.4,21.5,50,
AL031993,BRET,1993,Silver,64,0,58,1002,3.92,138,,30.5,18.8,46.5,64,50,
AL091994,Tropical Depression Nine,1994,Silver,64,-1,35,1007,0,0,,7.8,9.8,4.1,8.5,50,
AL111999,Tropical Depression Eleven,1999,Silver,64,-1,35,1002,0,0,,6.1,19.2,3.8,1.4,50,
AL082004,HERMINE,2004,Silver,64,0,58,1002,1.34,42,3261,29,18.3,22.3,23.6,97.8,
AL142004,MATTHEW,2004,Silver,64,0,46,997,1.01,41,3261,16.2,42,18.8,22.2,97.4,
AL012012,ALBERTO,2012,Silver,64,0,58,995,1.87,66,,34.9,45.4,28.5,33.1,50,
AL072017,FRANKLIN,2017,Silver,64,1,86,981,3.68,78,,62.5,64.8,45.2,41.5,50,
AL192017,RINA,2017,Silver,64,0,58,991,1.98,60,,34.7,48.8,29.8,31.7,50,
AL102018,JOYCE,2018,Silver,64,0,52,995,2.79,102,,23.5,44.3,38.4,49.9,50,
AL112018,ELEVEN,2018,Silver,64,-1,35,1007,0,0,,4.2,10.4,9.9,8.9,50,
AL082020,HANNA,2020,Silver,64,1,92,973,3.55,60,9,68.9,71.2,44.2,30.5,39.8,
AL122022,TWELVE,2022,Silver,64,-1,35,1007,0,0,,8.7,10.4,9.6,0.4,50,
AL152022,LISA,2022,Silver,64,1,92,985,3.76,84,,67.4,54.5,45.7,44.3,50,
AL112023,JOSE,2023,Silver,64,0,63,996,1.84,42,,41.9,43.2,28.4,22.5,50,
AL011854,Hurricane One,1854,Silver,63,1,81,,3.9,60,,60.4,62.6,46.4,32.3,50,
AL011862,Tropical Storm One,1862,Silver,63,0,58,,3,66,,28.6,38.8,40.3,35,50,
AL051864,Hurricane Five,1864,Silver,63,1,81,,4.66,66,,61,60.1,51.2,32.8,50,
AL031866,Hurricane Three,1866,Silver,63,1,81,,6.6,78,,53.5,56.9,59.8,41.8,50,
AL071866,Tropical Storm Seven,1866,Silver,63,0,69,,1.99,36,,42.8,33.9,30,21.2,50,
AL011871,Tropical Storm One,1871,Silver,63,0,58,999,3.78,102,,27.1,24.4,46,50.7,50,
AL031873,Hurricane Three,1873,Silver,63,1,81,,5.38,66,,54.1,62.4,54.1,33.7,50,
AL051905,Tropical Storm Five,1905,Silver,63,0,52,,3.42,114,,20.2,34.9,43.4,54.7,50,
AL111906,Hurricane Eleven,1906,Silver,63,1,81,,4.02,102,,55.1,60.2,47.3,49.5,50,
AL021908,Hurricane Two,1908,Silver,63,1,75,989,6.4,138,,51.6,51.1,58.9,62.3,50,
AL011911,Tropical Storm One,1911,Silver,63,0,58,,2.09,66,,36.6,36.9,31.2,33.7,50,
AL081931,Hurricane Eight,1931,Silver,63,1,75,,5.86,126,,50.1,59.2,56.4,58.7,50,
AL111931,Tropical Storm Eleven,1931,Silver,63,0,58,,2.59,72,,29.8,34.1,36.6,39.1,50,
AL081932,Tropical Storm Eight,1932,Silver,63,0,63,,1.93,48,,39.5,34.7,29,26.9,50,
AL151933,Hurricane Fifteen,1933,Silver,63,1,75,,5.48,96,,50,59.3,54.7,48.6,50,
AL011936,Tropical Storm One,1936,Silver,63,0,46,996,3.32,120,,14.1,43.9,42.7,57.5,50,
AL061936,Tropical Storm Six,1936,Silver,63,0,52,,2.8,120,,24.8,31.6,38.9,57.3,50,
AL071937,Tropical Storm Seven,1937,Silver,63,0,58,1002,3.13,102,,33.7,18,41.3,51.8,50,
AL021939,Hurricane Two,1939,Silver,63,1,75,985,5.81,120,,53,54.7,56.2,58.3,50,
AL031944,Hurricane Three,1944,Silver,63,1,81,985,4.52,102,,59.2,54.4,50.3,51,50,
AL061944,Tropical Storm Six,1944,Silver,63,0,63,992,1.4,36,,37.2,48.5,23,21.1,50,
AL081944,Hurricane Eight,1944,Silver,63,1,81,,4.63,72,,59.1,62.3,51,36.7,50,
AL081949,Tropical Storm Eight,1949,Silver,63,0,58,,2.79,84,,27.1,35.9,38.5,43.1,50,
AL161949,Tropical Storm Sixteen,1949,Silver,63,0,63,993,1.24,32,,39.7,47.2,21.1,19.9,50,
AL161950,Tropical Storm Sixteen,1950,Silver,63,0,69,,2.01,42,,46.7,25.9,30.1,24.7,50,
AL011957,Hurricane One,1957,Silver,63,1,75,996,6.08,168,,51.6,43.6,57.3,71.9,50,
AL071958,GERDA,1958,Silver,63,0,58,1001,1.74,150,,36.5,20,27.3,67.7,50,
AL051959,DEBRA,1959,Silver,63,1,86,980,2.98,48,,63.9,66.2,40,26.5,50,
AL141959,Tropical Storm Fourteen,1959,Silver,63,0,63,1002,2.98,84,,40.1,18,40.1,42.6,50,
AL071960,FLORENCE,1960,Silver,63,0,58,1000,1.87,162,,34.8,23.5,28.6,70.2,50,
AL051965,DEBBIE,1965,Silver,63,0,58,1000,1.73,50,76,33.2,21.3,27.2,27.7,74.5,
AL101965,Tropical Storm Ten,1965,Silver,63,0,52,997,2.75,84,,22.4,41.6,37.9,43.9,50,
AL021966,BECKY,1966,Silver,63,1,86,984,3.44,72,,64.8,55.3,43.6,38.1,50,
AL031966,CELIA,1966,Silver,63,1,75,994,4.34,216,,52.8,45.7,49.3,81.8,50,
AL231969,Tropical Storm Twenty-Three,1969,Silver,63,0,58,995,1.72,48,,36,44.6,27,25.5,50,
AL181975,Tropical Depression Eighteen,1975,Silver,63,-1,35,1002,0,0,,4.3,18.6,3.1,1.2,50,
AL121978,Tropical Depression Twelve,1978,Silver,63,-1,35,,0,0,,8.8,4.3,6.5,9.2,50,
AL231978,KENDRA,1978,Silver,63,1,81,990,4.62,114,,59.3,50.6,50.9,55,50,
AL011979,Tropical Depression One,1979,Silver,63,-1,35,,0,0,,9.6,5.3,6.8,6,50,
AL071980,CHARLEY,1980,Silver,63,1,81,989,5.07,102,,58.6,51.3,53,51.6,50,
AL101981,DENNIS,1981,Silver,63,1,81,995,6.5,336,3,58.5,45.3,59.3,95.8,22.9,
AL171981,Tropical Depression Seventeen,1981,Silver,63,-1,35,,0,0,,7.4,6.1,9.5,4.3,50,
AL041982,Tropical Depression Four,1982,Silver,63,-1,35,,0,0,,7,7.3,7.8,8,50,
AL051982,CHRIS,1982,Silver,63,0,63,994,1.29,30,,41,45.9,21.6,17.6,50,
AL071982,Tropical Depression Seven,1982,Silver,63,-1,35,,0,0,,7.1,6.1,7.9,8.2,50,
AL011983,Tropical Depression One,1983,Silver,63,-1,35,,0,0,,7.1,6,7.9,8.2,50,
AL041984,Tropical Depression Four,1984,Silver,63,-1,35,,0,0,,6.9,5.9,8.2,8.8,50,
AL081984,CESAR,1984,Silver,63,0,58,989,1.79,54,,31.2,51,27.7,28.9,50,
AL091984,Tropical Depression Nine,1984,Silver,63,-1,35,,0,0,,6.9,6,9,8.7,50,
AL171984,Tropical Depression Seventeen,1984,Silver,63,-1,35,,0,0,,5.8,7.7,9,7.2,50,
AL091987,Tropical Depression Nine,1987,Silver,63,-1,35,,0,0,,8.1,7.8,7.7,3.5,50,
AL101987,DENNIS,1987,Silver,63,0,52,1000,4.07,174,,19.1,22.9,47.6,73.3,50,
AL111987,Tropical Depression Eleven,1987,Silver,63,-1,35,,0,0,,8.1,6.3,8.6,3.5,50,
AL051988,ERNESTO,1988,Silver,63,0,63,994,1.29,30,,40.3,46.7,21.6,18.4,50,
AL061988,Tropical Storm Six,1988,Silver,63,0,58,994,1.69,48,,32.5,46.8,26.7,27.4,50,
AL121988,KEITH,1988,Silver,63,1,75,945,8.04,156,0,52.2,91.9,65.3,69.1,0.4,
AL081991,ERIKA,1991,Silver,63,0,58,997,1.97,57,,32.1,42.7,29.5,30.3,50,
AL021992,Tropical Depression Two,1992,Silver,63,-1,35,1007,0,0,,5.9,9.3,5.4,11.5,50,
AL031996,CESAR,1996,Silver,63,1,86,985,3.97,78,,62.6,55.2,46.8,41.9,50,
AL112000,GORDON,2000,Silver,63,1,81,981,3.35,54,26,55.3,65,42.9,29.7,58.4,
AL012005,ARLENE,2005,Silver,63,0,69,989,2.56,61,2,44,51,36.3,32.5,16,
AL052007,ERIN,2007,Silver,63,0,58,995,0.74,90,16,33.7,45.2,15.4,45.8,51.9,
AL072011,GERT,2011,Silver,63,0,63,1000,2.3,66,,41.8,21,33.6,35.6,50,
AL012013,ANDREA,2013,Silver,63,0,63,992,2.42,72,4,40,48.6,34.9,38.3,25.5,
AL072014,FAY,2014,Silver,63,1,81,983,3.68,72,,57.9,63.3,45.3,38.1,50,
AL032016,COLIN,2016,Silver,63,0,58,987,2.62,72,6,30.6,52.4,37,36.9,32,
AL092018,ISAAC,2018,Silver,63,1,75,995,6.82,150,,50.4,44.3,60.9,66.4,50,
AL022021,BILL,2021,Silver,63,0,63,992,1.16,30,,38.3,48.4,20.5,19.2,50,
AL112021,JULIAN,2021,Silver,63,0,58,993,2.14,54,,30.1,47.4,31.9,28.5,50,
AL132022,JULIA,2022,Silver,63,1,86,982,3.29,71,,61.5,64.1,42.5,36.4,50,
AL072023,EMILY,2023,Silver,63,0,52,998,1.95,108,,26,40.1,29.1,53.7,50,
AL062025,FERNAND,2025,Silver,63,0,58,999,3.54,120,,27.5,24.1,44.1,58.5,50,
AL112025,KAREN,2025,Silver,63,0,58,996,2.35,72,,28,43.2,34,39.2,50,
AL051869,Hurricane Five,1869,Silver,62,1,81,,3.84,48,,60,57.1,46.3,27.5,50,
AL041873,Tropical Storm Four,1873,Silver,62,0,58,,2.37,66,,35.7,29.1,34.3,33.6,50,
AL081877,Tropical Storm Eight,1877,Silver,62,0,58,,2.28,66,,36.2,30.3,33.5,33.3,50,
AL011881,Tropical Storm One,1881,Silver,62,0,58,,2.19,66,,34.3,27.7,32.4,34,50,
AL031885,Tropical Storm Three,1885,Silver,62,0,58,,2.37,66,,33,31,34.5,33.4,50,
AL061888,Hurricane Six,1888,Silver,62,1,81,985,4.38,96,,56.8,54.3,49.5,47.8,50,
AL041890,Hurricane Four,1890,Silver,62,1,92,,2.98,30,,67,58.7,40.1,17.7,50,
AL071891,Tropical Storm Seven,1891,Silver,62,0,52,1004,4.15,138,,25.7,14.7,47.9,62.8,50,
AL101891,Tropical Storm Ten,1891,Silver,62,0,58,,2.55,72,,29.2,34.5,36.1,37.6,50,
AL021894,Tropical Storm Two,1894,Silver,62,0,58,,2.88,78,,31.4,27.1,39.4,42,50,
AL011895,Tropical Storm One,1895,Silver,62,0,58,,2.38,66,,31.6,27.8,34.6,35.5,50,
AL071896,Tropical Storm Seven,1896,Silver,62,0,58,,2.25,66,,31.7,33.3,33.1,35.5,50,
AL021898,Hurricane Two,1898,Silver,62,1,86,,3.33,54,,63.5,58.6,42.8,28.9,50,
AL031898,Hurricane Three,1898,Silver,62,1,81,,5.22,66,,56,58.5,53.3,33.9,50,
AL071900,Tropical Storm Seven,1900,Silver,62,0,52,,2.59,78,,24,39.7,36.6,39.8,50,
AL101906,Tropical Storm Ten,1906,Silver,62,0,52,,2.64,108,,19.4,38.1,37.1,52.4,50,
AL021911,Hurricane Two,1911,Silver,62,1,81,,4.25,90,,54.9,57.8,48.6,46.4,50,
AL061911,Tropical Storm Six,1911,Silver,62,0,52,,3.24,108,,19.7,36.8,42.1,52.2,50,
AL051916,Tropical Storm Five,1916,Silver,62,0,58,,1.59,48,,34.5,38.7,25.3,26.6,50,
AL061918,Tropical Storm Six,1918,Silver,62,0,46,,2.8,120,,16.4,38.6,38.7,57.1,50,
AL041923,Hurricane Four,1923,Silver,62,1,81,,3.78,78,,56.2,61.1,46,41.9,50,
AL011925,Hurricane One,1925,Silver,62,1,81,,3.65,60,,57.3,61.4,45,30.7,50,
AL031929,Tropical Storm Three,1929,Silver,62,0,58,1005,3.97,102,,29.6,13.7,46.9,51.4,50,
AL051929,Hurricane Five,1929,Silver,62,1,81,,4.32,72,,57.1,59.1,49.2,37,50,
AL011931,Tropical Storm One,1931,Silver,62,0,52,,2.25,78,,25.3,36.3,33.1,39.9,50,
AL081934,Tropical Storm Eight,1934,Silver,62,0,52,,2.86,102,,25,28.9,39.3,51.3,50,
AL111934,Tropical Storm Eleven,1934,Silver,62,0,58,,2.57,78,,30.3,31.3,36.4,41.7,50,
AL111937,Hurricane Eleven,1937,Silver,62,1,81,,3.6,60,,58.4,58.7,44.6,32.1,50,
AL081940,Hurricane Eight,1940,Silver,62,1,81,993,5.13,84,,58.3,47.2,53.2,44.1,50,
AL101943,Tropical Storm Ten,1943,Silver,62,0,46,,3.04,132,,16.4,32.8,40.6,60.9,50,
AL081947,Tropical Storm Eight,1947,Silver,62,0,58,,3.06,72,,27.4,28,40.8,36.4,50,
AL051948,Hurricane Five,1948,Silver,62,1,81,983,2.85,60,,58.9,63.5,39.2,32.2,50,
AL101949,Hurricane Ten,1949,Silver,62,1,81,,3.22,54,,58.9,62.5,41.9,28.7,50,
AL141949,Tropical Storm Fourteen,1949,Silver,62,0,58,,2.99,96,,29.1,26.3,40.2,48.8,50,
AL111951,JIG,1951,Silver,62,1,75,990,6.5,114,,50,50.6,59.3,55.6,50,
AL141953,Tropical Storm Fourteen,1953,Silver,62,0,63,,1.67,42,,41.5,27.8,26.5,25.2,50,
AL041960,CLEO,1960,Silver,62,1,86,995,4.83,66,,64.7,45.1,52.1,35.1,50,
AL031963,Hurricane Three,1963,Silver,62,1,81,990,4.75,90,,53.6,50.2,51.7,45.6,50,
AL081968,EDNA,1968,Silver,62,0,69,1012,3.05,66,,47.8,0.7,40.7,35.8,50,
AL121968,FRANCES,1968,Silver,62,0,58,1001,2.57,78,,36.1,20.3,36.5,39.7,50,
AL131968,Tropical Depression Thirteen,1968,Silver,62,-1,35,1004,0,0,,4.7,16,0.4,10.1,50,
AL051970,Tropical Depression Five,1970,Silver,62,-1,35,,0,0,,9.9,8,0.9,7.5,50,
AL111971,FERN,1971,Silver,62,1,86,978,5.98,114,2,62,67.8,56.9,54.3,13.4,
AL101973,DELIA,1973,Silver,62,1,86,986,4.84,96,5,65,54.2,52.1,49,26.8,
AL211976,HOLLY,1976,Silver,62,1,75,990,4.75,126,,53.1,50.4,51.8,58.7,50,
AL151977,Tropical Depression Fifteen,1977,Silver,62,-1,35,,0,0,,6.4,8.2,5.1,9,50,
AL171978,Tropical Depression Seventeen,1978,Silver,62,-1,35,,0,0,,9.4,5.2,6.6,3.8,50,
AL181978,Tropical Depression Eighteen,1978,Silver,62,-1,35,,0,0,,9.5,3.9,6.6,5.8,50,
AL051979,Tropical Depression Five,1979,Silver,62,-1,35,,0,0,,9.6,5.3,6.9,2,50,
AL051980,Tropical Depression Five,1980,Silver,62,-1,35,,0,0,,7.3,6.8,8.6,1.9,50,
AL041983,BARRY,1983,Silver,62,1,81,986,3.14,114,,57.2,53.8,41.4,54.3,50,
AL011987,Tropical Depression One,1987,Silver,62,-1,35,,0,0,,8.6,6.3,7.5,3.1,50,
AL041987,Tropical Depression Four,1987,Silver,62,-1,35,,0,0,,7.9,7.2,7.5,3.1,50,
AL061987,Tropical Depression Six,1987,Silver,62,-1,35,,0,0,,8,7.1,7.6,3.4,50,
AL081987,Tropical Depression Eight,1987,Silver,62,-1,35,,0,0,,8,7.1,7.6,3.4,50,
AL151989,KAREN,1989,Silver,62,0,58,1000,2.65,96,,32.6,23,37.2,47.7,50,
AL121995,KAREN,1995,Silver,62,0,52,1000,3.43,120,,25.9,22.6,43.5,56.4,50,
AL041996,DOLLY,1996,Silver,62,1,81,989,3.91,96,,58,51.8,46.5,48.2,50,
AL011999,ARLENE,1999,Silver,62,0,58,1006,3.42,102,,33.5,10.9,43.4,49.4,50,
AL202005,STAN,2005,Silver,62,1,81,977,2.36,60,,59.6,68.4,34.2,32,50,
AL032006,BERYL,2006,Silver,62,0,58,1000,2.66,84,14,33.6,21.2,37.3,43.5,48.1,
AL052008,EDOUARD,2008,Silver,62,0,63,996,1.7,42,6,41.7,43.8,26.9,24.9,32.9,
AL132008,MARCO,2008,Silver,62,0,63,998,1.32,24,,40.4,41.1,21.9,16.2,50,
AL162008,SIXTEEN,2008,Silver,62,-1,29,1004,0,0,,0.4,14.9,9.7,5.1,50,
AL042010,COLIN,2010,Silver,62,0,58,1005,2.84,108,,36.9,12.7,39.1,53.2,50,
AL032013,CHANTAL,2013,Silver,62,0,63,1003,2.48,72,,42,16.5,35.7,37.8,50,
AL132016,LISA,2016,Silver,62,0,52,999,3.43,144,,21.9,24,43.6,65.3,50,
AL072018,GORDON,2018,Silver,62,0,69,996,2.28,45,4,44.2,44,33.4,25.3,24.2,
AL152019,FIFTEEN,2019,Silver,62,-1,35,1006,0,0,,5.8,11.4,4.3,8,50,
AL222020,BETA,2020,Silver,62,0,63,993,3.51,90,1,40,47.8,43.8,45,9.5,
AL142022,KARL,2022,Silver,62,0,58,997,2.12,72,,27.6,41.7,31.8,38.7,50,
AL172022,NICOLE,2022,Silver,62,1,75,980,4.31,102,11,50.9,66.3,49,51.4,44.6,
AL021852,Hurricane Two,1852,Silver,61,1,81,,2.76,42,,61.3,57.8,38,22.6,50,
AL021856,Hurricane Two,1856,Silver,61,1,81,,3.92,42,,60.3,56.6,46.6,22.2,50,
AL031859,Hurricane Three,1859,Silver,61,1,81,,2.94,30,,60.7,63,39.8,17.9,50,
AL051861,Hurricane Five,1861,Silver,61,1,81,,2.2,30,,60.5,62.9,32.5,18.1,50,
AL011867,Hurricane One,1867,Silver,61,1,81,,3.04,54,,60.2,56.8,40.7,29.7,50,
AL081870,Hurricane Eight,1870,Silver,61,1,81,,2.94,30,,59.9,61.3,39.7,18.7,50,
AL051885,Hurricane Five,1885,Silver,61,1,81,999,6.62,90,,59.5,24.3,60,46.6,50,
AL011888,Hurricane One,1888,Silver,61,1,81,,2.56,48,,56.7,60.9,36.4,26.8,50,
AL061892,Tropical Storm Six,1892,Silver,61,0,58,,2.22,60,,31.3,31.5,32.6,31.3,50,
AL011904,Hurricane One,1904,Silver,61,1,81,,2.9,60,,56.4,58,39.5,32.1,50,
AL021907,Tropical Storm Two,1907,Silver,61,0,46,,2.47,102,,16.1,38,35.6,49.6,50,
AL101909,Tropical Storm Ten,1909,Silver,61,0,58,,1.84,54,,36.6,25.1,28.3,29.9,50,
AL011910,Tropical Storm One,1910,Silver,61,0,46,,2.11,144,,16.1,37,31.7,64.5,50,
AL011915,Hurricane One,1915,Silver,61,1,75,990,4.48,120,,50.2,49.7,50,57.4,50,
AL121916,Tropical Storm Twelve,1916,Silver,61,0,58,1000,2.38,63,,34.6,22.3,34.5,32.6,50,
AL031918,Hurricane Three,1918,Silver,61,1,75,,3.31,72,,51.5,62.7,42.6,38.4,50,
AL051927,Tropical Storm Five,1927,Silver,61,0,58,,1.52,42,,31.1,38.9,24.4,25,50,
AL081927,Tropical Storm Eight,1927,Silver,61,0,58,,1.97,54,,29.5,35.7,29.6,27.9,50,
AL121931,Tropical Storm Twelve,1931,Silver,61,0,52,,1.9,72,,25.2,36.4,28.7,37.4,50,
AL011933,Tropical Storm One,1933,Silver,61,0,52,1001,3.08,108,,25,19.8,41.1,53.1,50,
AL111936,Hurricane Eleven,1936,Silver,61,1,81,,2.73,60,,58.7,57.2,37.8,31.5,50,
AL141936,Tropical Storm Fourteen,1936,Silver,61,0,52,998,1.98,66,,24.9,40.3,29.7,33.8,50,
AL011941,Tropical Storm One,1941,Silver,61,0,58,1001,2.28,72,,34,20.4,33.4,38.2,50,
AL101942,Tropical Storm Ten,1942,Silver,61,0,52,,2.88,108,,20.7,29.6,39.5,53.4,50,
AL051943,Tropical Storm Five,1943,Silver,61,0,52,,2.87,96,,20.8,29.5,39.4,49,50,
AL031945,Tropical Storm Three,1945,Silver,61,0,58,,2.35,60,,26.9,32.7,34.1,31.7,50,
AL011948,Tropical Storm One,1948,Silver,61,0,52,,2.5,84,,26.3,28,35.9,43.2,50,
AL021953,Tropical Storm Two,1953,Silver,61,0,52,,2.38,84,,25.3,28.2,34.6,43.8,50,
AL041954,Tropical Storm Four,1954,Silver,61,0,52,,2.55,84,,23.8,28.1,36.2,43.7,50,
AL101954,FLORENCE,1954,Silver,61,0,63,1001,1.79,42,,41.4,20.1,27.8,24,50,
AL061958,FIFI,1958,Silver,61,1,86,1000,5.89,120,,63.8,23.1,56.5,58.1,50,
AL081961,GERDA,1961,Silver,61,1,75,988,4.52,102,,49.7,52,50.3,50.9,50,
AL071969,BLANCHE,1969,Silver,61,1,86,996,3.65,60,,61.7,43.4,44.9,31.3,50,
AL301969,Tropical Depression Thirty,1969,Silver,61,-1,35,,0,0,,9.8,8.2,0.8,5.5,50,
AL011970,ALMA,1970,Silver,61,1,75,993,3.4,168,,50.9,47.8,43.2,71.6,50,
AL011974,Tropical Storm One,1974,Silver,61,0,52,997,1.66,78,,24.4,42.2,26.4,40.7,50,
AL011976,Tropical Storm One,1976,Silver,61,0,52,994,2.02,66,,19.9,46.8,30.2,36.1,50,
AL071977,CLARA,1977,Silver,61,1,75,993,4.29,96,,52.9,47.7,48.9,48.7,50,
AL071978,Tropical Depression Seven,1978,Silver,61,-1,35,,0,0,,8.7,3.7,6.3,6.8,50,
AL211978,Tropical Depression Twenty-One,1978,Silver,61,-1,35,,0,0,,9.5,3.2,6.7,5.8,50,
AL061979,CLAUDETTE,1979,Silver,61,0,52,997,1.62,186,8,20.5,42.5,25.6,75.8,36.8,
AL161979,Tropical Depression Sixteen,1979,Silver,61,-1,35,,0,0,,9.3,3.3,8.2,2.3,50,
AL171979,Tropical Depression Seventeen,1979,Silver,61,-1,35,,0,0,,9.4,3.4,8.3,1.6,50,
AL191981,Tropical Depression Nineteen,1981,Silver,61,-1,35,,0,0,,7,6.2,7.8,4.3,50,
AL021983,Tropical Depression Two,1983,Silver,61,-1,35,,0,0,,5.5,6.4,8,8.3,50,
AL021984,Tropical Depression Two,1984,Silver,61,-1,35,,0,0,,5.6,5.7,8.1,8.7,50,
AL031984,Tropical Depression Three,1984,Silver,61,-1,35,,0,0,,5.6,5.8,8.1,8.8,50,
AL111984,EDOUARD,1984,Silver,61,0,63,998,0.79,18,,39.8,40.8,16.3,13.5,50,
AL191984,Tropical Depression Nineteen,1984,Silver,61,-1,35,,0,0,,4.1,6.6,9.1,9.5,50,
AL041985,DANNY,1985,Silver,61,1,92,987,3.53,54,5,69.4,52.8,43.9,29.5,29.4,
AL151988,Tropical Depression Fifteen,1988,Silver,61,-1,35,,0,0,,3.9,7.9,8.8,7.9,50,
AL141989,JERRY,1989,Silver,61,1,86,982,4.02,78,3,65.1,63.8,47.4,39.7,22.1,
AL041990,CESAR,1990,Silver,61,0,52,1000,3.4,102,,23.1,22.2,43.1,50.3,50,
AL071991,DANNY,1991,Silver,61,0,52,998,2.06,66,,24.2,40.7,30.9,34.4,50,
AL071994,ERNESTO,1994,Silver,61,0,58,997,1.51,42,,30.9,42.4,24,23.2,50,
AL011995,ALLISON,1995,Silver,61,1,75,982,6.57,180,1,52.7,63.7,59.7,74.4,10.4,
AL201995,SEBASTIEN,1995,Silver,61,0,63,1001,2.13,66,,37.9,19.9,31.8,35.3,50,
AL031998,CHARLEY,1998,Silver,61,0,69,1000,0.85,18,20,47.4,21.4,17.1,14.6,54.5,
AL121998,LISA,1998,Silver,61,1,75,995,5.37,114,,52.3,44.9,54,55.3,50,
AL142002,Tropical Depression Fourteen,2002,Silver,61,-1,35,1002,0,0,,2.6,19,2.3,3.3,50,
AL072004,GASTON,2004,Silver,61,1,75,985,4.01,138,9,50.3,54.9,47.2,63,40.7,
AL152004,NICOLE,2004,Silver,61,0,52,986,1.37,42,,25.9,53.4,22.7,23.4,50,
AL042006,CHRIS,2006,Silver,61,0,63,1001,2.17,54,,38,20,32.2,30,50,
AL022007,BARRY,2007,Silver,61,0,58,990,2.1,78,3,33.6,49.6,31.4,40.6,19.9,
AL012009,ONE,2009,Silver,61,-1,35,1006,0,0,,3.3,11.9,9.7,0.1,50,
AL102011,TEN,2011,Silver,61,-1,35,1006,0,0,,3.7,12,7.2,4.4,50,
AL152011,NATE,2011,Silver,61,1,75,994,4.43,102,,51.2,46.1,49.8,49.3,50,
AL042013,DORIAN,2013,Silver,61,0,58,1002,3.06,102,,27.2,17.9,40.9,50.2,50,
AL072013,GABRIELLE,2013,Silver,61,0,63,1003,1.82,66,,42.1,16.6,28.1,34.7,50,
AL102015,IDA,2015,Silver,61,0,52,1001,3.15,120,,24.7,19.6,41.4,56.7,50,
AL032017,CINDY,2017,Silver,61,0,58,991,2.37,72,3,34.1,49.3,34.3,37.9,19,
AL252020,GAMMA,2020,Silver,61,1,75,978,2.77,66,,52.6,67.5,38.2,33.1,50,
AL012021,ANA,2021,Silver,61,0,58,1004,2.61,90,,33.4,14.1,36.8,47,50,
AL011857,Tropical Storm One,1857,Silver,60,0,58,,2,42,,28.1,36.9,30,24.4,50,
AL031869,Hurricane Three,1869,Silver,60,1,81,,1.96,18,,60.1,57.2,29.3,15.3,50,
AL011882,Hurricane One,1882,Silver,60,1,81,,2.45,24,,58.1,58.1,35.2,15.8,50,
AL041882,Tropical Storm Four,1882,Silver,60,0,58,1005,2.42,78,,32.8,13.8,34.8,41.4,50,
AL111887,Tropical Storm Eleven,1887,Silver,60,0,58,,2.05,54,,30.9,25.8,30.5,28.7,50,
AL021888,Tropical Storm Two,1888,Silver,60,0,58,,1.52,42,,31,36,24.2,25.2,50,
AL111893,Tropical Storm Eleven,1893,Silver,60,0,58,,1.97,54,,31.3,30.1,29.7,29.1,50,
AL041897,Tropical Storm Four,1897,Silver,60,0,46,,2.79,114,,14.4,33.2,38.4,54.2,50,
AL041900,Tropical Storm Four,1900,Silver,60,0,52,,2.06,66,,23.9,35.4,30.7,34.5,50,
AL011905,Tropical Storm One,1905,Silver,60,0,58,,1.28,30,,36.4,32,21.5,17.4,50,
AL091906,Tropical Storm Nine,1906,Silver,60,0,52,,2.14,72,,19.4,38.1,31.9,36.5,50,
AL051908,Tropical Storm Five,1908,Silver,60,0,52,,2.1,72,,19.2,37.7,31.5,38.8,50,
AL011909,Tropical Storm One,1909,Silver,60,0,46,,2.45,90,,15.5,37.5,35.4,46.3,50,
AL031912,Tropical Storm Three,1912,Silver,60,0,52,,2.1,72,,21.4,37.3,31.3,38.6,50,
AL021921,Hurricane Two,1921,Silver,60,1,81,,2.17,48,,56.4,61.6,32.3,27.3,50,
AL051922,Tropical Storm Five,1922,Silver,60,0,52,,2.07,72,,21.3,38.3,31,36.9,50,
AL031923,Tropical Storm Three,1923,Silver,60,0,52,,2.06,72,,21.3,39.1,30.8,37.1,50,
AL041933,Tropical Storm Four,1933,Silver,60,0,58,,1.47,42,,30,36.6,23.7,24.6,50,
AL081936,Hurricane Eight,1936,Silver,60,1,75,999,6.59,108,,49.9,23.8,59.8,53.6,50,
AL041939,Tropical Storm Four,1939,Silver,60,0,52,,2.35,90,,21.6,31.2,34,45.7,50,
AL101944,Tropical Storm Ten,1944,Silver,60,0,52,,1.66,54,,26.3,39.9,26.3,28.8,50,
AL021946,Hurricane Two,1946,Silver,60,1,81,1005,6.25,120,,59,13.2,58.2,56.6,50,
AL101948,Hurricane Ten,1948,Silver,60,1,75,990,3.46,60,,50.7,49.6,43.7,31.4,50,
AL051949,Tropical Storm Five,1949,Silver,60,0,58,,1.52,42,,27.7,39.2,24.4,23.3,50,
AL021956,ANNA,1956,Silver,60,1,86,991,1.84,30,,63.7,49.3,28.3,19.3,50,
AL011958,ALMA,1958,Silver,60,0,63,,1.22,24,,40.7,28.8,21,16.8,50,
AL041959,CINDY,1959,Silver,60,1,75,995,4.67,132,6,51.3,45.4,51.3,61.7,30.3,
AL071959,FLORA,1959,Silver,60,1,75,994,3.12,66,,51.1,46.7,41.3,36.1,50,
AL131964,Tropical Storm Thirteen,1964,Silver,60,0,58,1003,2.37,72,,33.1,17,34.4,37.3,50,
AL081966,HALLIE,1966,Silver,60,0,58,997,0.91,18,,33.4,41.5,18.1,14.5,50,
AL191967,FERN,1967,Silver,60,1,75,987,3.08,56,,51.9,53.1,41,30.2,50,
AL011968,ABBY,1968,Silver,60,1,75,992,5.32,120,6,52.4,48.2,53.7,57.2,29.9,
AL011971,ARLENE,1971,Silver,60,0,58,1000,2.44,72,,28.7,22.4,35.1,38,50,
AL171972,Tropical Depression Seventeen,1972,Silver,60,-1,35,1006,0,0,,6.8,11.6,1.4,4.8,50,
AL181973,Tropical Depression Eighteen,1973,Silver,60,-1,35,1006,0,0,,6.7,12,1.5,3.8,50,
AL201975,Tropical Depression Twenty,1975,Silver,60,-1,35,1004,0,0,,4.3,15.5,3.2,1.2,50,
AL221975,Tropical Depression Twenty-Two,1975,Silver,60,-1,35,1003,0,0,,3,16.9,3.2,0.7,50,
AL111977,Tropical Depression Eleven,1977,Silver,60,-1,35,,0,0,,5.1,8.9,5,7.1,50,
AL131977,EVELYN,1977,Silver,60,1,81,994,2.63,42,,58.8,46.6,37,23.5,50,
AL031978,Tropical Depression Three,1978,Silver,60,-1,35,,0,0,,7.2,8.5,2.7,8.9,50,
AL141978,Tropical Depression Fourteen,1978,Silver,60,-1,35,,0,0,,8.9,4.2,6.5,3.9,50,
AL201979,Tropical Depression Twenty,1979,Silver,60,-1,35,,0,0,,6.5,7,8.4,1.7,50,
AL031980,Tropical Depression Three,1980,Silver,60,-1,35,,0,0,,6.1,6.4,8.5,1.9,50,
AL091980,GEORGES,1980,Silver,60,1,81,993,2.81,42,,58.6,47.6,38.9,23.7,50,
AL201981,JOSE,1981,Silver,60,0,52,998,1.62,60,,24.6,40.9,25.5,31.4,50,
AL011982,ALBERTO,1982,Silver,60,1,86,985,2.06,36,,64.3,55.2,30.6,21.7,50,
AL051983,CHANTAL,1983,Silver,60,1,75,994,4.27,90,,49.8,45.9,48.8,46,50,
AL011984,Tropical Depression One,1984,Silver,60,-1,35,,0,0,,5.5,5.7,8,8.3,50,
AL101986,FRANCES,1986,Silver,60,1,86,1000,3.8,60,,64.6,23.2,46.2,31.6,50,
AL141988,Tropical Depression Fourteen,1988,Silver,60,-1,35,,0,0,,3.9,6.5,8.8,7.8,50,
AL041989,CHANTAL,1989,Silver,60,1,81,984,2.45,42,13,54.6,56,35.3,25,47.6,
AL011998,ALEX,1998,Silver,60,0,52,1002,2.84,108,,22.8,19.3,39.1,53.1,50,
AL021999,Tropical Depression Two,1999,Silver,60,-1,35,1004,0,0,,4.7,14.6,3.7,1.3,50,
AL182000,NADINE,2000,Silver,60,0,58,999,1.68,48,,35.4,24.9,26.6,26.4,50,
AL162001,NOEL,2001,Silver,60,1,75,986,3.53,66,,52.5,54.1,43.9,35.2,50,
AL242005,VINCE,2005,Silver,60,1,75,988,2.68,60,,51.8,52.3,37.4,32.2,50,
AL012007,ANDREA,2007,Silver,60,1,75,998,4,90,,52.3,41.5,47,46.5,50,
AL122007,KAREN,2007,Silver,60,1,75,988,3.62,90,,49.7,51.8,44.8,45.4,50,
AL172007,OLGA,2007,Silver,60,0,58,1003,1.51,48,40,34.7,17,24.1,27,64.5,
AL152010,MATTHEW,2010,Silver,60,0,58,998,1.51,45,,26.7,41,24,25.4,50,
AL052011,EMILY,2011,Silver,60,0,52,1003,2.3,126,,26.5,17.1,33.6,58.9,50,
AL112013,JERRY,2013,Silver,60,0,52,1005,3.28,138,,22.6,13.3,42.4,63.3,50,
AL052015,ERIKA,2015,Silver,60,0,52,1001,2.7,90,,25.6,19.7,37.6,45.8,50,
AL092015,NINE,2015,Silver,60,-1,35,1006,0,0,,7.5,11.2,0.3,5.6,50,
AL062016,FIONA,2016,Silver,60,0,52,1004,3.03,108,,24.7,15.6,40.6,52.5,50,
AL142020,MARCO,2020,Silver,60,1,75,991,3.43,72,,51.3,49.5,43.5,38,50,
AL082021,HENRI,2021,Silver,60,1,75,986,7.78,144,2,51.8,54.1,64.4,64.8,15.6,
AL122023,KATIA,2023,Silver,60,0,58,998,1.34,42,,29.1,40.1,22.4,22.5,50,
AL182023,RINA,2023,Silver,60,0,52,999,2.23,78,,26.1,25.1,32.9,40.9,50,
AL012024,ALBERTO,2024,Silver,60,0,52,992,1.67,66,,18.9,47.9,26.4,32.7,50,
AL192024,SARA,2024,Silver,60,0,52,997,1.98,74,,19,41.8,29.9,39.5,50,
AL122025,LORENZO,2025,Silver,60,0,58,1000,1.72,54,,37,21.8,27,27.8,50,
AL021851,Hurricane Two,1851,Bronze,59,1,92,,0.64,0,,67.3,56.3,14.7,10.8,50,
AL021854,Tropical Storm Two,1854,Bronze,59,0,69,,0.36,0,,49.2,25.3,11.3,0.3,50,
AL031855,Hurricane Three,1855,Bronze,59,1,81,,0.49,0,,60.5,56.5,12.6,0.2,50,
AL011858,Hurricane One,1858,Bronze,59,1,81,,0.49,0,,60.8,56.4,13.8,10.5,50,
AL021858,Hurricane Two,1858,Bronze,59,1,81,,0.49,0,,60.8,56.3,13.7,9.9,50,
AL031860,Hurricane Three,1860,Bronze,59,1,81,,0.49,0,,60.6,62.7,13.4,10.6,50,
AL041861,Hurricane Four,1861,Bronze,59,1,81,,0.49,0,,60.6,62.9,13.2,9.7,50,
AL071861,Tropical Storm Seven,1861,Bronze,59,0,58,,0.25,0,,36.9,38.4,11.1,10.4,50,
AL081861,Hurricane Eight,1861,Bronze,59,1,81,999,4.02,60,,61.4,25,47.4,32.3,50,
AL071863,Tropical Storm Seven,1863,Bronze,59,0,58,,1.32,30,,27.8,39.4,22,18.2,50,
AL041866,Hurricane Four,1866,Bronze,59,1,81,,0.49,0,,60.9,56.9,13.5,6.6,50,
AL081869,Tropical Storm Eight,1869,Bronze,59,0,69,,0.36,0,,43.3,32.5,11.4,10.7,50,
AL011870,Hurricane One,1870,Bronze,59,1,81,,0.49,0,,60,58.2,13.1,0.5,50,
AL021871,Tropical Storm Two,1871,Bronze,59,0,58,,1.96,54,,26.5,27.3,29.3,28.1,50,
AL011880,Tropical Storm One,1880,Bronze,59,0,46,,2.56,90,,14,35.1,36.3,46.9,50,
AL031882,Tropical Storm Three,1882,Bronze,59,0,58,,1.27,36,,34.3,27.5,21.5,20.5,50,
AL011890,Tropical Storm One,1890,Bronze,59,0,58,,1.24,30,,30.7,34.4,21.2,17.8,50,
AL011898,Hurricane One,1898,Bronze,59,1,81,,1.41,36,,55.9,59.5,23.1,20.2,50,
AL071899,Tropical Storm Seven,1899,Bronze,59,0,46,,2.72,96,,15.1,26.8,37.6,48.1,50,
AL041907,Tropical Storm Four,1907,Bronze,59,0,52,,2.35,66,,19.5,35.6,33.9,33,50,
AL101908,Tropical Storm Ten,1908,Bronze,59,0,40,,2.08,96,,12.3,37.6,31.1,48.9,50,
AL081909,Tropical Storm Eight,1909,Bronze,59,0,52,,1.62,84,,19.6,37.1,25.7,44.2,50,
AL021912,Tropical Storm Two,1912,Bronze,59,0,52,,2.23,90,,19.7,25.2,33,46.2,50,
AL041920,Tropical Storm Four,1920,Bronze,59,0,46,,2.09,78,,16.8,37.6,31.3,41.7,50,
AL011923,Tropical Storm One,1923,Bronze,59,0,58,1006,1.95,78,,34.4,11,29.2,41.8,50,
AL071933,Tropical Storm Seven,1933,Bronze,59,0,46,,2.04,96,,13.7,36.6,30.4,48.3,50,
AL031936,Hurricane Three,1936,Bronze,59,1,81,987,1.82,30,,58.7,52.9,28.1,17.5,50,
AL061940,Tropical Storm Six,1940,Bronze,59,0,52,1004,2.58,126,,21.6,14.4,36.5,59.8,50,
AL011942,Tropical Storm One,1942,Bronze,59,0,58,,0.98,48,,34,29.6,18.7,26,50,
AL011947,Tropical Storm One,1947,Bronze,59,0,52,,1.14,42,,26.2,39.8,20.3,23.4,50,
AL071949,Tropical Storm Seven,1949,Bronze,59,0,52,,1.12,38,,26.2,39.9,20.1,22,50,
AL151949,Tropical Storm Fifteen,1949,Bronze,59,0,52,,2.22,72,,25.4,26.3,32.7,37.5,50,
AL071955,GLADYS,1955,Bronze,59,1,75,996,1.91,42,,51,43.3,28.9,24.1,50,
AL051956,DORA,1956,Bronze,59,0,58,1000,1.92,54,,32.3,22.6,28.9,28.3,50,
AL041963,CINDY,1963,Bronze,59,0,63,996,1.85,42,3,39,43,28.4,24.3,20.8,
AL051963,DEBRA,1963,Bronze,59,1,75,999,5.28,108,,52,23.7,53.4,52.8,50,
AL091965,Tropical Storm Nine,1965,Bronze,59,0,63,1004,2,48,,38.6,14.8,30.1,27.6,50,
AL051974,Tropical Storm Five,1974,Bronze,59,0,58,1007,2.73,84,,31.4,9.6,37.7,43,50,
AL211974,Tropical Storm Twenty-One,1974,Bronze,59,0,58,1012,2.61,120,,32.2,0.6,36.9,57.5,50,
AL061976,ANNA,1976,Bronze,59,0,52,999,2.46,96,,19.8,24.3,35.4,48.4,50,
AL061977,BABE,1977,Bronze,59,1,75,995,2.31,48,,53.1,44.6,33.7,25.8,50,
AL121977,Tropical Depression Twelve,1977,Bronze,59,-1,35,,0,0,,5.2,8.1,5.1,7,50,
AL071979,Tropical Depression Seven,1979,Bronze,59,-1,35,,0,0,,9.1,5.2,4.1,2.1,50,
AL101979,Tropical Depression Ten,1979,Bronze,59,-1,35,,0,0,,9.2,5.1,4.2,2.2,50,
AL131979,Tropical Depression Thirteen,1979,Bronze,59,-1,35,,0,0,,9.3,3.8,4.3,2.2,50,
AL181979,Hurricane Eighteen,1979,Bronze,59,1,75,980,1.65,30,,53.3,65.7,26.2,19.3,50,
AL021980,Tropical Depression Two,1980,Bronze,59,-1,35,,0,0,,5.4,7.2,8.5,1.8,50,
AL081980,Tropical Depression Eight,1980,Bronze,59,-1,35,,0,0,,7.3,5.9,5.9,3.2,50,
AL021986,BONNIE,1986,Bronze,59,1,86,990,2.94,48,5,64.5,50.1,39.8,25.6,26.4,
AL081986,DANIELLE,1986,Bronze,59,0,58,1000,1.56,42,,36.8,23.2,24.8,24.7,50,
AL041988,DEBBY,1988,Bronze,59,1,75,987,1.63,30,,51.2,53.2,25.9,18.5,50,
AL161988,Tropical Depression Sixteen,1988,Bronze,59,-1,35,,0,0,,4,4.9,8.9,7.6,50,
AL171988,Tropical Depression Seventeen,1988,Bronze,59,-1,35,,0,0,,4,4.9,8.9,7.9,50,
AL191988,Tropical Depression Nineteen,1988,Bronze,59,-1,35,,0,0,,4.1,5.5,7.3,11,50,
AL061989,Tropical Depression Six,1989,Bronze,59,-1,35,,0,0,,3.7,6.2,5.7,11.1,50,
AL091993,HARVEY,1993,Bronze,59,1,75,990,1.96,36,,52.6,50.3,29.4,21.9,50,
AL061994,DEBBY,1994,Bronze,59,0,69,1006,1.36,24,,47.6,11.3,22.6,16.3,50,
AL031997,BILL,1997,Bronze,59,1,75,986,2.34,42,,52.2,53.5,33.8,24.9,50,
AL121999,Tropical Depression Twelve,1999,Bronze,59,-1,35,1007,0,0,,6.2,10.1,3.9,1.4,50,
AL092001,Tropical Depression Nine,2001,Bronze,59,-1,35,1005,0,0,,3.4,13,3.6,2.4,50,
AL062002,FAY,2002,Bronze,59,0,58,998,1.32,33,,28.7,40.5,22,19.9,50,
AL052003,DANNY,2003,Bronze,59,1,75,1000,4.56,84,,50.8,22.5,50.6,43.6,50,
AL082003,ERIKA,2003,Bronze,59,1,75,986,2.1,48,,51.1,53.4,31.4,26.8,50,
AL022004,BONNIE,2004,Bronze,59,0,63,1001,2.62,74,4,42.3,20.7,36.9,39.5,25.1,
AL052006,DEBBY,2006,Bronze,59,0,52,999,2.31,72,,22.1,24.5,33.7,38.3,50,
AL132007,LORENZO,2007,Bronze,59,1,81,990,1.48,18,,57.2,50.2,23.8,14.1,50,
AL022010,TWO,2010,Bronze,59,-1,35,1005,0,0,,5,12.2,2.2,4.6,50,
AL202010,SHARY,2010,Bronze,59,1,75,989,2.41,42,,50.8,51.2,34.8,23.7,50,
AL152012,OSCAR,2012,Bronze,59,0,52,994,1.46,42,,21.1,46.9,23.6,22.9,50,
AL072015,GRACE,2015,Bronze,59,0,58,1000,1.91,60,,29.4,21.3,28.8,31.1,50,
AL172019,OLGA,2019,Bronze,59,0,52,992,1.05,30,,23.3,48.6,19.1,17.7,50,
AL162020,NANA,2020,Bronze,59,1,75,994,2.52,54,,51.4,46,35.9,28.6,50,
AL042023,CINDY,2023,Bronze,59,0,58,1004,2.49,72,,27.6,14.2,35.7,37.3,50,
AL021864,Tropical Storm Two,1864,Bronze,58,0,69,,0.36,0,,42.6,25.5,11.4,11.3,50,
AL051865,Tropical Storm Five,1865,Bronze,58,0,69,,0.36,0,,42.7,26.1,11.2,9.8,50,
AL061865,Hurricane Six,1865,Bronze,58,1,81,,0.49,0,,53.5,60,13.4,9.8,50,
AL071870,Hurricane Seven,1870,Bronze,58,1,81,,0.49,0,,55.6,61.4,12.4,0.6,50,
AL041895,Tropical Storm Four,1895,Bronze,58,0,40,,2.08,124,,10.9,30.2,31.1,58.5,50,
AL061900,Tropical Storm Six,1900,Bronze,58,0,46,,2.36,102,,15.1,26.9,34.2,50.2,50,
AL031909,Tropical Storm Three,1909,Bronze,58,0,52,,1.83,74,,19.9,28.5,28.2,39.6,50,
AL061913,Hurricane Six,1913,Bronze,58,1,75,1003,2.22,48,,51.4,17.2,32.7,26.5,50,
AL091916,Tropical Storm Nine,1916,Bronze,58,0,52,,1.5,48,,21.4,38.7,23.9,26.7,50,
AL081924,Hurricane Eight,1924,Bronze,58,1,75,999,2.73,54,,50.5,23.9,37.7,29.3,50,
AL071927,Tropical Storm Seven,1927,Bronze,58,0,46,,2.07,90,,13.5,35.8,31,45.4,50,
AL201933,Tropical Storm Twenty,1933,Bronze,58,0,58,,1.15,30,,30.1,34.7,20.4,18.7,50,
AL061934,Tropical Storm Six,1934,Bronze,58,0,52,,1.74,60,,24.9,28.9,27.3,31.5,50,
AL041935,Tropical Storm Four,1935,Bronze,58,0,58,,1.36,36,,30,29,22.7,20.9,50,
AL021936,Tropical Storm Two,1936,Bronze,58,0,52,1000,2.03,60,,24.8,23.3,30.3,31.6,50,
AL091936,Tropical Storm Nine,1936,Bronze,58,0,58,,1.06,30,,30.2,33.8,19.3,17.1,50,
AL071942,Tropical Storm Seven,1942,Bronze,58,0,52,,1.86,66,,20.6,29.7,28.5,33.5,50,
AL111944,Tropical Storm Eleven,1944,Bronze,58,0,46,,1.81,66,,18,32.9,27.9,33.9,50,
AL051947,Tropical Storm Five,1947,Bronze,58,0,58,,0.86,24,,27.3,39.8,17.6,16.7,50,
AL071947,Tropical Storm Seven,1947,Bronze,58,0,58,,0.9,24,,27.3,39.7,18,16.9,50,
AL031949,Tropical Storm Three,1949,Bronze,58,0,46,,1.52,54,,18.5,39.3,24.3,29.4,50,
AL081951,GEORGE,1951,Bronze,58,0,58,999,1.65,42,,29.7,23.6,26.1,24.8,50,
AL081953,Tropical Storm Eight,1953,Bronze,58,0,52,1004,2.14,114,,21.2,14.2,32,55.3,50,
AL131953,Tropical Storm Thirteen,1953,Bronze,58,0,52,999,1.9,66,,23.7,24.7,28.8,33.8,50,
AL011959,ARLENE,1959,Bronze,58,0,63,993,2.11,54,1,40.8,47.3,31.6,28.1,3,
AL011960,Tropical Storm One,1960,Bronze,58,0,58,1000,1.06,30,,35.3,23.4,19.4,18.3,50,
AL101963,Tropical Storm Ten,1963,Bronze,58,0,58,1000,1.43,42,,32.8,21,23.3,24.3,50,
AL101968,Tropical Depression Ten,1968,Bronze,58,-1,35,,0,0,,8.9,3.5,0.3,10,50,
AL121969,EVE,1969,Bronze,58,0,52,995,1.33,42,,20.3,44.4,22.2,23,50,
AL191969,Tropical Depression Nineteen,1969,Bronze,58,-1,35,1007,0,0,,4.9,9,0.8,9.6,50,
AL241969,JENNY,1969,Bronze,58,0,46,1000,0.44,12,535,17.1,21.9,12.2,12.8,91.3,
AL031970,Tropical Depression Three,1970,Bronze,58,-1,35,1008,0,0,,9.9,2.8,0.9,7.4,50,
AL151976,Tropical Depression Fifteen,1976,Bronze,58,-1,35,,0,0,,5.2,4.5,4.5,11.2,50,
AL041979,BOB,1979,Bronze,58,1,75,986,2.1,36,1,53.2,53.6,31.5,21.9,8.7,
AL081979,Tropical Depression Eight,1979,Bronze,58,-1,35,,0,0,,9.2,3.2,4.2,2.1,50,
AL191979,Tropical Depression Nineteen,1979,Bronze,58,-1,35,,0,0,,6.5,3.7,8.3,1.7,50,
AL011981,Tropical Depression One,1981,Bronze,58,-1,35,,0,0,,4.4,6.8,6,5.3,50,
AL121981,Tropical Depression Twelve,1981,Bronze,58,-1,35,,0,0,,2.8,6.9,9.5,4.2,50,
AL051984,Tropical Storm Five,1984,Bronze,58,0,58,1000,1.47,42,,31.1,22.7,23.6,23.9,50,
AL021985,BOB,1985,Bronze,58,1,75,1002,2.85,66,5,50.5,18.2,39.2,35.8,29,
AL051987,BRET,1987,Bronze,58,0,52,1000,2.35,90,,19.2,23.4,33.9,45,50,
AL131987,FLOYD,1987,Bronze,58,1,75,993,3.66,84,1,51.7,47.9,45,43.8,4.3,
AL071988,FLORENCE,1988,Bronze,58,1,81,982,3.05,60,1,54.6,64.4,40.8,31.8,4.8,
AL111990,Tropical Depression Eleven,1990,Bronze,58,-1,35,,0,0,,6,4.7,7,2.9,50,
AL081992,Tropical Depression Eight,1992,Bronze,58,-1,35,1008,0,0,,6,2,5.5,11.3,50,
AL061993,DENNIS,1993,Bronze,58,0,52,1000,2.14,66,,24.6,22.1,32,32.7,50,
AL061998,FRANCES,1998,Bronze,58,0,63,990,1.64,48,2,37.9,49.5,25.9,27.1,11.3,
AL061999,EMILY,1999,Bronze,58,0,52,1004,2.42,90,,22,14,34.9,45.2,50,
AL022000,Tropical Depression Two,2000,Bronze,58,-1,35,1008,0,0,,9,2.1,4,6.3,50,
AL042000,Tropical Depression Four,2000,Bronze,58,-1,35,1009,0,0,,9,1.4,4,6.3,50,
AL092000,Tropical Depression Nine,2000,Bronze,58,-1,35,1008,0,0,,9.1,2.1,3.5,6.2,50,
AL032005,CINDY,2005,Bronze,58,1,75,991,1.52,30,6,51,49.4,24.2,18.6,31.6,
AL092007,HUMBERTO,2007,Bronze,58,1,92,985,1.81,30,1,66.7,54.5,28,18.1,8.2,
AL152007,FIFTEEN,2007,Bronze,58,0,52,996,1.05,30,,24.4,43.8,19.2,17.2,50,
AL052009,DANNY,2009,Bronze,58,0,58,1006,1.97,63,,35.1,10.8,29.6,32.6,50,
AL162010,NICOLE,2010,Bronze,58,0,46,994,1.33,48,,18.1,46.5,22.1,25.7,50,
AL062012,FLORENCE,2012,Bronze,58,0,58,1002,1.51,42,,35,18.3,24.1,22.8,50,
AL052018,ERNESTO,2018,Bronze,58,0,46,999,2.22,90,,16.9,25,32.8,44.7,50,
AL022019,BARRY,2019,Bronze,58,1,75,993,3.52,84,3,50.6,47.1,43.8,43.2,20.3,
AL182020,RENE,2020,Bronze,58,0,46,1001,2.04,108,,18.3,20.8,30.5,52.9,50,
AL142021,NICHOLAS,2021,Bronze,58,1,75,988,2.43,54,4,52.5,52.1,35,28.4,23.8,
AL041862,Tropical Storm Four,1862,Bronze,57,0,58,,0.25,0,,28.6,39.5,10.7,11.4,50,
AL011878,Tropical Storm One,1878,Bronze,57,0,46,,1.76,66,,17.9,30.3,27.4,33.2,50,
AL031907,Tropical Storm Three,1907,Bronze,57,0,52,,1.38,54,,19.5,37.9,22.8,28.8,50,
AL011917,Tropical Storm One,1917,Bronze,57,0,52,,1.54,54,,23,28.3,24.5,30,50,
AL011924,Tropical Storm One,1924,Bronze,57,0,46,,1.61,72,,17.6,28.4,25.4,37.1,50,
AL031925,Tropical Storm Three,1925,Bronze,57,0,52,,0.97,30,,25.2,38.9,18.5,17.2,50,
AL061927,Tropical Storm Six,1927,Bronze,57,0,46,,1.68,60,,13.8,38.8,26.6,30.7,50,
AL121934,Tropical Storm Twelve,1934,Bronze,57,0,46,,1.94,78,,14.2,31.6,29,42.2,50,
AL011935,Tropical Storm One,1935,Bronze,57,0,58,1006,1.75,54,,30.4,11.8,27.4,29.2,50,
AL081945,Tropical Storm Eight,1945,Bronze,57,0,58,1009,2.66,72,,26.9,1.7,37.2,37.7,50,
AL151950,Tropical Storm Fifteen,1950,Bronze,57,0,52,,1.17,36,,25.4,31.1,20.7,21.8,50,
AL111955,Tropical Storm Eleven,1955,Bronze,57,0,52,,1.65,54,,23.7,28.7,26,28.4,50,
AL011956,Tropical Storm One,1956,Bronze,57,0,58,1001,1.11,30,,32.3,20.7,20,19,50,
AL061956,ETHEL,1956,Bronze,57,0,58,999,1.23,36,,32.4,24.8,21.1,20.1,50,
AL051957,DEBBIE,1957,Bronze,57,0,40,1003,0.86,36,513,10.4,17.6,17.7,20,90.5,
AL121961,Tropical Storm Twelve,1961,Bronze,57,0,58,1004,1.72,48,,31.8,14.7,27.2,25.5,50,
AL091963,HELENA,1963,Bronze,57,0,52,1002,2.02,72,,24.3,18.2,30.3,38.9,50,
AL031967,Tropical Storm Three,1967,Bronze,57,0,52,1006,1.83,114,,22.2,11.7,28.2,55.2,50,
AL151969,Tropical Depression Fifteen,1969,Bronze,57,-1,35,,0,0,,4.9,8.7,0.7,9.6,50,
AL081971,CHLOE,1971,Bronze,57,0,58,1002,1.59,48,,28.8,17.8,25.2,26.2,50,
AL051972,Tropical Storm Five,1972,Bronze,57,0,46,998,1.18,48,,17.9,40.3,20.8,26,50,
AL181972,Tropical Depression Eighteen,1972,Bronze,57,-1,35,,0,0,,6.8,7.3,1.4,4.9,50,
AL161976,Tropical Depression Sixteen,1976,Bronze,57,-1,29,,0,0,,1.3,8.4,4.5,11.2,50,
AL181976,Tropical Depression Eighteen,1976,Bronze,57,-1,35,,0,0,,5.3,8.3,4.6,1.5,50,
AL081978,Tropical Depression Eight,1978,Bronze,57,-1,29,,0,0,,1.9,8.6,6.4,6.8,50,
AL031981,ARLENE,1981,Bronze,57,0,58,999,0.74,30,,33.9,23.8,15.9,17.6,50,
AL051981,Tropical Depression Five,1981,Bronze,57,-1,35,,0,0,,4.5,5.8,6.2,5.4,50,
AL091981,CINDY,1981,Bronze,57,0,58,1002,1.52,36,,33.8,18.9,24.3,21.1,50,
AL111981,Tropical Depression Eleven,1981,Bronze,57,-1,35,,0,0,,2.7,5,9.4,4.2,50,
AL011986,ANDREW,1986,Bronze,57,0,52,999,2.19,66,,19.3,23.6,32.4,35.7,50,
AL071987,CINDY,1987,Bronze,57,0,52,1000,2.03,78,,19.3,23.3,30.4,41.1,50,
AL061990,EDOUARD,1990,Bronze,57,0,46,1003,1.58,162,,15,17.5,25,70.6,50,
AL071992,DANIELLE,1992,Bronze,57,0,63,1001,2.86,84,2,38.7,20.6,39.3,42.9,13,
AL101993,Tropical Depression Ten,1993,Bronze,57,-1,35,1008,0,0,,6.6,1.9,5.5,9,50,
AL021994,Tropical Depression Two,1994,Bronze,57,-1,35,1015,0,0,,7.6,0.1,5.6,9.1,50,
AL141995,Tropical Depression Fourteen,1995,Bronze,57,-1,35,1008,0,0,,7.4,1.9,5.3,6.7,50,
AL032002,CRISTOBAL,2002,Bronze,57,0,52,999,1.57,48,,26.1,24.9,24.9,26.2,50,
AL112005,JOSE,2005,Bronze,57,0,58,998,0.45,12,,28.1,40.4,12.3,12.9,50,
AL192005,NINETEEN,2005,Bronze,57,-1,35,1006,0,0,,2.2,10.6,2.2,9.5,50,
AL212005,Tropical Storm Twenty-One,2005,Bronze,57,0,52,997,0.85,24,,22.9,42.8,17.4,17,50,
AL262005,ALPHA,2005,Bronze,57,0,52,998,0.65,18,,22.7,41.4,14.9,15.2,50,
AL282005,GAMMA,2005,Bronze,57,0,52,1002,1.33,120,,22.7,18.5,22.2,57.4,50,
AL082013,EIGHT,2013,Bronze,57,-1,35,1008,0,0,,8.6,2.5,0.6,10.3,50,
AL012015,ANA,2015,Bronze,57,0,58,998,2.56,78,2,29.3,41.3,36.2,40,12.1,
AL022015,BILL,2015,Bronze,57,0,58,997,1.06,24,9,29.4,41.9,19.3,16,41.1,
AL032019,THREE,2019,Bronze,57,-1,35,1013,0,0,,4.2,0.3,9.9,9.3,50,
AL062020,FAY,2020,Bronze,57,0,58,998,1.15,30,6,32.5,40.2,20.5,18.6,32.5,
AL212020,VICKY,2020,Bronze,57,0,52,1001,2.15,72,,20.9,20.8,32.1,37.8,50,
AL172021,ROSE,2021,Bronze,57,0,58,1004,1.43,54,,33.3,14.5,23.2,28.5,50,
AL031851,Tropical Storm Three,1851,Bronze,56,0,58,,0.25,0,,28,37.1,10.3,10.8,50,
AL011853,Tropical Storm One,1853,Bronze,56,0,58,,0.25,0,,28.4,37.8,11,1.6,50,
AL081863,Tropical Storm Eight,1863,Bronze,56,0,58,,0.91,18,,27.9,26,18.1,15.1,50,
AL051867,Tropical Storm Five,1867,Bronze,56,0,58,,0.25,0,,28.3,32.7,10.6,10.6,50,
AL011894,Tropical Storm One,1894,Bronze,56,0,40,,1.96,90,,10.9,27.1,29.4,44.6,50,
AL061895,Tropical Storm Six,1895,Bronze,56,0,40,,1.72,79,,12.1,30.1,27.1,42.4,50,
AL101898,Tropical Storm Ten,1898,Bronze,56,0,46,,1.66,66,,14.4,26.5,26.3,34.5,50,
AL051901,Tropical Storm Five,1901,Bronze,56,0,52,,1.25,42,,24,26.7,21.4,23.1,50,
AL071909,Tropical Storm Seven,1909,Bronze,56,0,52,,1.09,36,,19.6,37.2,19.5,21.7,50,
AL021913,Tropical Storm Two,1913,Bronze,56,0,46,,1.01,36,,16.5,37.5,18.9,21.4,50,
AL041919,Tropical Storm Four,1919,Bronze,56,0,46,,1.13,42,,16.8,38.2,20.2,22.6,50,
AL091923,Tropical Storm Nine,1923,Bronze,56,0,46,,1.58,66,,16.7,28.4,25.1,34.9,50,
AL111926,Tropical Storm Eleven,1926,Bronze,56,0,40,,1.47,66,,11.3,39,23.7,34.9,50,
AL101932,Tropical Storm Ten,1932,Bronze,56,0,46,,1.45,54,,15.3,32.3,23.4,28,50,
AL091942,Tropical Storm Nine,1942,Bronze,56,0,52,1000,1.66,60,,20.7,22.1,26.2,31.1,50,
AL011954,Tropical Storm One,1954,Bronze,56,0,52,1005,1.98,72,,23.8,13.1,29.9,38.2,50,
AL101959,IRENE,1959,Bronze,56,0,46,1000,0.69,24,64,16.6,21.1,15,15.9,72.3,
AL141966,Tropical Depression Fourteen,1966,Bronze,56,-1,35,,0,0,,6.3,8.8,0.6,3.2,50,
AL011967,Tropical Depression One,1967,Bronze,56,-1,29,1004,0,0,,1.1,15.1,1.1,2.6,50,
AL181967,EDITH,1967,Bronze,56,0,52,1000,1.38,48,,22.2,21.6,22.8,27.4,50,
AL121972,Tropical Storm Twelve,1972,Bronze,56,0,52,1000,1.49,48,,25.8,22,23.8,26.1,50,
AL071974,ALMA,1974,Bronze,56,0,58,1007,1.6,42,,31.5,9.2,25.4,23.6,50,
AL191976,Tropical Depression Nineteen,1976,Bronze,56,-1,35,,0,0,,5.3,4.6,4.6,4,50,
AL201976,Tropical Depression Twenty,1976,Bronze,56,-1,35,,0,0,,5.4,5.4,4.7,4.1,50,
AL201978,JULIET,1978,Bronze,56,0,52,1006,2.39,72,,20.6,11.2,34.7,38.5,50,
AL021979,ANA,1979,Bronze,56,0,58,1005,0.82,24,,35.6,13.2,16.7,16,50,
AL171980,Tropical Depression Seventeen,1980,Bronze,56,-1,35,,0,0,,2.9,6.9,6,4.9,50,
AL041981,Tropical Depression Four,1981,Bronze,56,-1,35,,0,0,,4.4,4.4,6.1,5.4,50,
AL071981,Tropical Depression Seven,1981,Bronze,56,-1,35,,0,0,,4.5,3.9,6.2,5.5,50,
AL151984,ISIDORE,1984,Bronze,56,0,58,999,3.62,102,1,32.2,23.7,44.8,49.8,3.5,
AL131988,Tropical Depression Thirteen,1988,Bronze,56,-1,29,,0,0,,0.6,6.5,8.7,7.8,50,
AL011989,Tropical Depression One,1989,Bronze,56,-1,29,,0,0,,0.7,5.4,7.4,11,50,
AL031989,BARRY,1989,Bronze,56,0,52,1005,1.77,60,,23.3,13.4,27.6,30.5,50,
AL011991,ANA,1991,Bronze,56,0,52,1000,1.25,36,,24.2,23,21.4,21.4,50,
AL031992,Tropical Depression Three,1992,Bronze,56,-1,35,1015,0,0,,5.9,0.1,5.4,11.4,50,
AL071996,GUSTAV,1996,Bronze,56,0,46,1005,2.36,102,,14.3,13.7,34.1,51.3,50,
AL071999,Tropical Depression Seven,1999,Bronze,56,-1,35,1006,0,0,,2.9,11,3.8,1.3,50,
AL072002,Tropical Depression Seven,2002,Bronze,56,-1,35,1013,0,0,,9.7,0.4,2.3,4.7,50,
AL032003,BILL,2003,Bronze,56,0,58,997,1.39,36,4,26.7,42.6,22.9,21.6,24.7,
AL102004,Tropical Depression Ten,2004,Bronze,56,-1,35,1009,0,0,,9.8,1.5,0.1,7.1,50,
AL022006,Tropical Storm Two,2006,Bronze,56,0,52,998,0.65,18,,22.1,41.4,14.8,15.2,50,
AL132013,LORENZO,2013,Bronze,56,0,52,1000,1.62,54,,22.6,21.4,25.5,29,50,
AL082015,HENRI,2015,Bronze,56,0,52,1003,1.65,54,,25.7,16.6,26,30.2,50,
AL112016,JULIA,2016,Bronze,56,0,52,1007,2.29,78,,21.9,9.5,33.5,41.3,50,
AL032021,CLAUDETTE,2021,Bronze,56,0,46,1003,2.09,114,14,14.6,16.8,31.2,54.1,49.8,
AL132021,MINDY,2021,Bronze,56,0,58,1000,0.45,12,23,30.2,21.8,12.3,13,57.6,
AL162021,PETER,2021,Bronze,56,0,52,1005,1.78,54,,25.1,12.4,27.6,28.6,50,
AL112024,JOYCE,2024,Bronze,56,0,52,1001,1.69,54,,18.9,20.9,26.7,29.5,50,
AL152024,NADINE,2024,Bronze,56,0,58,1002,0.69,18,,37,17.7,15.1,15,50,
AL051853,Tropical Storm Five,1853,Bronze,55,0,58,,0.25,0,,28.5,28.6,10.8,2.5,50,
AL011865,Tropical Storm One,1865,Bronze,55,0,58,,0.25,0,,28.2,26.2,10.8,6.4,50,
AL091869,Tropical Storm Nine,1869,Bronze,55,0,58,,0.25,0,,27,32.5,10.4,0.4,50,
AL011873,Tropical Storm One,1873,Bronze,55,0,46,,0.96,30,,18,32.3,18.3,18.3,50,
AL021881,Tropical Storm Two,1881,Bronze,55,0,46,,1.6,57,,14,27.6,25.3,30.4,50,
AL031887,Tropical Storm Three,1887,Bronze,55,0,40,,1.1,49,,11.8,30.8,19.9,27.7,50,
AL081899,Tropical Storm Eight,1899,Bronze,55,0,46,,1.13,42,,17.2,26.7,20.3,23,50,
AL011901,Tropical Storm One,1901,Bronze,55,0,40,,0.98,45,,11.9,39.6,18.7,25.3,50,
AL051909,Tropical Storm Five,1909,Bronze,55,0,46,1004,1.46,78,,16.3,15.4,23.5,40.2,50,
AL021910,Tropical Storm Two,1910,Bronze,55,0,46,,0.85,30,,16,37,17,19.4,50,
AL021925,Tropical Storm Two,1925,Bronze,55,0,40,,0.86,36,,10.7,39,17.5,20.6,50,
AL161933,Tropical Storm Sixteen,1933,Bronze,55,0,46,,1.09,42,,14.5,34.2,19.7,25.1,50,
AL061941,Tropical Storm Six,1941,Bronze,55,0,52,1004,1.58,54,,21.7,14,25.1,29.8,50,
AL021945,Tropical Storm Two,1945,Bronze,55,0,40,,0.98,42,,12.6,32.8,18.6,23.8,50,
AL041948,Tropical Storm Four,1948,Bronze,55,0,58,1007,1.4,36,,26.8,10.2,23,21.2,50,
AL081950,HOW,1950,Bronze,55,0,46,,1.57,60,,15.7,26.4,24.8,30.4,50,
AL081952,Tropical Storm Eight,1952,Bronze,55,0,46,,1.13,42,,15.4,27.5,20.2,24.8,50,
AL051955,Tropical Storm Five,1955,Bronze,55,0,52,1004,1.22,42,,23.9,15.8,20.9,24.1,50,
AL101956,Tropical Storm Ten,1956,Bronze,55,0,46,,0.76,24,,17.3,35,16,15.8,50,
AL121956,Tropical Storm Twelve,1956,Bronze,55,0,46,,1.17,42,,14.8,28.8,20.7,24.2,50,
AL061959,EDITH,1959,Bronze,55,0,58,1007,0.82,24,,32.6,9.8,16.7,15.7,50,
AL041964,BRENDA,1964,Bronze,55,0,52,1006,1.7,48,,22.4,10.7,26.9,27.6,50,
AL241967,Tropical Depression Twenty-Four,1967,Bronze,55,-1,35,1006,0,0,,3.5,10.5,1.3,2.9,50,
AL021970,BECKY,1970,Bronze,55,0,63,1003,2.38,60,1,41.9,17.3,34.7,31.2,5.2,
AL031972,Tropical Storm Three,1972,Bronze,55,0,52,1007,1.98,66,,19,9.2,29.8,33,50,
AL151972,Tropical Depression Fifteen,1972,Bronze,55,-1,35,1009,0,0,,7.5,1.4,3.5,4.1,50,
AL191972,DELTA,1972,Bronze,55,0,46,1001,1.65,60,,13.9,20.5,26.1,32.4,50,
AL021977,Tropical Depression Two,1977,Bronze,55,-1,35,,0,0,,5,4,4.8,4.6,50,
AL041977,Tropical Depression Four,1977,Bronze,55,-1,35,,0,0,,5.1,3.8,4.9,4.5,50,
AL081977,Tropical Depression Eight,1977,Bronze,55,-1,29,,0,0,,1.5,8.5,4.9,6.9,50,
AL091977,Tropical Depression Nine,1977,Bronze,55,-1,29,,0,0,,1.5,8.4,5,7,50,
AL141977,FRIEDA,1977,Bronze,55,0,58,1005,0.77,18,,33,13.8,16.1,14,50,
AL021981,Tropical Depression Two,1981,Bronze,55,-1,29,,0,0,,1.8,6.7,6.1,5.3,50,
AL081981,Tropical Depression Eight,1981,Bronze,55,-1,35,,0,0,,2.7,5,6.3,7.4,50,
AL061984,ARTHUR,1984,Bronze,55,0,52,1004,1.3,48,,24.5,15.3,21.9,25.7,50,
AL181988,Tropical Depression Eighteen,1988,Bronze,55,-1,29,,0,0,,0.7,4.8,7.3,10.9,50,
AL091989,Tropical Depression Nine,1989,Bronze,55,-1,29,,0,0,,0.8,5.5,5.8,10.9,50,
AL011992,Tropical Storm One,1992,Bronze,55,0,52,1002,1.09,30,,24.1,18.7,19.8,18,50,
AL061997,Tropical Depression Six,1997,Bronze,55,-1,35,1008,0,0,,6.2,2.6,3.7,5.7,50,
AL091997,GRACE,1997,Bronze,55,0,46,999,1.34,54,,15.2,24.1,22.4,27.9,50,
AL101999,HARVEY,1999,Bronze,55,0,58,994,1.89,48,0,33.5,45.8,28.7,27.3,0.9,
AL092003,Tropical Depression Nine,2003,Bronze,55,-1,35,1007,0,0,,2.4,9.9,2.5,4.7,50,
AL142003,Tropical Depression Fourteen,2003,Bronze,55,-1,35,1007,0,0,,2.5,10,2.6,4.8,50,
AL192012,TONY,2012,Bronze,55,0,52,1000,1.46,48,,21,21.5,23.5,26.6,50,
AL052014,DOLLY,2014,Bronze,55,0,52,1000,0.93,30,,24.5,22.8,18.2,18.4,50,
AL032015,CLAUDETTE,2015,Bronze,55,0,52,1003,1.25,36,,25.6,17.2,21.3,20.2,50,
AL072019,FERNAND,2019,Bronze,55,0,52,1000,0.85,27.5,,23.5,21.7,17,17.1,50,
AL122020,KYLE,2020,Bronze,55,0,52,1000,1.09,36,,21,23.5,19.6,20.7,50,
AL021853,Tropical Storm Two,1853,Bronze,54,0,46,,0.16,0,,18.6,37.8,10.2,2.5,50,
AL071853,Tropical Storm Seven,1853,Bronze,54,0,58,,0.25,0,,27.8,25.4,11,6.5,50,
AL041856,Tropical Storm Four,1856,Bronze,54,0,58,,0.25,0,,28.9,25.4,10.3,0.1,50,
AL021865,Tropical Storm Two,1865,Bronze,54,0,58,,0.25,0,,28.2,25.6,10.9,6.5,50,
AL061926,Tropical Storm Six,1926,Bronze,54,0,40,,0.86,36,,10.7,35.7,17.6,20.5,50,
AL091926,Tropical Storm Nine,1926,Bronze,54,0,40,,0.86,36,,11.2,36.1,17.5,21,50,
AL041934,Tropical Storm Four,1934,Bronze,54,0,40,,1.1,48,,12,29,19.8,27.2,50,
AL031952,Tropical Storm Three,1952,Bronze,54,0,52,1000,0.57,12,,25.5,21.2,14.1,13.1,50,
AL091956,Tropical Storm Nine,1956,Bronze,54,0,46,1002,1.22,48,,17.3,18.5,21,27.5,50,
AL081960,Tropical Storm Eight,1960,Bronze,54,0,46,,0.69,24,,17.6,31,15.2,16.8,50,
AL081964,FLORENCE,1964,Bronze,54,0,46,1003,1.7,66,,13.6,17.4,26.8,33.5,50,
AL051966,ELLA,1966,Bronze,54,0,46,1008,2.23,96,,13.7,2.7,32.9,47.4,50,
AL071966,GRETA,1966,Bronze,54,0,52,1004,1.25,42,,22.3,15,21.3,24.2,50,
AL121966,Tropical Storm Twelve,1966,Bronze,54,0,46,1004,1.81,66,,13.3,15.6,27.9,33.6,50,
AL161967,Tropical Storm Sixteen,1967,Bronze,54,0,46,1004,1.62,66,,14.7,16.2,25.7,34.3,50,
AL171967,Tropical Depression Seventeen,1967,Bronze,54,-1,35,,0,0,,6.3,5.1,1.2,2.7,50,
AL051969,Tropical Depression Five,1969,Bronze,54,-1,35,,0,0,,4.8,3,2.1,10.1,50,
AL121971,Tropical Depression Twelve,1971,Bronze,54,-1,35,,0,0,,2,8.1,1.9,7.3,50,
AL191971,JANICE,1971,Bronze,54,0,52,1005,1.5,54,,19.1,12.6,23.9,30.1,50,
AL201971,Tropical Depression Twenty,1971,Bronze,54,-1,35,,0,0,,2.1,8,1.9,6.9,50,
AL081974,Tropical Depression Eight,1974,Bronze,54,-1,35,1010,0,0,,6.7,1.1,1.6,8.1,50,
AL191975,HALLIE,1975,Bronze,54,0,52,1002,1.05,30,,20,18.6,19.2,19.1,50,
AL081976,DOTTIE,1976,Bronze,54,0,52,996,1.01,36,4,19.8,43.1,18.9,20.4,26,
AL131976,Tropical Depression Thirteen,1976,Bronze,54,-1,29,,0,0,,1.3,4.6,4.4,11.1,50,
AL031977,Tropical Depression Three,1977,Bronze,54,-1,29,,0,0,,1.4,8.6,4.8,4.4,50,
AL011978,Tropical Storm One,1978,Bronze,54,0,46,1002,1.7,66,,13.6,17.8,26.8,34.2,50,
AL021978,Tropical Depression Two,1978,Bronze,54,-1,29,,0,0,,1,8.8,2.6,9.3,50,
AL041978,AMELIA,1978,Bronze,54,0,52,1005,0.49,12,33,22.5,12.8,13.7,12.5,60.6,
AL051978,BESS,1978,Bronze,54,0,52,1005,1.17,36,,22.5,12.8,20.6,20.8,50,
AL091978,DEBRA,1978,Bronze,54,0,58,1000,0.41,6,,27.4,22.4,12.1,12,50,
AL191978,IRMA,1978,Bronze,54,0,52,1001,1.05,30,,20.5,19.5,19.1,19.7,50,
AL011980,Tropical Depression One,1980,Bronze,54,-1,29,,0,0,,1.2,6.7,8.4,1.8,50,
AL151980,Tropical Depression Fifteen,1980,Bronze,54,-1,29,,0,0,,1.7,7,5.9,3.3,50,
AL021989,ALLISON,1989,Bronze,54,0,52,999,0.93,30,11,23.2,24.4,18.3,18,43.3,
AL131989,Tropical Depression Thirteen,1989,Bronze,54,-1,35,,0,0,,3.8,4.7,5.8,3,50,
AL021991,Tropical Depression Two,1991,Bronze,54,-1,35,,0,0,,3.5,2.9,7.1,2.8,50,
AL051991,Tropical Depression Five,1991,Bronze,54,-1,35,,0,0,,3.6,3,7.2,2.7,50,
AL021997,ANA,1997,Bronze,54,0,46,1000,1.34,54,,14.5,21.1,22.5,29,50,
AL041997,CLAUDETTE,1997,Bronze,54,0,46,1003,1.57,66,,14.3,16.5,24.9,35.4,50,
AL081997,FABIAN,1997,Bronze,54,0,46,1004,1.63,72,,15.2,14.1,25.8,37,50,
AL122001,JERRY,2001,Bronze,54,0,52,1004,1.22,36,,20.4,15.5,20.8,22,50,
AL112002,JOSEPHINE,2002,Bronze,54,0,58,1004,0.86,30,,26.6,14.3,17.7,19.4,50,
AL082007,INGRID,2007,Bronze,54,0,46,1002,1.3,54,,17,18.4,21.7,30.1,50,
AL062009,ERIKA,2009,Bronze,54,0,52,1004,1.3,42,,21.1,16.1,21.7,25.1,50,
AL082009,EIGHT,2009,Bronze,54,-1,35,1008,0,0,,3.4,2.8,9.8,0.2,50,
AL052013,ERIN,2013,Bronze,54,0,46,1006,1.55,66,,18.4,10.5,24.7,34.7,50,
AL062013,FERNAND,2013,Bronze,54,0,58,1001,0.66,12,,27.5,19.7,15,12.4,50,
AL112020,JOSEPHINE,2020,Bronze,54,0,46,1004,1.54,60,,17.5,14.5,24.6,30.6,50,
AL192023,SEAN,2023,Bronze,54,0,46,1005,1.34,72,,16.3,12.7,22.3,39,50,
AL072024,GORDON,2024,Bronze,54,0,46,1004,1.25,48,,18.7,14.9,21.2,27.1,50,
AL081867,Tropical Storm Eight,1867,Bronze,53,0,46,,0.16,0,,15.9,32.6,10.2,10.7,50,
AL081898,Tropical Storm Eight,1898,Bronze,53,0,52,1008,1.3,42,,24.1,2.2,21.8,23.2,50,
AL061924,Tropical Storm Six,1924,Bronze,53,0,46,1005,1.41,54,,15.3,13.5,23.2,29.2,50,
AL091931,Tropical Storm Nine,1931,Bronze,53,0,46,,0.85,30,,15.6,25.6,17.2,18.8,50,
AL101933,Tropical Storm Ten,1933,Bronze,53,0,40,,0.49,18,,11.5,34.3,13.3,14.3,50,
AL041936,Tropical Storm Four,1936,Bronze,53,0,46,,0.73,24,,14.1,31.7,15.3,16.5,50,
AL121936,Tropical Storm Twelve,1936,Bronze,53,0,40,,0.49,18,,10.4,33.8,12.8,14.9,50,
AL101937,Tropical Storm Ten,1937,Bronze,53,0,46,1002,0.97,38,,18.3,17.9,18.5,22.1,50,
AL051938,Tropical Storm Five,1938,Bronze,53,0,40,,0.49,18,,12.6,31.8,13.5,13.9,50,
AL071945,Tropical Storm Seven,1945,Bronze,53,0,40,,0.49,18,,10.1,33.4,12.9,15,50,
AL011946,Tropical Storm One,1946,Bronze,53,0,40,,0.86,36,,12.4,27.9,17.4,21.3,50,
AL071946,Tropical Storm Seven,1946,Bronze,53,0,46,1002,0.73,24,,18.8,19.3,15.2,16.7,50,
AL141950,MIKE,1950,Bronze,53,0,46,,0.85,30,,15.7,27,16.9,19.5,50,
AL031964,ABBY,1964,Bronze,53,0,69,1000,0.84,18,0,48.3,22.7,16.8,14.4,0,
AL271967,Tropical Storm Twenty-Seven,1967,Bronze,53,0,52,1006,0.97,30,,20.3,10.6,18.4,19.1,50,
AL151968,Tropical Depression Fifteen,1968,Bronze,53,-1,35,,0,0,,4.8,3.5,0.4,10.2,50,
AL071970,Tropical Depression Seven,1970,Bronze,53,-1,35,,0,0,,2.3,7.9,1,7.5,50,
AL161970,GRETA,1970,Bronze,53,0,46,1003,0.89,30,,17.2,17.1,17.9,17.4,50,
AL211970,Tropical Storm Twenty-One,1970,Bronze,53,0,46,,0.85,30,,15.5,27.4,17.1,18.5,50,
AL091972,Tropical Depression Nine,1972,Bronze,53,-1,29,,0,0,,1,8.3,2,3.9,50,
AL131973,Tropical Depression Thirteen,1973,Bronze,53,-1,35,1009,0,0,,6.6,1.8,1.5,3.7,50,
AL111974,Tropical Depression Eleven,1974,Bronze,53,-1,35,1011,0,0,,5.7,0.9,1.7,6,50,
AL051975,Tropical Storm Five,1975,Bronze,53,0,46,1000,0.57,18,,18.4,21.9,14.2,13.7,50,
AL101975,Tropical Depression Ten,1975,Bronze,53,-1,35,,0,0,,3.2,4.8,3,1,50,
AL011977,Tropical Depression One,1977,Bronze,53,-1,29,,0,0,,1.4,4,4.7,4.5,50,
AL011990,Tropical Depression One,1990,Bronze,53,-1,29,,0,0,,0.8,5.6,7,2.4,50,
AL041991,Tropical Depression Four,1991,Bronze,53,-1,35,1009,0,0,,3.6,1.7,7.1,3,50,
AL091991,FABIAN,1991,Bronze,53,0,46,1002,1.08,36,,14.8,18.8,19.5,21.3,50,
AL021993,ARLENE,1993,Bronze,53,0,40,1000,0.49,21,26,12,22.2,13,15.5,58,
AL031994,BERYL,1994,Bronze,53,0,58,999,0.82,18,5,30.8,24.8,16.8,13.6,28.1,
AL111996,KYLE,1996,Bronze,53,0,52,1001,0.53,12,,21.5,19.9,14,12.7,50,
AL011997,Tropical Storm One,1997,Bronze,53,0,52,1003,0.81,24,,21.5,16.9,16.3,16.6,50,
AL092002,HANNA,2002,Bronze,53,0,58,1001,1.81,57,3,26.8,19.6,28,30.3,17.7,
AL182003,MINDY,2003,Bronze,53,0,46,1002,0.85,30,,18.1,19.4,17.2,19.7,50,
AL222005,TAMMY,2005,Bronze,53,0,52,1001,0.81,24,11,22.9,20.2,16.6,17,42.4,
AL232005,TWENTY-TWO,2005,Bronze,53,0,46,1005,1.36,48,,17.4,12.5,22.6,26.3,50,
AL022009,ANA,2009,Bronze,53,0,40,1003,0.86,90,,13.1,16.7,17.8,45.6,50,
AL102009,HENRI,2009,Bronze,53,0,52,1005,1.22,42,,20.2,12.4,20.9,22.7,50,
AL052010,FIVE,2010,Bronze,53,-1,35,1007,0,0,,2.5,9.1,0.1,1.5,50,
AL202011,Tropical Storm Twenty,2011,Bronze,53,0,46,1002,0.85,30,,17.8,18.1,16.9,19.6,50,
AL162012,PATTY,2012,Bronze,53,0,46,1005,1.09,42,,17.7,13.4,19.7,22.9,50,
AL022014,TWO,2014,Bronze,53,-1,35,1012,0,0,,7.2,0.5,0.7,8.1,50,
AL022017,BRET,2017,Bronze,53,0,52,1007,0.89,33,,22,9.5,18,20,50,
AL052017,DON,2017,Bronze,53,0,52,1005,0.77,24,,21.8,13.6,16.2,16.3,50,
AL052020,EDOUARD,2020,Bronze,53,0,46,1005,1.33,48,,16.6,12.3,22.1,26.9,50,
AL102020,TEN,2020,Bronze,53,-1,35,1008,0,0,,3.8,2.3,2.7,7.7,50,
AL032022,COLIN,2022,Bronze,53,0,40,1011,0.37,12.5,305,11.4,0.8,11.7,13.3,88.3,
AL112022,ELEVEN,2022,Bronze,53,-1,35,1008,0,0,,2.2,2.7,9.6,0.5,50,
AL022023,ARLENE,2023,Bronze,53,0,40,998,0.49,18,,10.2,40,12.5,14.5,50,
AL011899,Tropical Storm One,1899,Bronze,52,0,40,,0.49,21,,11.9,26.9,13.1,15.5,50,
AL011922,Tropical Storm One,1922,Bronze,52,0,52,1006,0.81,24,,21.2,11.1,16.4,16.2,50,
AL041931,Tropical Storm Four,1931,Bronze,52,0,40,,0.49,18,,11.4,25.7,13.3,14.6,50,
AL051931,Tropical Storm Five,1931,Bronze,52,0,46,,0.53,18,,13.8,25.7,13.8,14.7,50,
AL071936,Tropical Storm Seven,1936,Bronze,52,0,40,1009,1.59,72,,11.5,1.6,25.2,37.5,50,
AL161936,Tropical Storm Sixteen,1936,Bronze,52,0,40,,0.74,30,,10.5,27.2,15.8,19.6,50,
AL081938,Tropical Storm Eight,1938,Bronze,52,0,40,1004,0.86,36,,12.5,15.2,17.8,20.7,50,
AL031946,Tropical Storm Three,1946,Bronze,52,0,40,,0.49,19,,13.2,28.6,12.7,15.4,50,
AL021948,Tropical Storm Two,1948,Bronze,52,0,40,,0.37,12,,13.2,27.9,11.6,12.5,50,
AL091954,Tropical Storm Nine,1954,Bronze,52,0,46,1004,0.85,30,,14.9,15.7,17.3,19.5,50,
AL111954,Tropical Storm Eleven,1954,Bronze,52,0,46,1004,0.85,30,,15,15.7,17.3,18.9,50,
AL151966,KENDRA,1966,Bronze,52,0,40,,0.49,18,,11.1,28.5,12.4,14.8,50,
AL151967,Tropical Depression Fifteen,1967,Bronze,52,-1,35,1012,0,0,,6.4,0.5,1.2,2.8,50,
AL211967,GINGER,1967,Bronze,52,0,52,1011,1.17,36,,22.3,0.8,20.6,21.6,50,
AL031969,Tropical Depression Three,1969,Bronze,52,-1,29,,0,0,,1.6,3.6,0.5,10.2,50,
AL101970,Tropical Storm Ten,1970,Bronze,52,0,46,1006,1.09,42,,17.1,10.9,19.6,23.8,50,
AL201970,Tropical Depression Twenty,1970,Bronze,52,-1,35,1008,0,0,,4.6,1.8,1.7,5.2,50,
AL071971,Tropical Storm Seven,1971,Bronze,52,0,46,1002,0.41,12,,16.2,17.6,12.1,12.6,50,
AL061972,Tropical Depression Six,1972,Bronze,52,-1,35,1008,0,0,,3.3,2.6,2,4,50,
AL061973,ALFA,1973,Bronze,52,0,46,1005,0.97,36,,15.6,13.9,18.4,20.9,50,
AL061975,Tropical Depression Six,1975,Bronze,52,-1,35,1009,0,0,,3.1,1.2,2.9,5.6,50,
AL091975,Tropical Depression Nine,1975,Bronze,52,-1,35,,0,0,,3.2,4.2,2.9,1,50,
AL021976,Tropical Depression Two,1976,Bronze,52,-1,35,,0,0,,3,4.5,3.3,0.7,50,
AL031976,Tropical Depression Three,1976,Bronze,52,-1,35,,0,0,,3.1,4.4,3.3,0.8,50,
AL121976,Tropical Depression Twelve,1976,Bronze,52,-1,29,,0,0,,1.2,5.6,4.4,0.9,50,
AL221978,Tropical Depression Twenty-Two,1978,Bronze,52,-1,29,,0,0,,0.1,3.1,6.7,5.9,50,
AL241978,Tropical Depression Twenty-Four,1978,Bronze,52,-1,29,,0,0,,0.2,3.1,6.8,5.9,50,
AL031979,Tropical Depression Three,1979,Bronze,52,-1,29,,0,0,,0.2,4.3,6.9,2,50,
AL121979,ELENA,1979,Bronze,52,0,40,1004,0.98,42,,10.1,16.3,18.6,22.7,50,
AL131984,GUSTAV,1984,Bronze,52,0,52,1006,0.61,12,,23.6,11.9,14.6,12.4,50,
AL101991,Tropical Depression Ten,1991,Bronze,52,-1,29,1009,0,0,,0.9,1.3,5.3,9.9,50,
AL011993,Tropical Storm One,1993,Bronze,52,0,40,999,0.37,12,,11.6,24.5,11.8,12.2,50,
AL041993,CINDY,1993,Bronze,52,0,46,1007,1.14,48,,13.4,9.3,20.4,26.4,50,
AL052000,BERYL,2000,Bronze,52,0,52,1007,0.89,24,,20.4,10,17.9,16.1,50,
AL022002,BERTHA,2002,Bronze,52,0,40,1007,0.25,6,50,12.4,10.3,10.5,11.8,68.8,
AL052004,EARL,2004,Bronze,52,0,52,1009,0.77,24,,26.4,1.6,16.1,16.6,50,
AL072005,GERT,2005,Bronze,52,0,46,1005,0.53,18,,18.8,13.6,14,14,50,
AL072007,GABRIELLE,2007,Bronze,52,0,58,1004,1.54,48,1,33.9,15.8,24.6,26.3,7.4,
AL012008,ARTHUR,2008,Bronze,52,0,46,1004,0.77,30,,17.8,16.1,16.2,17.3,50,
AL062011,FRANKLIN,2011,Bronze,52,0,46,1004,0.69,24,,18.2,15.2,15.1,16.5,50,
AL112011,JOSE,2011,Bronze,52,0,46,1006,1.13,42,,16.5,11.5,20.1,22.8,50,
AL022013,BARRY,2013,Bronze,52,0,46,1003,0.76,24,,18.5,16.7,16,16.4,50,
AL062019,ERIN,2019,Bronze,52,0,40,1002,0.74,48,,11.8,19.2,15.6,25.6,50,
AL042020,DOLLY,2020,Bronze,52,0,46,1000,0.57,18,,16.7,22.3,14.2,13.8,50,
AL152020,OMAR,2020,Bronze,52,0,40,1003,0.74,30,,12.8,16.3,15.8,17.8,50,
AL232020,WILFRED,2020,Bronze,52,0,40,1006,1.35,60,,12.5,11.7,22.5,30.9,50,
AL102021,KATE,2021,Bronze,52,0,46,1004,0.65,24,,13.9,15.1,14.9,15.9,50,
AL092023,HAROLD,2023,Bronze,52,0,58,995,0.57,12,1,29,44.2,14.3,12.3,10,
AL032025,CHANTAL,2025,Bronze,52,0,58,1002,0.98,30,6,27.9,17.7,18.8,18.2,31.2,
AL051953,Tropical Storm Five,1953,Bronze,51,0,40,1007,0.74,30,,10.5,10.2,15.5,19.2,50,
AL151954,Tropical Storm Fifteen,1954,Bronze,51,0,40,1005,0.74,30,,11.6,13.3,15.9,18.9,50,
AL101966,JUDITH,1966,Bronze,51,0,46,1007,0.93,36,,13.3,9.6,18.2,20.4,50,
AL131966,Tropical Depression Thirteen,1966,Bronze,51,-1,29,1007,0,0,,1.1,8.9,0.5,0.6,50,
AL281967,Tropical Storm Twenty-Eight,1967,Bronze,51,0,40,1004,0.49,18,,13,15.9,12.9,14.2,50,
AL061968,Tropical Depression Six,1968,Bronze,51,-1,29,,0,0,,0.4,3.4,1.3,10,50,
AL111970,Tropical Depression Eleven,1970,Bronze,51,-1,29,,0,0,,1.6,3.6,1,7.6,50,
AL141970,Tropical Depression Fourteen,1970,Bronze,51,-1,29,,0,0,,1.7,3.3,1.1,5.2,50,
AL161972,Tropical Storm Sixteen,1972,Bronze,51,0,40,1012,1.1,72,,11,0.4,20,38.4,50,
AL111973,Tropical Storm Eleven,1973,Bronze,51,0,40,1001,0.37,12,,11.3,20.5,11.6,12.8,50,
AL171973,Tropical Storm Seventeen,1973,Bronze,51,0,40,1006,0.61,24,,11.1,11.8,14.5,15.6,50,
AL191973,Tropical Storm Nineteen,1973,Bronze,51,0,46,1007,0.44,12,,13.5,9.4,12.2,13,50,
AL031975,Tropical Depression Three,1975,Bronze,51,-1,35,1012,0,0,,2,0.6,2.8,6.1,50,
AL211975,Tropical Storm Twenty-One,1975,Bronze,51,0,40,1004,0.61,24,,12.8,15.9,14.6,15.6,50,
AL041976,Tropical Depression Four,1976,Bronze,51,-1,29,,0,0,,0.6,4.1,3.4,0.8,50,
AL051976,Tropical Depression Five,1976,Bronze,51,-1,29,,0,0,,1.9,4.1,3.4,0.9,50,
AL141976,Tropical Storm Fourteen,1976,Bronze,51,0,46,1011,0.65,24,,17.4,0.7,14.8,16.9,50,
AL111980,DANIELLE,1980,Bronze,51,0,58,1004,0.53,12,3,32.9,15.3,13.9,12.7,16.9,
AL031987,Tropical Storm Three,1987,Bronze,51,0,46,1007,0.6,18,,15.9,9.7,14.4,14.9,50,
AL011988,ALBERTO,1988,Bronze,51,0,40,1002,0.49,18,,10.6,18.1,12.5,13.9,50,
AL031988,CHRIS,1988,Bronze,51,0,52,1005,0.49,12,6,23.4,12.6,12.7,12.6,30.7,
AL101988,ISAAC,1988,Bronze,51,0,46,1005,0.41,12,,16.9,12.2,11.8,12.9,50,
AL071990,FRAN,1990,Bronze,51,0,40,1007,0.49,18,,12.1,9.7,13.6,14.8,50,
AL151999,KATRINA,1999,Bronze,51,0,40,999,0.25,6,,10.3,24.2,10.4,11.8,50,
AL142001,LORENZO,2001,Bronze,51,0,40,1007,0.74,30,,13.1,10.3,15.7,19,50,
AL022003,Tropical Depression Two,2003,Bronze,51,-1,35,1008,0,0,,2.6,2.4,2.4,3.6,50,
AL062003,Tropical Depression Six,2003,Bronze,51,-1,35,1010,0,0,,2.3,1,2.4,3.6,50,
AL122003,HENRI,2003,Bronze,51,0,58,997,0.53,12,0,27,42.7,13.9,13.2,2.6,
AL022005,BRET,2005,Bronze,51,0,40,1002,0.37,13.4,,10,18.4,11.5,13.3,50,
AL102005,TEN,2005,Bronze,51,-1,35,1008,0,0,,2.1,2.9,2.1,6.4,50,
AL112007,JERRY,2007,Bronze,51,0,40,1003,0.74,30,,10.8,16.8,15.5,17.3,50,
AL142007,MELISSA,2007,Bronze,51,0,40,1005,0.49,18,,11.2,12.1,13.2,14.1,50,
AL142008,NANA,2008,Bronze,51,0,40,1004,0.49,18,,12.9,16.2,12.6,13.7,50,
AL042009,CLAUDETTE,2009,Bronze,51,0,58,1005,0.73,18,2,35,13.5,15.3,14.3,15.2,
AL092010,GASTON,2010,Bronze,51,0,40,1005,0.25,6,,12.7,12.9,10.9,11.9,50,
AL072012,HELENE,2012,Bronze,51,0,46,1004,0.28,6,,17.7,14.6,11.2,11.7,50,
AL102012,JOYCE,2012,Bronze,51,0,40,1006,0.25,6,,12.9,11.6,10.7,11.9,50,
AL092014,HANNA,2014,Bronze,51,0,40,1000,0.25,10,,11,20.9,10.6,12.2,50,
AL022016,BONNIE,2016,Bronze,51,0,46,1006,1.06,162,2,15.8,11.3,19.4,69.8,14.3,
AL042016,DANIELLE,2016,Bronze,51,0,46,1007,0.41,16,,13.4,9.4,12,13.4,50,
AL082016,EIGHT,2016,Bronze,51,-1,35,1010,0,0,,2.8,1,0.2,10.3,50,
AL042017,FOUR,2017,Bronze,51,-1,29,1009,0,0,,1.8,1.3,0.2,10.4,50,
AL182017,PHILIPPE,2017,Bronze,51,0,40,1000,0.12,4,,13,21.7,10,11.7,50,
AL042019,CHANTAL,2019,Bronze,51,0,40,1007,0.49,18,,11.7,10.1,12.8,15.1,50,
AL122019,KAREN,2019,Bronze,51,0,46,1003,2.27,120,0,14.9,16.4,33.3,57.9,1.7,
AL102022,HERMINE,2022,Bronze,51,0,40,1003,0.37,12,,12.3,17.5,11.7,13.2,50,
AL212023,TWENTY-ONE,2023,Bronze,51,-1,29,1007,0,0,,0,9,0,0,50,
AL032024,CHRIS,2024,Bronze,51,0,46,1005,0.12,3,,18.6,13,10,11.6,50,
AL022025,BARRY,2025,Bronze,51,0,46,1006,0.41,12,,18.7,10.8,11.9,13.1,50,
AL031971,Tropical Depression Three,1971,Bronze,50,-1,29,1010,0,0,,0.1,0.9,1.8,7.3,50,
AL041972,Tropical Storm Four,1972,Bronze,50,0,40,1014,0.61,24,,10,0.2,14.5,15.7,50,
AL041974,Tropical Depression Four,1974,Bronze,50,-1,29,1013,0,0,,0.9,0.3,1.6,9.2,50,
AL111975,Tropical Depression Eleven,1975,Bronze,50,-1,29,1008,0,0,,0.5,2.5,3,1.1,50,
AL161975,Tropical Depression Sixteen,1975,Bronze,50,-1,29,1010,0,0,,0.5,1.1,3.1,1.1,50,
AL071984,BERTHA,1984,Bronze,50,0,40,1007,0.49,18,,10.8,9.1,13.6,13.8,50,
AL021988,BERYL,1988,Bronze,50,0,52,1001,1.05,30,1,23.4,20.2,19,19.8,10.8,
AL041995,DEAN,1995,Bronze,50,0,46,999,0.28,8,1,16,24.6,11.1,12.1,3.9,
AL111995,JERRY,1995,Bronze,50,0,40,1002,0.61,24,8,10.6,18.7,14.4,16.1,37.2,
AL081998,HERMINE,1998,Bronze,50,0,46,999,0.57,18,2,17.5,24.2,14.3,14.4,12.6,
AL012000,Tropical Depression One,2000,Bronze,50,-1,29,1008,0,0,,0.3,2,3.9,2.6,50,
AL062000,CHRIS,2000,Bronze,50,0,40,1008,0.12,0,,10.3,2.4,10.1,6.2,50,
AL082000,ERNESTO,2000,Bronze,50,0,40,1008,0.74,30,,10.2,2.2,15.7,17.5,50,
AL022001,Tropical Depression Two,2001,Bronze,50,-1,29,1010,0,0,,0.3,1.2,3.6,2.3,50,
AL072003,Tropical Depression Seven,2003,Bronze,50,-1,35,1016,0,0,,2.4,0,2.5,3.7,50,
AL112003,GRACE,2003,Bronze,50,0,40,1007,0.49,18,0,12.7,9.9,13,14.7,1.3,
AL132005,LEE,2005,Bronze,50,0,40,1006,0.25,6,,12.2,10.7,10.5,12,50,
AL032010,BONNIE,2010,Bronze,50,0,46,1005,0.41,15.2,1,18.2,12.1,12,13.4,7.8,
AL062017,EMILY,2017,Bronze,50,0,58,1001,0.61,18,0,34.1,19.8,14.7,13.6,2.2,
AL012019,ANDREA,2019,Bronze,50,0,40,1006,0.37,12,,11.7,11.1,11.5,12.3,50,
AL112019,IMELDA,2019,Bronze,50,0,46,1003,0.16,3,7,17,16.4,10.1,11.6,35.1,
AL022020,BERTHA,2020,Bronze,50,0,52,1005,0.36,7.5,1,23.2,12.3,11.3,12.1,9.1,
AL042021,DANNY,2021,Bronze,50,0,46,1009,0.41,17.3,,14.6,1.5,11.9,13.5,50,
AL192021,TERESA,2021,Bronze,50,0,46,1008,0.57,18,,14.7,2.3,14.1,14.2,50,
AL012025,ANDREA,2025,Bronze,50,0,40,1014,0.74,30,,12.2,0.2,15.6,17.9,50,
